season,week,celebrity_name,fan_vote_share,method
1,1,John O'Hurley,0.17803076600752146,rank
1,1,Kelly Monaco,0.17172297373948828,rank
1,1,Evander Holyfield,0.18853001808588243,rank
1,1,Rachel Hunter,0.197482134862076,rank
1,1,Joey McIntyre,0.17857811736390378,rank
1,1,Trista Sutter,0.08565598994112807,rank
1,2,John O'Hurley,0.17802854303839769,rank
1,2,Kelly Monaco,0.1878461326872407,rank
1,2,Evander Holyfield,0.17324031715348423,rank
1,2,Rachel Hunter,0.16159303123795826,rank
1,2,Joey McIntyre,0.17773613713596678,rank
1,2,Trista Sutter,0.1215558387469524,rank
1,3,John O'Hurley,0.19753027807542325,rank
1,3,Kelly Monaco,0.2486754941108149,rank
1,3,Evander Holyfield,0.1879974425393539,rank
1,3,Rachel Hunter,0.176024517486362,rank
1,3,Joey McIntyre,0.18977226778804604,rank
1,4,John O'Hurley,0.22634824716367075,rank
1,4,Kelly Monaco,0.3194292652632569,rank
1,4,Rachel Hunter,0.2218297694595065,rank
1,4,Joey McIntyre,0.23239271811356593,rank
1,5,John O'Hurley,0.3311194720932308,rank
1,5,Kelly Monaco,0.4599273528244255,rank
1,5,Joey McIntyre,0.20895317508234368,rank
1,6,John O'Hurley,0.4318888629199538,rank
1,6,Kelly Monaco,0.5681111370800462,rank
2,1,Tatum O'Neal,0.0968709132489071,rank
2,1,Tia Carrere,0.10646505685238983,rank
2,1,George Hamilton,0.11715576863930711,rank
2,1,Lisa Rinna,0.10855724686533848,rank
2,1,Stacy Keibler,0.1128752021792017,rank
2,1,Jerry Rice,0.09022158018544758,rank
2,1,Giselle Fernandez,0.0902807614521495,rank
2,1,Master P,0.10716836268515105,rank
2,1,Drew Lachey,0.09816917543029328,rank
2,1,Kenny Mayne,0.07223593246181437,rank
2,2,Tatum O'Neal,0.10219969638368694,rank
2,2,Tia Carrere,0.11042084563685194,rank
2,2,George Hamilton,0.12759734627789418,rank
2,2,Lisa Rinna,0.12258614908365688,rank
2,2,Stacy Keibler,0.10460165369216279,rank
2,2,Jerry Rice,0.09450061030721912,rank
2,2,Giselle Fernandez,0.11320539552415479,rank
2,2,Master P,0.1170792238950687,rank
2,2,Drew Lachey,0.10780907919930469,rank
2,3,Tia Carrere,0.13884360219080616,rank
2,3,George Hamilton,0.13505762928070184,rank
2,3,Lisa Rinna,0.12123888261147567,rank
2,3,Stacy Keibler,0.1314512817494526,rank
2,3,Jerry Rice,0.12450050362029556,rank
2,3,Giselle Fernandez,0.10551117449276104,rank
2,3,Master P,0.12565731768279742,rank
2,3,Drew Lachey,0.1177396083717098,rank
2,4,Tia Carrere,0.1463432188844836,rank
2,4,George Hamilton,0.12945565904864662,rank
2,4,Lisa Rinna,0.13771235405855947,rank
2,4,Stacy Keibler,0.16562434566395404,rank
2,4,Jerry Rice,0.15238818742978338,rank
2,4,Master P,0.11458669913595666,rank
2,4,Drew Lachey,0.15388953577861625,rank
2,5,Tia Carrere,0.14136476921169244,rank
2,5,George Hamilton,0.15977429745400407,rank
2,5,Lisa Rinna,0.13340968257118144,rank
2,5,Stacy Keibler,0.19110032287182113,rank
2,5,Jerry Rice,0.18583049997541073,rank
2,5,Drew Lachey,0.1885204279158903,rank
2,6,George Hamilton,0.17191843967808396,rank
2,6,Lisa Rinna,0.18408562965946387,rank
2,6,Stacy Keibler,0.2042143809513687,rank
2,6,Jerry Rice,0.23094606004282695,rank
2,6,Drew Lachey,0.20883548966825657,rank
2,7,Lisa Rinna,0.18163163869795657,rank
2,7,Stacy Keibler,0.2354050047245515,rank
2,7,Jerry Rice,0.29477281160698804,rank
2,7,Drew Lachey,0.2881905449705039,rank
2,8,Stacy Keibler,0.26953189629209734,rank
2,8,Jerry Rice,0.36012910796193875,rank
2,8,Drew Lachey,0.37033899574596385,rank
3,1,Harry Hamlin,0.12571250010170004,percent
3,1,Vivica A. Fox,0.09342704692809098,percent
3,1,Monique Coleman,0.07951025068263227,percent
3,1,Joey Lawrence,0.062181999902647306,percent
3,1,Mario Lopez,0.12095089181302267,percent
3,1,Emmitt Smith,0.09357717509714565,percent
3,1,Shanna Moakler,0.07018709665407949,percent
3,1,Willa Ford,0.1008033623321837,percent
3,1,Sara Evans,0.06957928035557753,percent
3,1,Jerry Springer,0.10869500076591697,percent
3,1,Tucker Carlson,0.07537539536700343,percent
3,2,Harry Hamlin,0.10983773514982154,percent
3,2,Vivica A. Fox,0.1057067310834462,percent
3,2,Monique Coleman,0.0813500280650076,percent
3,2,Joey Lawrence,0.0817662400432458,percent
3,2,Mario Lopez,0.12934404111462866,percent
3,2,Emmitt Smith,0.11124993382532418,percent
3,2,Shanna Moakler,0.07783644848647196,percent
3,2,Willa Ford,0.10694831724491395,percent
3,2,Sara Evans,0.08452105771172609,percent
3,2,Jerry Springer,0.11143946727541394,percent
3,3,Harry Hamlin,0.09324613000276201,percent
3,3,Vivica A. Fox,0.10272263527372279,percent
3,3,Monique Coleman,0.0996053722752078,percent
3,3,Joey Lawrence,0.10584468853916158,percent
3,3,Mario Lopez,0.11244532116748475,percent
3,3,Emmitt Smith,0.13685319960253242,percent
3,3,Willa Ford,0.12173764454144856,percent
3,3,Sara Evans,0.10878501351013713,percent
3,3,Jerry Springer,0.118759995087543,percent
3,4,Vivica A. Fox,0.10128780729953035,percent
3,4,Monique Coleman,0.1376986235823301,percent
3,4,Joey Lawrence,0.12423054335595841,percent
3,4,Mario Lopez,0.1173600039263986,percent
3,4,Emmitt Smith,0.13850643070122198,percent
3,4,Willa Ford,0.11638450486869732,percent
3,4,Sara Evans,0.12717093935300527,percent
3,4,Jerry Springer,0.13736114691285795,percent
3,5,Monique Coleman,0.16903580000194246,percent
3,5,Joey Lawrence,0.16872814076103512,percent
3,5,Mario Lopez,0.15839583285736827,percent
3,5,Emmitt Smith,0.12895874431411442,percent
3,5,Willa Ford,0.08529912850429647,percent
3,5,Sara Evans,0.12588922722290108,percent
3,5,Jerry Springer,0.16369312633834218,percent
3,6,Monique Coleman,0.2756131638791676,percent
3,6,Joey Lawrence,0.1809817031740773,percent
3,6,Mario Lopez,0.22034471999442137,percent
3,6,Emmitt Smith,0.11140906318658718,percent
3,6,Jerry Springer,0.21165134976574668,percent
3,7,Monique Coleman,0.20942845909917399,percent
3,7,Joey Lawrence,0.18284926567710375,percent
3,7,Mario Lopez,0.23181744207766988,percent
3,7,Emmitt Smith,0.18519625466295248,percent
3,7,Jerry Springer,0.19070857848310002,percent
3,8,Monique Coleman,0.21026172023492634,percent
3,8,Joey Lawrence,0.21532778040072048,percent
3,8,Mario Lopez,0.27409019419362785,percent
3,8,Emmitt Smith,0.30032030517072533,percent
3,9,Joey Lawrence,0.21510526639617647,percent
3,9,Mario Lopez,0.3545504904928026,percent
3,9,Emmitt Smith,0.43034424311102093,percent
3,10,Mario Lopez,0.4643372983974733,percent
3,10,Emmitt Smith,0.5356627016025268,percent
4,1,John Ratzenberger,0.09432357487509309,percent
4,1,Ian Ziering,0.20341793538092448,percent
4,1,Clyde Drexler,0.03895436354795035,percent
4,1,Laila Ali,0.09923389971514086,percent
4,1,Apolo Anton Ohno,0.0969762865138794,percent
4,1,Shandi Finnessey,0.060687539062338515,percent
4,1,Paulina Porizkova,0.054544309816936525,percent
4,1,Heather Mills,0.07114138774944892,percent
4,1,Billy Ray Cyrus,0.1725493697582027,percent
4,1,Joey Fatone,0.08587234978523195,percent
4,1,Leeza Gibbons,0.022298983794853174,percent
4,2,John Ratzenberger,0.07915056761375343,percent
4,2,Ian Ziering,0.10698827215568879,percent
4,2,Clyde Drexler,0.10303319087600336,percent
4,2,Laila Ali,0.08977523106913689,percent
4,2,Apolo Anton Ohno,0.0773053733052421,percent
4,2,Shandi Finnessey,0.09751290279299461,percent
4,2,Paulina Porizkova,0.07286492381107633,percent
4,2,Heather Mills,0.10195771356019653,percent
4,2,Billy Ray Cyrus,0.10285914120603565,percent
4,2,Joey Fatone,0.09125966378092434,percent
4,2,Leeza Gibbons,0.077293019828948,percent
4,3,John Ratzenberger,0.09925696729969986,percent
4,3,Ian Ziering,0.08735010240970417,percent
4,3,Clyde Drexler,0.11861052167531203,percent
4,3,Laila Ali,0.13848739878819213,percent
4,3,Apolo Anton Ohno,0.08809558431787023,percent
4,3,Shandi Finnessey,0.08024132157539318,percent
4,3,Heather Mills,0.0999052214529458,percent
4,3,Billy Ray Cyrus,0.09104016673977851,percent
4,3,Joey Fatone,0.09642123992134216,percent
4,3,Leeza Gibbons,0.10059147581976198,percent
4,4,John Ratzenberger,0.10488928273472416,percent
4,4,Ian Ziering,0.11702142417403778,percent
4,4,Clyde Drexler,0.13378917421083483,percent
4,4,Laila Ali,0.1450361542054178,percent
4,4,Apolo Anton Ohno,0.09019788744766127,percent
4,4,Heather Mills,0.10651779061195994,percent
4,4,Billy Ray Cyrus,0.08857630485649216,percent
4,4,Joey Fatone,0.113760867352651,percent
4,4,Leeza Gibbons,0.10021111440622113,percent
4,5,John Ratzenberger,0.10853273796952084,percent
4,5,Ian Ziering,0.12355771016841752,percent
4,5,Clyde Drexler,0.12363020549917973,percent
4,5,Laila Ali,0.15160754875440463,percent
4,5,Apolo Anton Ohno,0.1383442220041534,percent
4,5,Heather Mills,0.11174179126133697,percent
4,5,Billy Ray Cyrus,0.1187629639027445,percent
4,5,Joey Fatone,0.1238228204402425,percent
4,6,John Ratzenberger,0.1350333909954577,percent
4,6,Ian Ziering,0.13582919779860164,percent
4,6,Laila Ali,0.1704807678905068,percent
4,6,Apolo Anton Ohno,0.16132907185336973,percent
4,6,Heather Mills,0.10514662705560195,percent
4,6,Billy Ray Cyrus,0.15088172392825444,percent
4,6,Joey Fatone,0.14129922047820787,percent
4,7,John Ratzenberger,0.1332006852885553,percent
4,7,Ian Ziering,0.1769999190727357,percent
4,7,Laila Ali,0.19548679132462116,percent
4,7,Apolo Anton Ohno,0.1840656527653933,percent
4,7,Billy Ray Cyrus,0.1559493226912699,percent
4,7,Joey Fatone,0.15429762885742485,percent
4,8,Ian Ziering,0.19498458923052978,percent
4,8,Laila Ali,0.196342725608626,percent
4,8,Apolo Anton Ohno,0.22144360504378555,percent
4,8,Billy Ray Cyrus,0.18176991604939316,percent
4,8,Joey Fatone,0.20545916406766554,percent
4,9,Ian Ziering,0.19097703577380118,percent
4,9,Laila Ali,0.2469795252903808,percent
4,9,Apolo Anton Ohno,0.2789199971105045,percent
4,9,Joey Fatone,0.28312344182531346,percent
4,10,Laila Ali,0.3020015701280857,percent
4,10,Apolo Anton Ohno,0.33576397864973756,percent
4,10,Joey Fatone,0.3622344512221766,percent
5,1,Cameron Mathison,0.09976032903792494,percent
5,1,Jane Seymour,0.09705112383435273,percent
5,1,Sabrina Bryan,0.07615252685233607,percent
5,1,Jennie Garth,0.1237938392936368,percent
5,1,Floyd Mayweather Jr. ,0.0672928763573551,percent
5,1,Josie Maran,0.05752275653040288,percent
5,1,Albert Reed,0.06864211533454558,percent
5,1,Helio Castroneves,0.10413340618527668,percent
5,1,Mel B,0.058184961598513586,percent
5,1,Wayne Newton,0.08914991207249794,percent
5,1,Marie Osmond,0.07046094746645605,percent
5,1,Mark Cuban,0.08785520543670172,percent
5,2,Cameron Mathison,0.09151400838791232,percent
5,2,Jane Seymour,0.1142894215091612,percent
5,2,Sabrina Bryan,0.08814754901014614,percent
5,2,Jennie Garth,0.11063449350091381,percent
5,2,Floyd Mayweather Jr. ,0.07719408258877593,percent
5,2,Albert Reed,0.05475171217317743,percent
5,2,Helio Castroneves,0.08993263933432646,percent
5,2,Mel B,0.10178495342200437,percent
5,2,Wayne Newton,0.09452513297881561,percent
5,2,Marie Osmond,0.07410330850645497,percent
5,2,Mark Cuban,0.10312269858831186,percent
5,3,Cameron Mathison,0.08776556297952366,percent
5,3,Jane Seymour,0.11989832361484842,percent
5,3,Sabrina Bryan,0.10627918526320568,percent
5,3,Jennie Garth,0.09773161594064568,percent
5,3,Floyd Mayweather Jr. ,0.1098168586663136,percent
5,3,Helio Castroneves,0.10613633226735382,percent
5,3,Mel B,0.09449852727002891,percent
5,3,Wayne Newton,0.08399459633385986,percent
5,3,Marie Osmond,0.08830181649015138,percent
5,3,Mark Cuban,0.10557718117406886,percent
5,4,Cameron Mathison,0.1085010757874163,percent
5,4,Jane Seymour,0.11960175556487813,percent
5,4,Sabrina Bryan,0.11157500060544291,percent
5,4,Jennie Garth,0.11176104623104845,percent
5,4,Floyd Mayweather Jr. ,0.09424480275829583,percent
5,4,Helio Castroneves,0.10204628090350062,percent
5,4,Mel B,0.11867978887360324,percent
5,4,Marie Osmond,0.11847175815406973,percent
5,4,Mark Cuban,0.11511849112174488,percent
5,5,Cameron Mathison,0.12436614306516232,percent
5,5,Jane Seymour,0.10792544003433313,percent
5,5,Sabrina Bryan,0.11077719742245908,percent
5,5,Jennie Garth,0.13666401520263186,percent
5,5,Helio Castroneves,0.14281353674491987,percent
5,5,Mel B,0.14616564194328763,percent
5,5,Marie Osmond,0.14600977951281827,percent
5,5,Mark Cuban,0.08527824607438791,percent
5,6,Cameron Mathison,0.1253429763143504,percent
5,6,Jane Seymour,0.13073151998297292,percent
5,6,Sabrina Bryan,0.10313923780576918,percent
5,6,Jennie Garth,0.155359809969359,percent
5,6,Helio Castroneves,0.16141671202768418,percent
5,6,Mel B,0.1817516552604664,percent
5,6,Marie Osmond,0.14225808863939793,percent
5,7,Cameron Mathison,0.13782055721897615,percent
5,7,Jane Seymour,0.13508177094637272,percent
5,7,Jennie Garth,0.17261304903129232,percent
5,7,Helio Castroneves,0.18681390455079458,percent
5,7,Mel B,0.1776008577076574,percent
5,7,Marie Osmond,0.19006986054490688,percent
5,8,Cameron Mathison,0.1410500048237123,percent
5,8,Jennie Garth,0.1923736349229248,percent
5,8,Helio Castroneves,0.22790793553042527,percent
5,8,Mel B,0.2055785359289172,percent
5,8,Marie Osmond,0.23308988879402048,percent
5,9,Jennie Garth,0.1822567166641069,percent
5,9,Helio Castroneves,0.28264041585182254,percent
5,9,Mel B,0.24458541295733877,percent
5,9,Marie Osmond,0.29051745452673183,percent
5,10,Helio Castroneves,0.3399312494283334,percent
5,10,Mel B,0.2961600905159091,percent
5,10,Marie Osmond,0.36390866005575756,percent
6,1,Cristian de la Fuente,0.01548335423723542,percent
6,1,Steve Guttenberg,0.20498024250993516,percent
6,1,Priscilla Presley,0.08930098549650341,percent
6,1,Marlee Matlin,0.1487211543570618,percent
6,1,Shannon Elizabeth,0.05311766908805443,percent
6,1,Marissa Jaret Winokur,0.11352872217687572,percent
6,1,Jason Taylor,0.0005524088894244753,percent
6,1,Kristi Yamaguchi,0.09812492890638602,percent
6,1,Monica Seles,0.04524430294408187,percent
6,1,Penn Jillette,0.12859093431373225,percent
6,1,Adam Carolla,0.040728156910663796,percent
6,1,Mario,0.061627140170045724,percent
6,2,Cristian de la Fuente,0.01490730675551102,percent
6,2,Steve Guttenberg,0.09737310784809772,percent
6,2,Priscilla Presley,0.20367467067245734,percent
6,2,Marlee Matlin,0.03919482608615458,percent
6,2,Shannon Elizabeth,0.163006396753965,percent
6,2,Marissa Jaret Winokur,0.12135617785473245,percent
6,2,Jason Taylor,0.04249998916645493,percent
6,2,Kristi Yamaguchi,0.14697347739834377,percent
6,2,Monica Seles,0.032084437162467554,percent
6,2,Penn Jillette,0.02429803234975828,percent
6,2,Adam Carolla,0.05659552904679675,percent
6,2,Mario,0.058036048905260665,percent
6,3,Cristian de la Fuente,0.08374139614209165,percent
6,3,Steve Guttenberg,0.09198988411140667,percent
6,3,Priscilla Presley,0.08959377732153506,percent
6,3,Marlee Matlin,0.10399173146299545,percent
6,3,Shannon Elizabeth,0.0862096202186353,percent
6,3,Marissa Jaret Winokur,0.12250924655572173,percent
6,3,Jason Taylor,0.11470560518947455,percent
6,3,Kristi Yamaguchi,0.10239300664548769,percent
6,3,Adam Carolla,0.09216657208032153,percent
6,3,Mario,0.11269916027233044,percent
6,4,Cristian de la Fuente,0.10797677114423522,percent
6,4,Priscilla Presley,0.13791209605800395,percent
6,4,Marlee Matlin,0.1120597803952238,percent
6,4,Shannon Elizabeth,0.1287514519258245,percent
6,4,Marissa Jaret Winokur,0.11307109007171633,percent
6,4,Jason Taylor,0.09401638704586297,percent
6,4,Kristi Yamaguchi,0.10170796171793603,percent
6,4,Adam Carolla,0.09731868451791724,percent
6,4,Mario,0.10718577712328,percent
6,5,Cristian de la Fuente,0.11926650131161497,percent
6,5,Priscilla Presley,0.12259093644365561,percent
6,5,Marlee Matlin,0.1321823386206296,percent
6,5,Shannon Elizabeth,0.13459812637301385,percent
6,5,Marissa Jaret Winokur,0.12739232826242544,percent
6,5,Jason Taylor,0.12484327656592208,percent
6,5,Kristi Yamaguchi,0.1123904132372919,percent
6,5,Mario,0.1267360791854467,percent
6,6,Cristian de la Fuente,0.14863924820375987,percent
6,6,Marlee Matlin,0.12643617250091047,percent
6,6,Shannon Elizabeth,0.1483424325297378,percent
6,6,Marissa Jaret Winokur,0.15804661661686303,percent
6,6,Jason Taylor,0.1303487432139242,percent
6,6,Kristi Yamaguchi,0.15078293798900777,percent
6,6,Mario,0.1374038489457969,percent
6,7,Cristian de la Fuente,0.17184756993077296,percent
6,7,Shannon Elizabeth,0.1337834487248872,percent
6,7,Marissa Jaret Winokur,0.16524990171329956,percent
6,7,Jason Taylor,0.17887327448582419,percent
6,7,Kristi Yamaguchi,0.17905528782184585,percent
6,7,Mario,0.17119051732337023,percent
6,8,Cristian de la Fuente,0.19259162601703522,percent
6,8,Marissa Jaret Winokur,0.18963230997249855,percent
6,8,Jason Taylor,0.22252099444482948,percent
6,8,Kristi Yamaguchi,0.24360750632449318,percent
6,8,Mario,0.15164756324114365,percent
6,9,Cristian de la Fuente,0.2120161401735677,percent
6,9,Marissa Jaret Winokur,0.2052901218228094,percent
6,9,Jason Taylor,0.28639372200223795,percent
6,9,Kristi Yamaguchi,0.296300016001385,percent
6,10,Cristian de la Fuente,0.2584939753655467,percent
6,10,Jason Taylor,0.37306864769016285,percent
6,10,Kristi Yamaguchi,0.36843737694429046,percent
7,1,Ted McGinley,0.02245966398997042,percent
7,1,Cloris Leachman,0.05517582267162493,percent
7,1,Susan Lucci,0.03275274519594359,percent
7,1,Cody Linley,0.027557159252325675,percent
7,1,Misty May-Treanor,0.16350010324196484,percent
7,1,Maurice Greene,0.2044633159795458,percent
7,1,Warren Sapp,0.0565393160200713,percent
7,1,Jeffrey Ross,0.04824818112811376,percent
7,1,Toni Braxton,0.07318421918904036,percent
7,1,Lance Bass,0.10221177392976818,percent
7,1,Kim Kardashian,0.07835518673185295,percent
7,1,Rocco DiSpirito,0.03597425897820601,percent
7,1,Brooke Burke,0.09957825369157214,percent
7,2,Cloris Leachman,0.09413994688155942,percent
7,2,Susan Lucci,0.1064238508658409,percent
7,2,Cody Linley,0.08538348790858705,percent
7,2,Misty May-Treanor,0.06329048644911073,percent
7,2,Maurice Greene,0.10355795663866967,percent
7,2,Warren Sapp,0.06947429434865915,percent
7,2,Toni Braxton,0.10700405958387049,percent
7,2,Lance Bass,0.09507303872978658,percent
7,2,Kim Kardashian,0.06635280520568027,percent
7,2,Rocco DiSpirito,0.10162703585590395,percent
7,2,Brooke Burke,0.10767303753233186,percent
7,3,Cloris Leachman,0.11619053690291077,percent
7,3,Susan Lucci,0.13964704080041365,percent
7,3,Cody Linley,0.05184410764232278,percent
7,3,Maurice Greene,0.12011369912571099,percent
7,3,Warren Sapp,0.04220789810426591,percent
7,3,Toni Braxton,0.1638692019456364,percent
7,3,Lance Bass,0.06699738485359968,percent
7,3,Rocco DiSpirito,0.09506309840628085,percent
7,3,Brooke Burke,0.2040670322188591,percent
7,4,Cloris Leachman,0.10294550744717981,percent
7,4,Susan Lucci,0.12217296774046076,percent
7,4,Cody Linley,0.07179326198026605,percent
7,4,Maurice Greene,0.13760402931575458,percent
7,4,Warren Sapp,0.07989473845189748,percent
7,4,Toni Braxton,0.11618494897537318,percent
7,4,Lance Bass,0.12642930571052496,percent
7,4,Rocco DiSpirito,0.08215152348819814,percent
7,4,Brooke Burke,0.16082371689034508,percent
7,5,Cloris Leachman,0.12377083954761302,percent
7,5,Susan Lucci,0.1378916974578622,percent
7,5,Cody Linley,0.1038453179847571,percent
7,5,Maurice Greene,0.13770848616390716,percent
7,5,Warren Sapp,0.11054913544498605,percent
7,5,Toni Braxton,0.0945830224180561,percent
7,5,Lance Bass,0.13645276662930678,percent
7,5,Brooke Burke,0.15519873435351156,percent
7,6,Cloris Leachman,0.12650557542806168,percent
7,6,Susan Lucci,0.1393394444984684,percent
7,6,Cody Linley,0.13065324727281727,percent
7,6,Maurice Greene,0.15252946996056835,percent
7,6,Warren Sapp,0.1533320558653868,percent
7,6,Lance Bass,0.14050989198211952,percent
7,6,Brooke Burke,0.157130314992578,percent
7,7,Susan Lucci,0.1490952662857024,percent
7,7,Cody Linley,0.16745281313126872,percent
7,7,Maurice Greene,0.16394706218660068,percent
7,7,Warren Sapp,0.17189929543006607,percent
7,7,Lance Bass,0.15253398648126668,percent
7,7,Brooke Burke,0.1950715764850953,percent
7,8,Cody Linley,0.1819978112581106,percent
7,8,Maurice Greene,0.1616426410646605,percent
7,8,Warren Sapp,0.21849232573830846,percent
7,8,Lance Bass,0.2018677479519624,percent
7,8,Brooke Burke,0.23599947398695803,percent
7,9,Cody Linley,0.20037390431205215,percent
7,9,Warren Sapp,0.2683742334934981,percent
7,9,Lance Bass,0.2564321001680544,percent
7,9,Brooke Burke,0.2748197620263954,percent
7,10,Warren Sapp,0.3549075437623724,percent
7,10,Lance Bass,0.30667304627241887,percent
7,10,Brooke Burke,0.3384194099652088,percent
8,1,Gilles Marini,0.03253673782320277,percent
8,1,Denise Richards,0.037022581399746964,percent
8,1,David Alan Grier,0.07443186461896466,percent
8,1,Lawrence Taylor,0.1300092757574124,percent
8,1,Ty Murray,0.026192763287005053,percent
8,1,Shawn Johnson,0.08317213428655962,percent
8,1,Steve Wozniak,0.1554147573253625,percent
8,1,Belinda Carlisle,0.060546576506887294,percent
8,1,Chuck Wicks,0.10008363181400301,percent
8,1,Lil' Kim,0.12184646449159904,percent
8,1,Steve-O,0.02058998313690926,percent
8,1,Holly Madison,0.048709551049076774,percent
8,1,Melissa Rycroft,0.10944367850327076,percent
8,2,Gilles Marini,0.0669206605619803,percent
8,2,Denise Richards,0.05698197934310258,percent
8,2,David Alan Grier,0.08619703578858771,percent
8,2,Lawrence Taylor,0.09398570912914657,percent
8,2,Ty Murray,0.0640509810277979,percent
8,2,Shawn Johnson,0.07491219360358807,percent
8,2,Steve Wozniak,0.1043416646651418,percent
8,2,Belinda Carlisle,0.06180787069764186,percent
8,2,Chuck Wicks,0.08055793276968987,percent
8,2,Lil' Kim,0.07335061909921176,percent
8,2,Steve-O,0.08143710985927202,percent
8,2,Holly Madison,0.06624083486958297,percent
8,2,Melissa Rycroft,0.08921540858525649,percent
8,3,Gilles Marini,0.08688576178823539,percent
8,3,Denise Richards,0.06128866963065142,percent
8,3,David Alan Grier,0.08435180953381596,percent
8,3,Lawrence Taylor,0.07393138759865665,percent
8,3,Ty Murray,0.07023748693299124,percent
8,3,Shawn Johnson,0.08234642757865103,percent
8,3,Steve Wozniak,0.12033536585228265,percent
8,3,Chuck Wicks,0.09549766934197146,percent
8,3,Lil' Kim,0.08472295282966939,percent
8,3,Steve-O,0.06550560263604278,percent
8,3,Holly Madison,0.0831835143417783,percent
8,3,Melissa Rycroft,0.09171335193525365,percent
8,4,Gilles Marini,0.09090909090909091,percent
8,4,David Alan Grier,0.09090909090909091,percent
8,4,Lawrence Taylor,0.09090909090909091,percent
8,4,Ty Murray,0.09090909090909091,percent
8,4,Shawn Johnson,0.09090909090909091,percent
8,4,Steve Wozniak,0.09090909090909091,percent
8,4,Chuck Wicks,0.09090909090909091,percent
8,4,Lil' Kim,0.09090909090909091,percent
8,4,Steve-O,0.09090909090909091,percent
8,4,Holly Madison,0.09090909090909091,percent
8,4,Melissa Rycroft,0.09090909090909091,percent
8,5,Gilles Marini,0.13891417955634877,percent
8,5,David Alan Grier,0.08018109755468023,percent
8,5,Lawrence Taylor,0.11443131421002815,percent
8,5,Ty Murray,0.12846785101185887,percent
8,5,Shawn Johnson,0.10667757206441929,percent
8,5,Chuck Wicks,0.10828937827888503,percent
8,5,Lil' Kim,0.10985466413389279,percent
8,5,Steve-O,0.1052660055651727,percent
8,5,Melissa Rycroft,0.1079179376247143,percent
8,6,Gilles Marini,0.14882440209569284,percent
8,6,Lawrence Taylor,0.11276962213872767,percent
8,6,Ty Murray,0.11333155524287264,percent
8,6,Shawn Johnson,0.14404156748286598,percent
8,6,Chuck Wicks,0.10575737955211952,percent
8,6,Lil' Kim,0.12800680326931613,percent
8,6,Steve-O,0.10144010825070843,percent
8,6,Melissa Rycroft,0.14582856196769678,percent
8,7,Gilles Marini,0.17389700143656997,percent
8,7,Lawrence Taylor,0.11255581012579646,percent
8,7,Ty Murray,0.10074764793354685,percent
8,7,Shawn Johnson,0.16669136505424523,percent
8,7,Chuck Wicks,0.11620888078640972,percent
8,7,Lil' Kim,0.1564951617437773,percent
8,7,Melissa Rycroft,0.17340413291965456,percent
8,8,Gilles Marini,0.17355189049080894,percent
8,8,Ty Murray,0.15152888393039052,percent
8,8,Shawn Johnson,0.19246556792969133,percent
8,8,Chuck Wicks,0.1218501941526238,percent
8,8,Lil' Kim,0.1371391809851315,percent
8,8,Melissa Rycroft,0.223464282511354,percent
8,9,Gilles Marini,0.21310609644803438,percent
8,9,Ty Murray,0.17333325145715445,percent
8,9,Shawn Johnson,0.2234002014932021,percent
8,9,Lil' Kim,0.14200667771178158,percent
8,9,Melissa Rycroft,0.24815377288982743,percent
8,10,Gilles Marini,0.25019255755979053,percent
8,10,Ty Murray,0.18037354566916355,percent
8,10,Shawn Johnson,0.28651769723411463,percent
8,10,Melissa Rycroft,0.2829161995369313,percent
8,11,Gilles Marini,0.3230989125804474,percent
8,11,Shawn Johnson,0.3512608237835035,percent
8,11,Melissa Rycroft,0.3256402636360491,percent
9,1,Ashley Hamiliton,0.0169105143676301,percent
9,1,Debi Mazar,0.0744721010022501,percent
9,1,Melissa Joan Hart,0.07134409460650855,percent
9,1,Mark Dacascos,0.05619539452761512,percent
9,1,Chuck Liddell,0.0735389447801953,percent
9,1,Natalie Coughlin,0.07028501522651323,percent
9,1,Louie Vito,0.07432161592537556,percent
9,1,Michael Irvin,0.0705413250656628,percent
9,1,Joanna Krupa,0.07208064689807066,percent
9,1,Kathy Ireland,0.06141356497021274,percent
9,1,Tom DeLay,0.06975440264244057,percent
9,1,Macy Gray,0.016909397645824616,percent
9,1,Aaron Carter,0.0748976481582231,percent
9,1,Mya,0.06138374032273409,percent
9,1,Donny Osmond,0.07465051322224056,percent
9,1,Kelly Osbourne,0.06130108063850299,percent
9,2,Debi Mazar,0.06724019523869122,percent
9,2,Melissa Joan Hart,0.07550228374803725,percent
9,2,Mark Dacascos,0.06175628280628156,percent
9,2,Chuck Liddell,0.07431045905136961,percent
9,2,Natalie Coughlin,0.0645262808604115,percent
9,2,Louie Vito,0.07474427857500197,percent
9,2,Michael Irvin,0.07383484986058843,percent
9,2,Joanna Krupa,0.07962457602439388,percent
9,2,Kathy Ireland,0.06019995192092312,percent
9,2,Tom DeLay,0.06922784021341981,percent
9,2,Aaron Carter,0.08735883241151998,percent
9,2,Mya,0.07062828765547079,percent
9,2,Donny Osmond,0.06513499536511735,percent
9,2,Kelly Osbourne,0.07591088626877363,percent
9,3,Debi Mazar,0.05726125953646689,percent
9,3,Melissa Joan Hart,0.06527244538049602,percent
9,3,Mark Dacascos,0.06946678102124677,percent
9,3,Chuck Liddell,0.07087084540165615,percent
9,3,Natalie Coughlin,0.0724017616284138,percent
9,3,Louie Vito,0.07359198035092222,percent
9,3,Michael Irvin,0.10217772663973289,percent
9,3,Joanna Krupa,0.08139613545850954,percent
9,3,Tom DeLay,0.06580259447059725,percent
9,3,Aaron Carter,0.0976077747824379,percent
9,3,Mya,0.06782437582947745,percent
9,3,Donny Osmond,0.08427962160762756,percent
9,3,Kelly Osbourne,0.0920466978924156,percent
9,4,Melissa Joan Hart,0.10209086154798616,percent
9,4,Mark Dacascos,0.08267981914569858,percent
9,4,Chuck Liddell,0.07094755272773685,percent
9,4,Natalie Coughlin,0.07795629131559566,percent
9,4,Louie Vito,0.07668195117197135,percent
9,4,Michael Irvin,0.10238089375105497,percent
9,4,Joanna Krupa,0.09630865053520264,percent
9,4,Aaron Carter,0.10217680837725779,percent
9,4,Mya,0.08569840877808978,percent
9,4,Donny Osmond,0.0973060996224556,percent
9,4,Kelly Osbourne,0.10577266302695057,percent
9,5,Melissa Joan Hart,0.09586597487523046,percent
9,5,Mark Dacascos,0.12290965227919434,percent
9,5,Natalie Coughlin,0.066095992294096,percent
9,5,Louie Vito,0.11251290760835639,percent
9,5,Michael Irvin,0.10133404047367808,percent
9,5,Joanna Krupa,0.11790477645023516,percent
9,5,Aaron Carter,0.09945542192442172,percent
9,5,Mya,0.08293860875026435,percent
9,5,Donny Osmond,0.10751754531571645,percent
9,5,Kelly Osbourne,0.09346508002880709,percent
9,6,Melissa Joan Hart,0.0168171966469563,percent
9,6,Mark Dacascos,0.11499994430880396,percent
9,6,Louie Vito,0.01681883885867163,percent
9,6,Michael Irvin,0.16485381279692,percent
9,6,Joanna Krupa,0.1420733744708866,percent
9,6,Aaron Carter,0.1294095608658911,percent
9,6,Mya,0.12952437153374452,percent
9,6,Donny Osmond,0.12263788641472471,percent
9,6,Kelly Osbourne,0.16286501410340104,percent
9,7,Mark Dacascos,0.029932771145973952,percent
9,7,Michael Irvin,0.01853455555600034,percent
9,7,Joanna Krupa,0.1944063298427695,percent
9,7,Aaron Carter,0.18929552174528527,percent
9,7,Mya,0.19614680355618228,percent
9,7,Donny Osmond,0.18804329271724435,percent
9,7,Kelly Osbourne,0.1836407254365443,percent
9,8,Joanna Krupa,0.17999085119316557,percent
9,8,Aaron Carter,0.18169217036778376,percent
9,8,Mya,0.22021662856782698,percent
9,8,Donny Osmond,0.1981365502364187,percent
9,8,Kelly Osbourne,0.21996379963480495,percent
9,9,Joanna Krupa,0.18350889175648863,percent
9,9,Mya,0.27678795582046156,percent
9,9,Donny Osmond,0.24629913831992006,percent
9,9,Kelly Osbourne,0.2934040141031297,percent
9,10,Mya,0.3231028638278684,percent
9,10,Donny Osmond,0.2956571108219259,percent
9,10,Kelly Osbourne,0.3812400253502057,percent
10,1,Aiden Turner,0.07816596450054533,percent
10,1,Shannen Doherty,0.08695538562398482,percent
10,1,Niecy Nash,0.0971121008781801,percent
10,1,Buzz Aldrin,0.04431186600091378,percent
10,1,Chad Ochocinco,0.020706061078485355,percent
10,1,Evan Lysacek,0.174943535209744,percent
10,1,Pamela Anderson,0.04121740015395669,percent
10,1,Nicole Scherzinger,0.05666685010746916,percent
10,1,Erin Andrews,0.13794362545012767,percent
10,1,Kate Gosselin,0.05536699200039784,percent
10,1,Jake Pavelka,0.20661021899619522,percent
10,2,Aiden Turner,0.09839039545999097,percent
10,2,Shannen Doherty,0.05534673495256057,percent
10,2,Niecy Nash,0.09393096905546362,percent
10,2,Buzz Aldrin,0.0970232349339579,percent
10,2,Chad Ochocinco,0.08988100290643126,percent
10,2,Evan Lysacek,0.0842319415454223,percent
10,2,Pamela Anderson,0.11217226371150593,percent
10,2,Nicole Scherzinger,0.06951708432621845,percent
10,2,Erin Andrews,0.08619024188208144,percent
10,2,Kate Gosselin,0.08607252078718564,percent
10,2,Jake Pavelka,0.12724361043918186,percent
10,3,Aiden Turner,0.10351833589210944,percent
10,3,Niecy Nash,0.08435980749633266,percent
10,3,Buzz Aldrin,0.10168071639344059,percent
10,3,Chad Ochocinco,0.12220978372144398,percent
10,3,Evan Lysacek,0.07213529744640744,percent
10,3,Pamela Anderson,0.11814149200588411,percent
10,3,Nicole Scherzinger,0.0890466914324142,percent
10,3,Erin Andrews,0.08015254682089346,percent
10,3,Kate Gosselin,0.11630668272544836,percent
10,3,Jake Pavelka,0.11244864606562585,percent
10,4,Aiden Turner,0.08625242313087879,percent
10,4,Niecy Nash,0.1117628369631953,percent
10,4,Chad Ochocinco,0.13932516582626675,percent
10,4,Evan Lysacek,0.13577055570911956,percent
10,4,Pamela Anderson,0.08861005692204957,percent
10,4,Nicole Scherzinger,0.10484352484997986,percent
10,4,Erin Andrews,0.11489511408632719,percent
10,4,Kate Gosselin,0.1185201515380992,percent
10,4,Jake Pavelka,0.1000201709740839,percent
10,5,Niecy Nash,0.14196656261365304,percent
10,5,Chad Ochocinco,0.11807004079865079,percent
10,5,Evan Lysacek,0.13018428114036992,percent
10,5,Pamela Anderson,0.12722368049462335,percent
10,5,Nicole Scherzinger,0.11590049154739014,percent
10,5,Erin Andrews,0.13851260286563638,percent
10,5,Kate Gosselin,0.12115584441445748,percent
10,5,Jake Pavelka,0.10698649612521903,percent
10,6,Niecy Nash,0.14248209229036593,percent
10,6,Chad Ochocinco,0.13561312413037363,percent
10,6,Evan Lysacek,0.16553865454783698,percent
10,6,Pamela Anderson,0.14007055028468396,percent
10,6,Nicole Scherzinger,0.12542134887878256,percent
10,6,Erin Andrews,0.17036881089219455,percent
10,6,Jake Pavelka,0.12050541897576234,percent
10,7,Niecy Nash,0.15761043337138236,percent
10,7,Chad Ochocinco,0.16390047503094646,percent
10,7,Evan Lysacek,0.18120805171652773,percent
10,7,Pamela Anderson,0.1358944115523962,percent
10,7,Nicole Scherzinger,0.1532687266525648,percent
10,7,Erin Andrews,0.20811790167618252,percent
10,8,Niecy Nash,0.16747946503113456,percent
10,8,Chad Ochocinco,0.19483417439901532,percent
10,8,Evan Lysacek,0.2237740917549998,percent
10,8,Nicole Scherzinger,0.17527849514443541,percent
10,8,Erin Andrews,0.23863377367041494,percent
10,9,Chad Ochocinco,0.21774422499746066,percent
10,9,Evan Lysacek,0.2728089550173148,percent
10,9,Nicole Scherzinger,0.2218966441983129,percent
10,9,Erin Andrews,0.2875501757869118,percent
10,10,Evan Lysacek,0.36182828239921866,percent
10,10,Nicole Scherzinger,0.271173505157622,percent
10,10,Erin Andrews,0.3669982124431593,percent
11,1,David Hasselhoff,0.05407939557095828,percent
11,1,Florence Henderson,0.051916804847584076,percent
11,1,Kyle Massey,0.09454005062997523,percent
11,1,Jennifer Grey,0.08697247111459791,percent
11,1,Rick Fox,0.09692945692896913,percent
11,1,Kurt Warner,0.08910665918858116,percent
11,1,Margaret Cho,0.07770944430772712,percent
11,1,Michael Bolton,0.06910035000129298,percent
11,1,Brandy,0.1041654302906727,percent
11,1,The Situation,0.07464103968499423,percent
11,1,Audrina Patridge,0.09474417909130689,percent
11,1,Bristol Palin,0.1060947183433403,percent
11,2,Florence Henderson,0.06917366710500633,percent
11,2,Kyle Massey,0.09231823604511322,percent
11,2,Jennifer Grey,0.08956087908433298,percent
11,2,Rick Fox,0.0832909642780103,percent
11,2,Kurt Warner,0.08277665265554043,percent
11,2,Margaret Cho,0.10135104274969882,percent
11,2,Michael Bolton,0.07541813072825915,percent
11,2,Brandy,0.1052388687569583,percent
11,2,The Situation,0.10360283300403968,percent
11,2,Audrina Patridge,0.10673144118143904,percent
11,2,Bristol Palin,0.09053728441160178,percent
11,3,Florence Henderson,0.10870394869217984,percent
11,3,Kyle Massey,0.08483541998653207,percent
11,3,Jennifer Grey,0.11571290233593956,percent
11,3,Rick Fox,0.10327179544517422,percent
11,3,Kurt Warner,0.13240775211586667,percent
11,3,Margaret Cho,0.08097728503101197,percent
11,3,Brandy,0.09768552271173608,percent
11,3,The Situation,0.07905510518763682,percent
11,3,Audrina Patridge,0.09538715851951898,percent
11,3,Bristol Palin,0.1019631099744039,percent
11,4,Florence Henderson,0.09981865013414766,percent
11,4,Kyle Massey,0.0982229970003207,percent
11,4,Jennifer Grey,0.1298076895747442,percent
11,4,Rick Fox,0.12284284363196858,percent
11,4,Kurt Warner,0.1129105569369929,percent
11,4,Brandy,0.12732291448639008,percent
11,4,The Situation,0.08909084296485638,percent
11,4,Audrina Patridge,0.10714510181531992,percent
11,4,Bristol Palin,0.11283840345525976,percent
11,5,Florence Henderson,0.10851105696058709,percent
11,5,Kyle Massey,0.12369449358529017,percent
11,5,Jennifer Grey,0.13497338110871193,percent
11,5,Rick Fox,0.13542119001676506,percent
11,5,Kurt Warner,0.13472097600846647,percent
11,5,Brandy,0.10988768159985147,percent
11,5,Audrina Patridge,0.12144524193451756,percent
11,5,Bristol Palin,0.13134597878581028,percent
11,6,Kyle Massey,0.16749808425940674,percent
11,6,Jennifer Grey,0.1543675639092132,percent
11,6,Rick Fox,0.13864738918980365,percent
11,6,Kurt Warner,0.16131764628304865,percent
11,6,Brandy,0.11381088218008996,percent
11,6,Audrina Patridge,0.11195457512267043,percent
11,6,Bristol Palin,0.15240385905576745,percent
11,7,Kyle Massey,0.18726043693324784,percent
11,7,Jennifer Grey,0.1908887248174969,percent
11,7,Rick Fox,0.12988201205146446,percent
11,7,Kurt Warner,0.15544939832031193,percent
11,7,Brandy,0.15377033824446934,percent
11,7,Bristol Palin,0.1827490896330094,percent
11,8,Kyle Massey,0.22914390506602522,percent
11,8,Jennifer Grey,0.2258363366712154,percent
11,8,Kurt Warner,0.1596330203320649,percent
11,8,Brandy,0.16263920310705035,percent
11,8,Bristol Palin,0.2227475348236442,percent
11,9,Kyle Massey,0.2527411296104606,percent
11,9,Jennifer Grey,0.2713725673425889,percent
11,9,Brandy,0.1837729553798557,percent
11,9,Bristol Palin,0.2921133476670948,percent
11,10,Kyle Massey,0.31261735327498175,percent
11,10,Jennifer Grey,0.34312823525612235,percent
11,10,Bristol Palin,0.34425441146889607,percent
12,1,Ralph Macchio,0.0950166791776224,percent
12,1,Chelsea Kane,0.13815039008590999,percent
12,1,Kirstie Alley,0.12610699526070318,percent
12,1,Hines Ward,0.18353651972559792,percent
12,1,Sugar Ray Leonard,0.0070619605276349496,percent
12,1,Chris Jericho,0.0917226145663753,percent
12,1,Petra Nemcova,0.12146765081752771,percent
12,1,Mike Catherwood,0.006802751513955944,percent
12,1,Romeo,0.004725903560173704,percent
12,1,Wendy Williams,0.0995392371091921,percent
12,1,Kendra Wilkinson,0.12586929765530702,percent
12,2,Ralph Macchio,0.09010565157869845,percent
12,2,Chelsea Kane,0.10738494541495237,percent
12,2,Kirstie Alley,0.08239721559971397,percent
12,2,Hines Ward,0.1204256357200817,percent
12,2,Sugar Ray Leonard,0.08521406469345583,percent
12,2,Chris Jericho,0.1038640986380933,percent
12,2,Petra Nemcova,0.07411520542905659,percent
12,2,Mike Catherwood,0.0631613189241856,percent
12,2,Romeo,0.07225103130837754,percent
12,2,Wendy Williams,0.09646156863557007,percent
12,2,Kendra Wilkinson,0.10461926405781459,percent
12,3,Ralph Macchio,0.10561547718213847,percent
12,3,Chelsea Kane,0.09873440754091023,percent
12,3,Kirstie Alley,0.11819820476307617,percent
12,3,Hines Ward,0.10107400919997847,percent
12,3,Sugar Ray Leonard,0.1055586645501926,percent
12,3,Chris Jericho,0.09955251334970104,percent
12,3,Petra Nemcova,0.07998873470277985,percent
12,3,Romeo,0.08889672086350817,percent
12,3,Wendy Williams,0.07242830299035426,percent
12,3,Kendra Wilkinson,0.12995296485736083,percent
12,4,Ralph Macchio,0.13683705805896118,percent
12,4,Chelsea Kane,0.11006636541166001,percent
12,4,Kirstie Alley,0.10927960218844468,percent
12,4,Hines Ward,0.09427909121004845,percent
12,4,Sugar Ray Leonard,0.0979742419849364,percent
12,4,Chris Jericho,0.11815856771355222,percent
12,4,Petra Nemcova,0.09863659174862528,percent
12,4,Romeo,0.11529397038885394,percent
12,4,Kendra Wilkinson,0.11947451129491785,percent
12,5,Ralph Macchio,0.14446364052453284,percent
12,5,Chelsea Kane,0.13142529713296341,percent
12,5,Kirstie Alley,0.1242603152532486,percent
12,5,Hines Ward,0.11815816695814658,percent
12,5,Chris Jericho,0.1186541868233991,percent
12,5,Petra Nemcova,0.10860078230593753,percent
12,5,Romeo,0.12743963913067602,percent
12,5,Kendra Wilkinson,0.12699797187109593,percent
12,6,Ralph Macchio,0.1585032270006269,percent
12,6,Chelsea Kane,0.16597906206426394,percent
12,6,Kirstie Alley,0.1531415365492864,percent
12,6,Hines Ward,0.13717197819228702,percent
12,6,Chris Jericho,0.12609506790362698,percent
12,6,Romeo,0.13236100393971514,percent
12,6,Kendra Wilkinson,0.12674812435019356,percent
12,7,Ralph Macchio,0.1715277940090368,percent
12,7,Chelsea Kane,0.2006934087707084,percent
12,7,Kirstie Alley,0.17916897664324646,percent
12,7,Hines Ward,0.1734103846293337,percent
12,7,Romeo,0.1404972725444613,percent
12,7,Kendra Wilkinson,0.1347021634032134,percent
12,8,Ralph Macchio,0.18765751854844473,percent
12,8,Chelsea Kane,0.24221622257191344,percent
12,8,Kirstie Alley,0.21395742864458583,percent
12,8,Hines Ward,0.218110548467655,percent
12,8,Romeo,0.13805828176740104,percent
12,9,Ralph Macchio,0.2026847042178328,percent
12,9,Chelsea Kane,0.294189739023655,percent
12,9,Kirstie Alley,0.24709353399446193,percent
12,9,Hines Ward,0.2560320227640504,percent
12,10,Chelsea Kane,0.36448763984265165,percent
12,10,Kirstie Alley,0.3203838822051936,percent
12,10,Hines Ward,0.31512847795215476,percent
13,1,Elisabetta Canalis,0.07882392800081887,percent
13,1,David Arquette,0.0774824357466328,percent
13,1,Ricki Lake,0.10807826432853027,percent
13,1,J.R. Martinez,0.0868583165566693,percent
13,1,Metta World Peace (Ron),0.044921442382808645,percent
13,1,Hope Solo,0.08900361995167098,percent
13,1,Chynna Phillips,0.0728187074623024,percent
13,1,Kristin Cavallari,0.07596299376938213,percent
13,1,Carson Kressley,0.10622795488806383,percent
13,1,Chaz Bono,0.07488555076071635,percent
13,1,Nancy Grace,0.1031745381465526,percent
13,1,Rob Kardashian,0.0817622480058519,percent
13,2,Elisabetta Canalis,0.0650145148466758,percent
13,2,David Arquette,0.08274596980552985,percent
13,2,Ricki Lake,0.09790368016815446,percent
13,2,J.R. Martinez,0.10019585440718552,percent
13,2,Hope Solo,0.11215153078145818,percent
13,2,Chynna Phillips,0.06918055882173235,percent
13,2,Kristin Cavallari,0.09523401483083017,percent
13,2,Carson Kressley,0.084593113311761,percent
13,2,Chaz Bono,0.09279877382195968,percent
13,2,Nancy Grace,0.10471594504399782,percent
13,2,Rob Kardashian,0.09546604416071525,percent
13,3,David Arquette,0.08234518030316672,percent
13,3,Ricki Lake,0.09472288405768965,percent
13,3,J.R. Martinez,0.12819923235729572,percent
13,3,Hope Solo,0.1314307764197721,percent
13,3,Chynna Phillips,0.08343364987987026,percent
13,3,Kristin Cavallari,0.07010183571560984,percent
13,3,Carson Kressley,0.09601463173676249,percent
13,3,Chaz Bono,0.10004636576217694,percent
13,3,Nancy Grace,0.09589669556559369,percent
13,3,Rob Kardashian,0.11780874820206268,percent
13,4,David Arquette,0.10571787908879751,percent
13,4,Ricki Lake,0.10772366498091215,percent
13,4,J.R. Martinez,0.12670492160236435,percent
13,4,Hope Solo,0.12149700527377888,percent
13,4,Chynna Phillips,0.0797769301010275,percent
13,4,Carson Kressley,0.08965815772788752,percent
13,4,Chaz Bono,0.10986443589006957,percent
13,4,Nancy Grace,0.12976207498439152,percent
13,4,Rob Kardashian,0.12929493035077105,percent
13,5,David Arquette,0.12372074119233767,percent
13,5,Ricki Lake,0.12504263380551095,percent
13,5,J.R. Martinez,0.15728583244730077,percent
13,5,Hope Solo,0.132586510316177,percent
13,5,Carson Kressley,0.08707626794091747,percent
13,5,Chaz Bono,0.10910777402669383,percent
13,5,Nancy Grace,0.14197795843008273,percent
13,5,Rob Kardashian,0.12320228184097966,percent
13,6,David Arquette,0.1358738652865361,percent
13,6,Ricki Lake,0.1550435007229318,percent
13,6,J.R. Martinez,0.13761653558378123,percent
13,6,Hope Solo,0.15274578048598036,percent
13,6,Chaz Bono,0.12252278470071619,percent
13,6,Nancy Grace,0.135345452566168,percent
13,6,Rob Kardashian,0.16085208065388634,percent
13,7,David Arquette,0.1313172159924673,percent
13,7,Ricki Lake,0.21156342256596425,percent
13,7,J.R. Martinez,0.17649184879695884,percent
13,7,Hope Solo,0.14356330963467503,percent
13,7,Nancy Grace,0.14585053617958044,percent
13,7,Rob Kardashian,0.1912136668303542,percent
13,8,Ricki Lake,0.2448628870484207,percent
13,8,J.R. Martinez,0.21593952072000774,percent
13,8,Hope Solo,0.1751419191500708,percent
13,8,Nancy Grace,0.1460995647847755,percent
13,8,Rob Kardashian,0.21795610829672507,percent
13,9,Ricki Lake,0.2921335575615789,percent
13,9,J.R. Martinez,0.25946588558912503,percent
13,9,Hope Solo,0.1649448533269474,percent
13,9,Rob Kardashian,0.28345570352234867,percent
13,10,Ricki Lake,0.3547606228396646,percent
13,10,J.R. Martinez,0.2976104587315517,percent
13,10,Rob Kardashian,0.34762891842878363,percent
14,1,William Levy,0.10700085163741321,percent
14,1,Jack Wagner,0.10359825458407422,percent
14,1,Sherri Sheperd,0.0923944812678974,percent
14,1,Jaleel White,0.008606322394556177,percent
14,1,Roshon Fegan,0.05191690164447753,percent
14,1,Melissa Gilbert,0.120172714662906,percent
14,1,Martina Navratilova,0.10368313540370545,percent
14,1,Donald Driver,0.11069349436725,percent
14,1,Gavin DeGraw,0.04296856507024067,percent
14,1,Gladys Knight,0.1145267358829979,percent
14,1,Katherine Jenkins,0.14082248374606862,percent
14,1,Maria Menounos,0.0036160593384126794,percent
14,2,William Levy,0.06174542538707842,percent
14,2,Jack Wagner,0.09517115188332043,percent
14,2,Sherri Sheperd,0.07843274592623796,percent
14,2,Jaleel White,0.10632625026114864,percent
14,2,Roshon Fegan,0.07472034655638997,percent
14,2,Melissa Gilbert,0.07937911042666762,percent
14,2,Martina Navratilova,0.07310752222638159,percent
14,2,Donald Driver,0.08866420462258395,percent
14,2,Gavin DeGraw,0.10939909930460195,percent
14,2,Gladys Knight,0.07919070171311964,percent
14,2,Katherine Jenkins,0.09073684162874063,percent
14,2,Maria Menounos,0.0631266000637294,percent
14,3,William Levy,0.08133744316321914,percent
14,3,Jack Wagner,0.06637169534037748,percent
14,3,Sherri Sheperd,0.08547732886846782,percent
14,3,Jaleel White,0.08153334897731924,percent
14,3,Roshon Fegan,0.09811712550259374,percent
14,3,Melissa Gilbert,0.0793508925589618,percent
14,3,Donald Driver,0.09537493870175473,percent
14,3,Gavin DeGraw,0.13005065597242016,percent
14,3,Gladys Knight,0.0845305041724784,percent
14,3,Katherine Jenkins,0.09186635371052057,percent
14,3,Maria Menounos,0.10598971303188695,percent
14,4,William Levy,0.10167723196192084,percent
14,4,Sherri Sheperd,0.06619526850666156,percent
14,4,Jaleel White,0.09816384829688549,percent
14,4,Roshon Fegan,0.0895488271111456,percent
14,4,Melissa Gilbert,0.09722206586146745,percent
14,4,Donald Driver,0.0871888122222141,percent
14,4,Gavin DeGraw,0.11551902234400278,percent
14,4,Gladys Knight,0.09889635655892488,percent
14,4,Katherine Jenkins,0.12217223558492797,percent
14,4,Maria Menounos,0.12341633155184929,percent
14,5,William Levy,0.12697320287161987,percent
14,5,Jaleel White,0.08226834898729234,percent
14,5,Roshon Fegan,0.10625294256617507,percent
14,5,Melissa Gilbert,0.12120886884298397,percent
14,5,Donald Driver,0.10176625011154092,percent
14,5,Gavin DeGraw,0.10447978606472534,percent
14,5,Gladys Knight,0.11699950503034615,percent
14,5,Katherine Jenkins,0.10400171300828177,percent
14,5,Maria Menounos,0.13604938251703474,percent
14,6,William Levy,0.13882409591996372,percent
14,6,Jaleel White,0.11746770679448354,percent
14,6,Roshon Fegan,0.11836258985192577,percent
14,6,Melissa Gilbert,0.12307206954295635,percent
14,6,Donald Driver,0.14218585436465414,percent
14,6,Gladys Knight,0.10760429111124925,percent
14,6,Katherine Jenkins,0.11806795622439664,percent
14,6,Maria Menounos,0.1344154361903706,percent
14,7,William Levy,0.1769598506466753,percent
14,7,Jaleel White,0.09950792556028715,percent
14,7,Roshon Fegan,0.12738571590879846,percent
14,7,Melissa Gilbert,0.11224180295496027,percent
14,7,Donald Driver,0.16166914975177232,percent
14,7,Katherine Jenkins,0.14691607894164857,percent
14,7,Maria Menounos,0.17531947623585795,percent
14,8,William Levy,0.23308954994817618,percent
14,8,Roshon Fegan,0.04329337444628044,percent
14,8,Melissa Gilbert,0.05854129090579399,percent
14,8,Donald Driver,0.22150243039070977,percent
14,8,Katherine Jenkins,0.2377572838401928,percent
14,8,Maria Menounos,0.2058160704688469,percent
14,9,William Levy,0.28045359417433846,percent
14,9,Donald Driver,0.27814039527580703,percent
14,9,Katherine Jenkins,0.2644875672665695,percent
14,9,Maria Menounos,0.17691844328328496,percent
14,10,William Levy,0.32637679176451906,percent
14,10,Donald Driver,0.3485498229791964,percent
14,10,Katherine Jenkins,0.3250733852562846,percent
15,1,Gilles Marini,0.07252495000618177,percent
15,1,Sabrina Bryan,0.0845880554990669,percent
15,1,Kirstie Alley,0.06627983910247663,percent
15,1,Kelly Monaco,0.08872275216896512,percent
15,1,Apolo Anton Ohno,0.08204991981801088,percent
15,1,Emmitt Smith,0.07913798385531737,percent
15,1,Shawn Johnson,0.08811092479961333,percent
15,1,Pamela Anderson,0.06242483220125816,percent
15,1,Helio Castroneves,0.060337699056685436,percent
15,1,Joey Fatone,0.07364870009019794,percent
15,1,Drew Lachey,0.07212857040851482,percent
15,1,Bristol Palin,0.0745639364576558,percent
15,1,Melissa Rycroft,0.09548183653605594,percent
15,2,Gilles Marini,0.09279924638774802,percent
15,2,Sabrina Bryan,0.08903820632294422,percent
15,2,Kirstie Alley,0.07642084236645409,percent
15,2,Kelly Monaco,0.07898895172073192,percent
15,2,Apolo Anton Ohno,0.09366376936260089,percent
15,2,Emmitt Smith,0.07455169555588598,percent
15,2,Shawn Johnson,0.08979961687873064,percent
15,2,Helio Castroneves,0.060189574382100014,percent
15,2,Joey Fatone,0.05786518512551804,percent
15,2,Drew Lachey,0.08268846276799116,percent
15,2,Bristol Palin,0.1158444329538134,percent
15,2,Melissa Rycroft,0.0881500161754816,percent
15,3,Gilles Marini,0.11405521224283204,percent
15,3,Sabrina Bryan,0.09758436595677299,percent
15,3,Kirstie Alley,0.10035572352788628,percent
15,3,Kelly Monaco,0.11041468424456713,percent
15,3,Apolo Anton Ohno,0.12332252528461207,percent
15,3,Emmitt Smith,0.09576122354644895,percent
15,3,Shawn Johnson,0.08958504734970574,percent
15,3,Helio Castroneves,0.021970933270332078,percent
15,3,Drew Lachey,0.02736651149472287,percent
15,3,Bristol Palin,0.10883896984512063,percent
15,3,Melissa Rycroft,0.11074480323699912,percent
15,4,Gilles Marini,0.13859264358902,percent
15,4,Sabrina Bryan,0.11058543500135272,percent
15,4,Kirstie Alley,0.10362045267412912,percent
15,4,Kelly Monaco,0.11431456949640663,percent
15,4,Apolo Anton Ohno,0.09815322738384478,percent
15,4,Emmitt Smith,0.14139267017731616,percent
15,4,Shawn Johnson,0.1069042527442447,percent
15,4,Bristol Palin,0.07047941082191671,percent
15,4,Melissa Rycroft,0.11595733811176899,percent
15,5,Gilles Marini,0.14301708868397947,percent
15,5,Sabrina Bryan,0.12801522388187334,percent
15,5,Kirstie Alley,0.05651550267540822,percent
15,5,Kelly Monaco,0.19207019746315065,percent
15,5,Apolo Anton Ohno,0.09453326847666224,percent
15,5,Emmitt Smith,0.1157729881381964,percent
15,5,Shawn Johnson,0.14503022327158407,percent
15,5,Melissa Rycroft,0.12504550740914566,percent
15,6,Gilles Marini,0.13906871135040266,percent
15,6,Sabrina Bryan,0.09213744729776799,percent
15,6,Kirstie Alley,0.11388212284857618,percent
15,6,Kelly Monaco,0.14559483302659515,percent
15,6,Apolo Anton Ohno,0.12803277604436059,percent
15,6,Emmitt Smith,0.1235740590389842,percent
15,6,Shawn Johnson,0.14789062716359822,percent
15,6,Melissa Rycroft,0.10981942322971512,percent
15,7,Gilles Marini,0.0736885268445224,percent
15,7,Kirstie Alley,0.03646412126445435,percent
15,7,Kelly Monaco,0.19554589108917136,percent
15,7,Apolo Anton Ohno,0.1890326407510523,percent
15,7,Emmitt Smith,0.12936773444368677,percent
15,7,Shawn Johnson,0.2396658418226723,percent
15,7,Melissa Rycroft,0.1362352437844407,percent
15,8,Gilles Marini,0.01472465624942477,percent
15,8,Kirstie Alley,0.03367944028469367,percent
15,8,Kelly Monaco,0.1808331071748113,percent
15,8,Apolo Anton Ohno,0.18432699944563416,percent
15,8,Emmitt Smith,0.19422002873921138,percent
15,8,Shawn Johnson,0.1915371574908949,percent
15,8,Melissa Rycroft,0.20067861061532988,percent
15,9,Kelly Monaco,0.2745392321589544,percent
15,9,Apolo Anton Ohno,0.0844142089672284,percent
15,9,Emmitt Smith,0.09581054496484499,percent
15,9,Shawn Johnson,0.3552393476785709,percent
15,9,Melissa Rycroft,0.1899966662304013,percent
15,10,Kelly Monaco,0.38488285284167123,percent
15,10,Shawn Johnson,0.3787443315509406,percent
15,10,Melissa Rycroft,0.2363728156073881,percent
16,1,Ingo Rademacher,0.0053172829432968985,percent
16,1,Zendaya,0.1312258185782182,percent
16,1,Dorothy Hamill,0.17247459688031708,percent
16,1,Victor Ortiz,0.08963308855591857,percent
16,1,Alexandra Raisman,0.04355957549323267,percent
16,1,Jacoby Jones,0.09622133585539833,percent
16,1,D. L. Hughley,0.040099939414093115,percent
16,1,Andy Dick,0.08053739728699846,percent
16,1,Wynonna Judd,0.029894049520308375,percent
16,1,Kellie Pickler,0.23395458049334764,percent
16,1,Lisa Vanderpump,0.07230341268288001,percent
16,1,Sean Lowe,0.004778922295990771,percent
16,2,Ingo Rademacher,0.027018591152339046,percent
16,2,Zendaya,0.08480365881605474,percent
16,2,Dorothy Hamill,0.19168930999458145,percent
16,2,Victor Ortiz,0.11623731952289938,percent
16,2,Alexandra Raisman,0.004766992090416922,percent
16,2,Jacoby Jones,0.11802723204279651,percent
16,2,D. L. Hughley,0.07040234862948888,percent
16,2,Andy Dick,0.13904783039143528,percent
16,2,Wynonna Judd,0.07385643878008243,percent
16,2,Kellie Pickler,0.1260044266901788,percent
16,2,Lisa Vanderpump,0.012507584107699083,percent
16,2,Sean Lowe,0.03563826778202737,percent
16,3,Ingo Rademacher,0.07336283273045423,percent
16,3,Zendaya,0.08139895953824434,percent
16,3,Victor Ortiz,0.10609449946621144,percent
16,3,Alexandra Raisman,0.0984493780073474,percent
16,3,Jacoby Jones,0.10446121950097796,percent
16,3,D. L. Hughley,0.08961230153222524,percent
16,3,Andy Dick,0.0920659366254112,percent
16,3,Wynonna Judd,0.08689893243860208,percent
16,3,Kellie Pickler,0.09378938578101566,percent
16,3,Lisa Vanderpump,0.09823227244732581,percent
16,3,Sean Lowe,0.07563428193218452,percent
16,4,Ingo Rademacher,0.09638571588999023,percent
16,4,Zendaya,0.09617105626648377,percent
16,4,Victor Ortiz,0.10635736255771157,percent
16,4,Alexandra Raisman,0.1010995969386026,percent
16,4,Jacoby Jones,0.11321188882131802,percent
16,4,D. L. Hughley,0.09290437177286567,percent
16,4,Andy Dick,0.09006171123823524,percent
16,4,Kellie Pickler,0.12178216280577409,percent
16,4,Lisa Vanderpump,0.09087628025002716,percent
16,4,Sean Lowe,0.09114985345899165,percent
16,5,Ingo Rademacher,0.0922841803021455,percent
16,5,Zendaya,0.11041330119394058,percent
16,5,Victor Ortiz,0.12302003713577822,percent
16,5,Alexandra Raisman,0.09344352096343239,percent
16,5,Jacoby Jones,0.11758440235733432,percent
16,5,D. L. Hughley,0.0855053920376476,percent
16,5,Andy Dick,0.11791309953678938,percent
16,5,Kellie Pickler,0.14154456274937458,percent
16,5,Sean Lowe,0.11829150372355746,percent
16,6,Ingo Rademacher,0.15424242795533596,percent
16,6,Zendaya,0.11631705463767754,percent
16,6,Victor Ortiz,0.101216921234776,percent
16,6,Alexandra Raisman,0.09044240456179413,percent
16,6,Jacoby Jones,0.1449346725867272,percent
16,6,Andy Dick,0.13635561387326886,percent
16,6,Kellie Pickler,0.14542396051669587,percent
16,6,Sean Lowe,0.11106694463372455,percent
16,7,Ingo Rademacher,0.14512746007040261,percent
16,7,Zendaya,0.14216747715961023,percent
16,7,Alexandra Raisman,0.12166985590023145,percent
16,7,Jacoby Jones,0.1486133274964181,percent
16,7,Andy Dick,0.13204356420733318,percent
16,7,Kellie Pickler,0.16122050408660107,percent
16,7,Sean Lowe,0.14915781107940337,percent
16,8,Ingo Rademacher,0.17111387734240435,percent
16,8,Zendaya,0.17600972910687118,percent
16,8,Alexandra Raisman,0.16228834901976696,percent
16,8,Jacoby Jones,0.17854002802447624,percent
16,8,Kellie Pickler,0.17087594407921408,percent
16,8,Sean Lowe,0.1411720724272672,percent
16,9,Ingo Rademacher,0.1819365783092007,percent
16,9,Zendaya,0.2152087252754455,percent
16,9,Alexandra Raisman,0.20668619900177757,percent
16,9,Jacoby Jones,0.20036052141515692,percent
16,9,Kellie Pickler,0.19580797599841931,percent
16,10,Zendaya,0.2728507795625945,percent
16,10,Alexandra Raisman,0.2406064257065289,percent
16,10,Jacoby Jones,0.25269905954935273,percent
16,10,Kellie Pickler,0.2338437351815239,percent
17,1,Valerie Harper,0.1184559664330404,percent
17,1,Brant Daugherty,0.16332429479632907,percent
17,1,Elizabeth Berkley Lauren,0.05105098833987414,percent
17,1,Leah Remini,0.0435094334571579,percent
17,1,Corbin Bleu,0.0904069325870817,percent
17,1,Amber Riley,0.19667127443139126,percent
17,1,Keyshawn Johnson,0.049260863761616834,percent
17,1,Bill Engvall,0.05298673868565681,percent
17,1,Christina Milian,0.01685306157265245,percent
17,1,"Nicole ""Snooki"" Polizzi",0.025872246503871793,percent
17,1,Jack Osbourne,0.08776866846478239,percent
17,1,Bill Nye,0.10383953096654527,percent
17,2,Valerie Harper,0.11740504309225601,percent
17,2,Brant Daugherty,0.102067036612854,percent
17,2,Elizabeth Berkley Lauren,0.06576536378174135,percent
17,2,Leah Remini,0.07473564103638895,percent
17,2,Corbin Bleu,0.08431035158174008,percent
17,2,Amber Riley,0.10250420912619931,percent
17,2,Keyshawn Johnson,0.06427190559708967,percent
17,2,Bill Engvall,0.07481173662795847,percent
17,2,Christina Milian,0.0765443219927838,percent
17,2,"Nicole ""Snooki"" Polizzi",0.07969769248191635,percent
17,2,Jack Osbourne,0.08622780793024759,percent
17,2,Bill Nye,0.07165889013882447,percent
17,3,Valerie Harper,0.09093251179437341,percent
17,3,Brant Daugherty,0.09536262330608053,percent
17,3,Elizabeth Berkley Lauren,0.0790398873120356,percent
17,3,Leah Remini,0.09033337592695626,percent
17,3,Corbin Bleu,0.10239966748573866,percent
17,3,Amber Riley,0.08124536425288695,percent
17,3,Bill Engvall,0.10299201815973821,percent
17,3,Christina Milian,0.08462571800979943,percent
17,3,"Nicole ""Snooki"" Polizzi",0.10554904579624542,percent
17,3,Jack Osbourne,0.10046673002748699,percent
17,3,Bill Nye,0.06705305792865865,percent
17,4,Valerie Harper,0.0831599971022171,percent
17,4,Brant Daugherty,0.11522643128703305,percent
17,4,Elizabeth Berkley Lauren,0.11443345911971863,percent
17,4,Leah Remini,0.10179097974154085,percent
17,4,Corbin Bleu,0.1114734469553027,percent
17,4,Amber Riley,0.09093381664033012,percent
17,4,Bill Engvall,0.09662479575051261,percent
17,4,Christina Milian,0.0934915432683518,percent
17,4,"Nicole ""Snooki"" Polizzi",0.08984878670100441,percent
17,4,Jack Osbourne,0.10301674343398881,percent
17,5,Brant Daugherty,0.13892051700996141,percent
17,5,Elizabeth Berkley Lauren,0.13804502500462842,percent
17,5,Leah Remini,0.12382169947478089,percent
17,5,Corbin Bleu,0.1112914745680328,percent
17,5,Amber Riley,0.10269151423951589,percent
17,5,Bill Engvall,0.11051430514841182,percent
17,5,Christina Milian,0.08274040862963589,percent
17,5,"Nicole ""Snooki"" Polizzi",0.08875729254812438,percent
17,5,Jack Osbourne,0.10321776337690858,percent
17,6,Brant Daugherty,0.18296415026928595,percent
17,6,Elizabeth Berkley Lauren,0.17183244733847378,percent
17,6,Leah Remini,0.13181806874451155,percent
17,6,Corbin Bleu,0.0305240789205481,percent
17,6,Amber Riley,0.12343518220027425,percent
17,6,Bill Engvall,0.1841881010958821,percent
17,6,"Nicole ""Snooki"" Polizzi",0.09955806183092689,percent
17,6,Jack Osbourne,0.07567990960009734,percent
17,7,Brant Daugherty,0.14099400796566358,percent
17,7,Elizabeth Berkley Lauren,0.11112403563353362,percent
17,7,Leah Remini,0.14031206729655557,percent
17,7,Corbin Bleu,0.09754321079972128,percent
17,7,Amber Riley,0.10042200081086405,percent
17,7,Bill Engvall,0.14505993554192673,percent
17,7,"Nicole ""Snooki"" Polizzi",0.08941857927744859,percent
17,7,Jack Osbourne,0.17512616267428668,percent
17,8,Brant Daugherty,0.1137989991700866,percent
17,8,Elizabeth Berkley Lauren,0.12762796641565857,percent
17,8,Leah Remini,0.14889542122826505,percent
17,8,Corbin Bleu,0.1304016415410733,percent
17,8,Amber Riley,0.1402412957030477,percent
17,8,Bill Engvall,0.1701612865276648,percent
17,8,Jack Osbourne,0.16887338941420416,percent
17,9,Elizabeth Berkley Lauren,0.1350172615622445,percent
17,9,Leah Remini,0.16009724561076774,percent
17,9,Corbin Bleu,0.14179986386954468,percent
17,9,Amber Riley,0.19151991410551836,percent
17,9,Bill Engvall,0.1814465604659113,percent
17,9,Jack Osbourne,0.19011915438601354,percent
17,10,Leah Remini,0.15852730191851153,percent
17,10,Corbin Bleu,0.19339093295183699,percent
17,10,Amber Riley,0.2361283795517005,percent
17,10,Bill Engvall,0.1880389409656179,percent
17,10,Jack Osbourne,0.22391444461233323,percent
17,11,Corbin Bleu,0.22837366285354704,percent
17,11,Amber Riley,0.29034795231512117,percent
17,11,Bill Engvall,0.21927707638063398,percent
17,11,Jack Osbourne,0.2620013084506977,percent
18,1,Billy Dee Williams,0.12475988071550254,percent
18,1,Danica McKellar,0.05297163271019989,percent
18,1,James Maslow,0.11056171091953397,percent
18,1,Candace Cameron Bure,0.10554037452275372,percent
18,1,Sean Avery,0.14776326593987718,percent
18,1,Diana Nyad,0.011145647131231588,percent
18,1,Charlie White,0.056352084439900606,percent
18,1,Amy Purdy,0.11315362148747778,percent
18,1,Meryl Davis,0.11400873679695184,percent
18,1,Drew Carey,0.0539614095751877,percent
18,1,Cody Simpson,0.06867857749795583,percent
18,1,NeNe Leakes,0.041103058263427465,percent
18,2,Billy Dee Williams,0.0913754927460222,percent
18,2,Danica McKellar,0.06839131284766119,percent
18,2,James Maslow,0.08762301583429649,percent
18,2,Candace Cameron Bure,0.126592608218854,percent
18,2,Sean Avery,0.06367465984621601,percent
18,2,Charlie White,0.11190524056561515,percent
18,2,Amy Purdy,0.08476172239402782,percent
18,2,Meryl Davis,0.08058026880230496,percent
18,2,Drew Carey,0.08036310871680367,percent
18,2,Cody Simpson,0.1052022474699152,percent
18,2,NeNe Leakes,0.09953032255828342,percent
18,3,Danica McKellar,0.06214955598159262,percent
18,3,James Maslow,0.0580835223268852,percent
18,3,Candace Cameron Bure,0.10773091363627942,percent
18,3,Charlie White,0.2293570530506643,percent
18,3,Amy Purdy,0.18267248520177393,percent
18,3,Meryl Davis,0.10161711831717425,percent
18,3,Drew Carey,0.017427123585591238,percent
18,3,Cody Simpson,0.08020984102882528,percent
18,3,NeNe Leakes,0.16075238687121363,percent
18,4,Danica McKellar,0.1045489226743758,percent
18,4,James Maslow,0.10242594265188963,percent
18,4,Candace Cameron Bure,0.1650511517238981,percent
18,4,Charlie White,0.2206191601921674,percent
18,4,Amy Purdy,0.1522737823593657,percent
18,4,Meryl Davis,0.04041998272145001,percent
18,4,Drew Carey,0.04225938420802292,percent
18,4,Cody Simpson,0.01970616397635678,percent
18,4,NeNe Leakes,0.15269550949247365,percent
18,5,Danica McKellar,0.1398751598376686,percent
18,5,James Maslow,0.12203904631708379,percent
18,5,Candace Cameron Bure,0.09200731732784934,percent
18,5,Charlie White,0.1293633646759074,percent
18,5,Amy Purdy,0.10645753590250258,percent
18,5,Meryl Davis,0.1071736099953881,percent
18,5,Drew Carey,0.10216152607461909,percent
18,5,Cody Simpson,0.07719725931049193,percent
18,5,NeNe Leakes,0.12372518055848902,percent
18,6,Danica McKellar,0.133270688858951,percent
18,6,James Maslow,0.11964011123916173,percent
18,6,Candace Cameron Bure,0.13474231686022556,percent
18,6,Charlie White,0.15087725139031866,percent
18,6,Amy Purdy,0.10118569312133772,percent
18,6,Meryl Davis,0.13482078688831864,percent
18,6,Drew Carey,0.1061819073419439,percent
18,6,NeNe Leakes,0.11928124429974285,percent
18,7,Danica McKellar,0.13766783596210339,percent
18,7,James Maslow,0.139601951738189,percent
18,7,Candace Cameron Bure,0.1662645836681124,percent
18,7,Charlie White,0.13260762216172206,percent
18,7,Amy Purdy,0.13201513619297162,percent
18,7,Meryl Davis,0.162962516654765,percent
18,7,NeNe Leakes,0.12888035362213654,percent
18,8,Danica McKellar,0.14442195348302386,percent
18,8,James Maslow,0.16316142537282413,percent
18,8,Candace Cameron Bure,0.19788094659836383,percent
18,8,Charlie White,0.14554946331729599,percent
18,8,Amy Purdy,0.17729484109635765,percent
18,8,Meryl Davis,0.17169137013213456,percent
18,9,James Maslow,0.18936334879299596,percent
18,9,Candace Cameron Bure,0.23346314652609626,percent
18,9,Charlie White,0.1484168225308389,percent
18,9,Amy Purdy,0.217303266336118,percent
18,9,Meryl Davis,0.211453415813951,percent
18,10,James Maslow,0.22712788723005173,percent
18,10,Candace Cameron Bure,0.26628999647133306,percent
18,10,Amy Purdy,0.2522984697245929,percent
18,10,Meryl Davis,0.2542836465740224,percent
19,1,Antonio Sabato Jr.,0.08661554204177634,percent
19,1,Jonathan Bennett,0.07849481282177703,percent
19,1,Lea Thompson,0.08796996729328342,percent
19,1,Janel Parrish,0.07317983517290763,percent
19,1,Alfonso Ribeiro,0.056399137379368566,percent
19,1,Lolo Jones,0.04333631350301967,percent
19,1,Randy Couture,0.10279061639452536,percent
19,1,Tommy Chong,0.10950428363028755,percent
19,1,Betsey Johnson,0.08139554078804613,percent
19,1,Michael Waltrip,0.07521701609300076,percent
19,1,Tavis Smiley,0.055947304504762166,percent
19,1,Bethany Mota,0.06879967161635783,percent
19,1,Sadie Robertson,0.08034995876088763,percent
19,2,Antonio Sabato Jr.,0.08328831549469787,percent
19,2,Jonathan Bennett,0.11188268934187946,percent
19,2,Lea Thompson,0.08935246340721219,percent
19,2,Janel Parrish,0.07956160750261981,percent
19,2,Alfonso Ribeiro,0.06956788911105424,percent
19,2,Randy Couture,0.07121032453633959,percent
19,2,Tommy Chong,0.10451287658045612,percent
19,2,Betsey Johnson,0.10364570420005609,percent
19,2,Michael Waltrip,0.07526725353733697,percent
19,2,Tavis Smiley,0.05864592747322223,percent
19,2,Bethany Mota,0.07826391838004763,percent
19,2,Sadie Robertson,0.07480103043507765,percent
19,3,Antonio Sabato Jr.,0.07221794055372284,percent
19,3,Jonathan Bennett,0.08926847918986759,percent
19,3,Lea Thompson,0.1021194992482118,percent
19,3,Janel Parrish,0.09633791709077476,percent
19,3,Alfonso Ribeiro,0.09183046097744937,percent
19,3,Randy Couture,0.07500290971862253,percent
19,3,Tommy Chong,0.09426302228531738,percent
19,3,Betsey Johnson,0.08270047898831966,percent
19,3,Michael Waltrip,0.1083476174039157,percent
19,3,Bethany Mota,0.08318421459186372,percent
19,3,Sadie Robertson,0.1047274599519345,percent
19,4,Antonio Sabato Jr.,0.09098762425622929,percent
19,4,Jonathan Bennett,0.10795779154274932,percent
19,4,Lea Thompson,0.0990510014633558,percent
19,4,Janel Parrish,0.131369798463446,percent
19,4,Alfonso Ribeiro,0.09729795182706621,percent
19,4,Tommy Chong,0.10519052525121587,percent
19,4,Betsey Johnson,0.07735450461989006,percent
19,4,Michael Waltrip,0.11281627781999784,percent
19,4,Bethany Mota,0.10976636793185775,percent
19,4,Sadie Robertson,0.06820815682419201,percent
19,5,Antonio Sabato Jr.,0.08179362912992366,percent
19,5,Jonathan Bennett,0.03427904032791,percent
19,5,Lea Thompson,0.06323511982772889,percent
19,5,Janel Parrish,0.04527979502381724,percent
19,5,Alfonso Ribeiro,0.2224090239853142,percent
19,5,Tommy Chong,0.10758197952391678,percent
19,5,Michael Waltrip,0.14080357017279166,percent
19,5,Bethany Mota,0.20752543409245341,percent
19,5,Sadie Robertson,0.09709240791614406,percent
19,6,Antonio Sabato Jr.,0.10875353294111678,percent
19,6,Jonathan Bennett,0.06850353162447269,percent
19,6,Lea Thompson,0.11494030532846285,percent
19,6,Janel Parrish,0.11157162741293343,percent
19,6,Alfonso Ribeiro,0.12754898550924762,percent
19,6,Tommy Chong,0.10992592212616087,percent
19,6,Michael Waltrip,0.12024227032916479,percent
19,6,Bethany Mota,0.12095025316729234,percent
19,6,Sadie Robertson,0.11756357156114862,percent
19,7,Antonio Sabato Jr.,0.09311989150987258,percent
19,7,Lea Thompson,0.14306067978006468,percent
19,7,Janel Parrish,0.12631169007126478,percent
19,7,Alfonso Ribeiro,0.1644602688935884,percent
19,7,Tommy Chong,0.11715585006628378,percent
19,7,Michael Waltrip,0.11583341241924877,percent
19,7,Bethany Mota,0.12754236527389326,percent
19,7,Sadie Robertson,0.11251584198578392,percent
19,8,Lea Thompson,0.14751272939688861,percent
19,8,Janel Parrish,0.151763361816962,percent
19,8,Alfonso Ribeiro,0.18315173531006576,percent
19,8,Tommy Chong,0.1369889918997523,percent
19,8,Michael Waltrip,0.10707940881356731,percent
19,8,Bethany Mota,0.13667025174717826,percent
19,8,Sadie Robertson,0.13683352101558585,percent
19,9,Lea Thompson,0.1369698875045364,percent
19,9,Janel Parrish,0.1837135447263709,percent
19,9,Alfonso Ribeiro,0.19316883033176419,percent
19,9,Tommy Chong,0.1711150360975525,percent
19,9,Bethany Mota,0.1612808900862442,percent
19,9,Sadie Robertson,0.15375181125353196,percent
19,10,Janel Parrish,0.22754331329138675,percent
19,10,Alfonso Ribeiro,0.2154515276978053,percent
19,10,Tommy Chong,0.16870052464268326,percent
19,10,Bethany Mota,0.1941858201742066,percent
19,10,Sadie Robertson,0.1941188141939181,percent
19,11,Janel Parrish,0.25718916720741514,percent
19,11,Alfonso Ribeiro,0.25938338218410495,percent
19,11,Bethany Mota,0.24212068872215015,percent
19,11,Sadie Robertson,0.24130676188632977,percent
20,1,Suzanne Somers,0.08581905264329764,percent
20,1,Willow Shields,0.1626447079597158,percent
20,1,Riker Lynch,0.07569347268393656,percent
20,1,Rumer Willis,0.09489251211772952,percent
20,1,Nastia Liukin,0.05783886206940906,percent
20,1,Michael Sam,0.026530901524866816,percent
20,1,Robert Herjavec,0.1289422374605009,percent
20,1,Charlotte McKinney,0.022401711369900063,percent
20,1,Noah Galloway,0.09572698681386109,percent
20,1,Redfoo,0.13604603565794862,percent
20,1,Patti LaBelle,0.014239839344343957,percent
20,1,Chris Soules,0.09922368035448986,percent
20,2,Suzanne Somers,0.07355469948232106,percent
20,2,Willow Shields,0.08256698392607094,percent
20,2,Riker Lynch,0.12580044702016135,percent
20,2,Rumer Willis,0.0735995229841433,percent
20,2,Nastia Liukin,0.06009948312019344,percent
20,2,Michael Sam,0.08021479283150856,percent
20,2,Robert Herjavec,0.07652018473394075,percent
20,2,Charlotte McKinney,0.10086722346003697,percent
20,2,Noah Galloway,0.09413589884653141,percent
20,2,Redfoo,0.05680142240660167,percent
20,2,Patti LaBelle,0.07922248992075856,percent
20,2,Chris Soules,0.09661685126773206,percent
20,3,Suzanne Somers,0.08542385387970253,percent
20,3,Willow Shields,0.10293244453769623,percent
20,3,Riker Lynch,0.10916596653220977,percent
20,3,Rumer Willis,0.07761097958771142,percent
20,3,Nastia Liukin,0.08407955470385788,percent
20,3,Michael Sam,0.09631552941311183,percent
20,3,Robert Herjavec,0.09157774696037388,percent
20,3,Charlotte McKinney,0.07311436293053897,percent
20,3,Noah Galloway,0.09500388729796276,percent
20,3,Patti LaBelle,0.07529977043564524,percent
20,3,Chris Soules,0.10947590372118972,percent
20,4,Suzanne Somers,0.10164352479362086,percent
20,4,Willow Shields,0.11131395304952597,percent
20,4,Riker Lynch,0.08874272884506015,percent
20,4,Rumer Willis,0.08893649556356147,percent
20,4,Nastia Liukin,0.1222812008972542,percent
20,4,Michael Sam,0.08610692437027785,percent
20,4,Robert Herjavec,0.10199073119389476,percent
20,4,Noah Galloway,0.0886240615417577,percent
20,4,Patti LaBelle,0.105606448267234,percent
20,4,Chris Soules,0.10475393147781314,percent
20,5,Suzanne Somers,0.07679772314520844,percent
20,5,Willow Shields,0.12259233437565109,percent
20,5,Riker Lynch,0.09816424121420042,percent
20,5,Rumer Willis,0.11388289295660191,percent
20,5,Nastia Liukin,0.12927168333139347,percent
20,5,Robert Herjavec,0.11716507575600087,percent
20,5,Noah Galloway,0.08923450961652739,percent
20,5,Patti LaBelle,0.12243231298513754,percent
20,5,Chris Soules,0.13045922661927892,percent
20,6,Willow Shields,0.10872869265356838,percent
20,6,Riker Lynch,0.11355588167417413,percent
20,6,Rumer Willis,0.15189918761814006,percent
20,6,Nastia Liukin,0.1389917132593198,percent
20,6,Robert Herjavec,0.12570964631306653,percent
20,6,Noah Galloway,0.1360651860988783,percent
20,6,Patti LaBelle,0.10584271619590786,percent
20,6,Chris Soules,0.11920697618694497,percent
20,7,Willow Shields,0.08621072684228485,percent
20,7,Riker Lynch,0.11747238289546859,percent
20,7,Rumer Willis,0.19588435973047505,percent
20,7,Nastia Liukin,0.15736932114133398,percent
20,7,Robert Herjavec,0.14058700893092368,percent
20,7,Noah Galloway,0.17866659325622458,percent
20,7,Chris Soules,0.12380960720328928,percent
20,8,Riker Lynch,0.181119045649595,percent
20,8,Rumer Willis,0.2974070342182562,percent
20,8,Nastia Liukin,0.1011875390563689,percent
20,8,Robert Herjavec,0.12182359566792372,percent
20,8,Noah Galloway,0.1813180994256872,percent
20,8,Chris Soules,0.11714468598216898,percent
20,9,Riker Lynch,0.2760076384217571,percent
20,9,Rumer Willis,0.32626933544697795,percent
20,9,Nastia Liukin,0.16579005220307177,percent
20,9,Noah Galloway,0.2319329739281931,percent
20,10,Riker Lynch,0.3011921641344744,percent
20,10,Rumer Willis,0.42219295388398703,percent
20,10,Noah Galloway,0.2766148819815386,percent
21,1,Gary Busey,0.027784398775270263,percent
21,1,Alexa PenaVega,0.15555811507531972,percent
21,1,Carlos PenaVega,0.0070664579089337026,percent
21,1,Victor Espinoza,0.026542011345497576,percent
21,1,Alek Skarlatos,0.03424657670661611,percent
21,1,Chaka Khan,0.049710918645138734,percent
21,1,Andy Grammer,0.05511329320461547,percent
21,1,Tamar Braxton,0.10483637522240706,percent
21,1,Nick Carter,0.08405498898252677,percent
21,1,Hayes Grier,0.18822146691654393,percent
21,1,Bindi Irwin,0.05229394310210443,percent
21,1,Kim Zolciak-Biermann,0.13236890366711596,percent
21,1,Paula Deen,0.08220255044791036,percent
21,2,Gary Busey,0.07864302712319232,percent
21,2,Alexa PenaVega,0.08150636807429999,percent
21,2,Carlos PenaVega,0.07408328453204681,percent
21,2,Victor Espinoza,0.06592815556880158,percent
21,2,Alek Skarlatos,0.0725771667120302,percent
21,2,Chaka Khan,0.07889908994790287,percent
21,2,Andy Grammer,0.07846537131723037,percent
21,2,Tamar Braxton,0.09441586034243214,percent
21,2,Nick Carter,0.08266557652147957,percent
21,2,Hayes Grier,0.08052379078673663,percent
21,2,Bindi Irwin,0.058261889234578035,percent
21,2,Kim Zolciak-Biermann,0.07436713155162981,percent
21,2,Paula Deen,0.07966328828763972,percent
21,3,Gary Busey,0.08904903910468845,percent
21,3,Alexa PenaVega,0.09821814538073077,percent
21,3,Carlos PenaVega,0.1307294888192412,percent
21,3,Alek Skarlatos,0.0025369389684572925,percent
21,3,Andy Grammer,0.06368972836842646,percent
21,3,Tamar Braxton,0.22344296151220272,percent
21,3,Nick Carter,0.034227785026078913,percent
21,3,Hayes Grier,0.15956599987236403,percent
21,3,Bindi Irwin,0.10773618398587113,percent
21,3,Paula Deen,0.09080372896193911,percent
21,4,Gary Busey,0.0730128975009553,percent
21,4,Alexa PenaVega,0.1016586534853998,percent
21,4,Carlos PenaVega,0.09594102349253832,percent
21,4,Alek Skarlatos,0.08890497861306738,percent
21,4,Andy Grammer,0.11657639588046091,percent
21,4,Tamar Braxton,0.12387142621967054,percent
21,4,Nick Carter,0.07369865635326482,percent
21,4,Hayes Grier,0.1415178144505855,percent
21,4,Bindi Irwin,0.08735511610247973,percent
21,4,Paula Deen,0.09746303790157772,percent
21,5,Alexa PenaVega,0.1300751588106766,percent
21,5,Carlos PenaVega,0.059338731260914906,percent
21,5,Alek Skarlatos,0.20823984947517607,percent
21,5,Andy Grammer,0.1426355665971673,percent
21,5,Tamar Braxton,0.083604537926777,percent
21,5,Nick Carter,0.07926695113143478,percent
21,5,Hayes Grier,0.11540438889214855,percent
21,5,Bindi Irwin,0.08573987308844148,percent
21,5,Paula Deen,0.09569494281726346,percent
21,6,Alexa PenaVega,0.1052514169668926,percent
21,6,Carlos PenaVega,0.1030982522693471,percent
21,6,Alek Skarlatos,0.12978002104556458,percent
21,6,Andy Grammer,0.11915828452382135,percent
21,6,Tamar Braxton,0.10061818687558714,percent
21,6,Nick Carter,0.13486193721195966,percent
21,6,Hayes Grier,0.09474673894962146,percent
21,6,Bindi Irwin,0.10523645899572533,percent
21,6,Paula Deen,0.1072487031614808,percent
21,7,Alexa PenaVega,0.13888075805770275,percent
21,7,Carlos PenaVega,0.11650635662308113,percent
21,7,Alek Skarlatos,0.1252225613614122,percent
21,7,Andy Grammer,0.1205963699270544,percent
21,7,Tamar Braxton,0.14004826360825362,percent
21,7,Nick Carter,0.1610947259535925,percent
21,7,Hayes Grier,0.09424813963195175,percent
21,7,Bindi Irwin,0.10340282483695172,percent
21,8,Alexa PenaVega,0.13643665360818452,percent
21,8,Carlos PenaVega,0.13778084590581702,percent
21,8,Alek Skarlatos,0.15337485072085189,percent
21,8,Andy Grammer,0.11886096635400618,percent
21,8,Tamar Braxton,0.13947310774883895,percent
21,8,Nick Carter,0.16982754905880904,percent
21,8,Bindi Irwin,0.14424602660349248,percent
21,9,Alexa PenaVega,0.11298549222747067,percent
21,9,Carlos PenaVega,0.17205048471439915,percent
21,9,Alek Skarlatos,0.15892504207772204,percent
21,9,Tamar Braxton,0.15017045843331656,percent
21,9,Nick Carter,0.22189443340818213,percent
21,9,Bindi Irwin,0.18397408913890942,percent
21,10,Carlos PenaVega,0.2584647603911965,percent
21,10,Alek Skarlatos,0.2004103464589601,percent
21,10,Nick Carter,0.24508236273048178,percent
21,10,Bindi Irwin,0.2960425304193617,percent
21,11,Carlos PenaVega,0.2283347797160528,percent
21,11,Alek Skarlatos,0.2532862172430036,percent
21,11,Nick Carter,0.24350016356814153,percent
21,11,Bindi Irwin,0.2748788394728021,percent
22,1,Mischa Barton,0.16009249551550955,percent
22,1,Kim Fields,0.07876160883574489,percent
22,1,Jodie Sweetin,0.00035169171595826864,percent
22,1,Doug Flutie,0.1720080993347453,percent
22,1,Von Miller,0.08843379225080161,percent
22,1,Antonio Brown,0.0929736308870435,percent
22,1,Paige VanZant,0.016896045416839554,percent
22,1,Geraldo Rivera,0.033909832902640415,percent
22,1,Nyle DiMarco,0.08862587776358087,percent
22,1,Ginger Zee,0.11316113714376337,percent
22,1,Wanya Morris,0.07735192549528266,percent
22,1,Marla Maples,0.07743386273808987,percent
22,2,Mischa Barton,0.09666586419199631,percent
22,2,Kim Fields,0.09414092123584933,percent
22,2,Jodie Sweetin,0.06339102336672406,percent
22,2,Doug Flutie,0.08341759462532727,percent
22,2,Von Miller,0.08288798865103944,percent
22,2,Antonio Brown,0.0829625011455932,percent
22,2,Paige VanZant,0.0886492263857222,percent
22,2,Geraldo Rivera,0.07047080974570036,percent
22,2,Nyle DiMarco,0.07576210822658444,percent
22,2,Ginger Zee,0.07631004022580011,percent
22,2,Wanya Morris,0.08919670441830879,percent
22,2,Marla Maples,0.09614521778135443,percent
22,3,Mischa Barton,0.09530886998319256,percent
22,3,Kim Fields,0.11275108565533556,percent
22,3,Jodie Sweetin,0.07855843865919256,percent
22,3,Doug Flutie,0.09090270288103436,percent
22,3,Von Miller,0.09964728516212244,percent
22,3,Antonio Brown,0.08736297613298286,percent
22,3,Paige VanZant,0.0751790747987718,percent
22,3,Nyle DiMarco,0.09913009912786731,percent
22,3,Ginger Zee,0.08845223599633208,percent
22,3,Wanya Morris,0.07787016542697828,percent
22,3,Marla Maples,0.09483706617619019,percent
22,4,Kim Fields,0.07983525000264988,percent
22,4,Jodie Sweetin,0.11758750705940889,percent
22,4,Doug Flutie,0.11425075065306613,percent
22,4,Von Miller,0.09672099910810511,percent
22,4,Antonio Brown,0.11369710643772442,percent
22,4,Paige VanZant,0.09693698813590565,percent
22,4,Nyle DiMarco,0.11385426451348538,percent
22,4,Ginger Zee,0.09065929437578889,percent
22,4,Wanya Morris,0.0995425062939056,percent
22,4,Marla Maples,0.07691533341995994,percent
22,5,Kim Fields,0.05315492580387082,percent
22,5,Jodie Sweetin,0.19153545095901614,percent
22,5,Doug Flutie,0.11096532274845977,percent
22,5,Von Miller,0.08021397414119007,percent
22,5,Antonio Brown,0.11051600566686766,percent
22,5,Paige VanZant,0.11197496637176935,percent
22,5,Nyle DiMarco,0.17575530974747705,percent
22,5,Ginger Zee,0.09242282586302174,percent
22,5,Wanya Morris,0.0734612186983272,percent
22,6,Kim Fields,0.08387364321097318,percent
22,6,Jodie Sweetin,0.13951168644326895,percent
22,6,Doug Flutie,0.09649749304263225,percent
22,6,Von Miller,0.09096558439400228,percent
22,6,Antonio Brown,0.12883767924708975,percent
22,6,Paige VanZant,0.1022973757879296,percent
22,6,Nyle DiMarco,0.1282911660411535,percent
22,6,Ginger Zee,0.1283441209667736,percent
22,6,Wanya Morris,0.10138125086617683,percent
22,7,Kim Fields,0.03294337774565724,percent
22,7,Jodie Sweetin,0.14673182632162696,percent
22,7,Von Miller,0.03293790747063326,percent
22,7,Antonio Brown,0.17091258737019469,percent
22,7,Paige VanZant,0.15165179959790517,percent
22,7,Nyle DiMarco,0.1446221667795036,percent
22,7,Ginger Zee,0.17546734996802957,percent
22,7,Wanya Morris,0.14473298474644952,percent
22,8,Jodie Sweetin,0.1104402663538108,percent
22,8,Antonio Brown,0.1509237183056467,percent
22,8,Paige VanZant,0.22060765720398667,percent
22,8,Nyle DiMarco,0.20451664621836332,percent
22,8,Ginger Zee,0.16565384415245463,percent
22,8,Wanya Morris,0.1478578677657379,percent
22,9,Antonio Brown,0.06655691566116091,percent
22,9,Paige VanZant,0.27614704478570157,percent
22,9,Nyle DiMarco,0.2919058491259059,percent
22,9,Ginger Zee,0.31625661882769285,percent
22,9,Wanya Morris,0.04913357159953885,percent
22,10,Paige VanZant,0.33586372677024734,percent
22,10,Nyle DiMarco,0.3026127590580962,percent
22,10,Ginger Zee,0.36152351417165635,percent
23,1,Jake T. Austin,0.10962055610525873,percent
23,1,Maureen McCormick,0.04742006338121953,percent
23,1,Marilu Henner,0.020558013175300434,percent
23,1,Ryan Lochte,0.008075336091607613,percent
23,1,Calvin Johnson Jr.,0.05933936498149796,percent
23,1,Laurie Hernandez,0.10690650309493892,percent
23,1,Amber Rose,0.06759457766947634,percent
23,1,Rick Perry,0.056565358145861035,percent
23,1,James Hinchcliffe,0.19056558453885672,percent
23,1,Babyface,0.0716091532136736,percent
23,1,Vanilla Ice,0.11231998558165707,percent
23,1,Jana Kramer,0.06561723578738247,percent
23,1,Terra Jole,0.08380826823326983,percent
23,2,Jake T. Austin,0.05854748824711231,percent
23,2,Maureen McCormick,0.08739432138170586,percent
23,2,Marilu Henner,0.07130427524022345,percent
23,2,Ryan Lochte,0.06200054560324309,percent
23,2,Calvin Johnson Jr.,0.058357029760205306,percent
23,2,Laurie Hernandez,0.07435087583120926,percent
23,2,Amber Rose,0.060791148942009376,percent
23,2,Rick Perry,0.08380953787672607,percent
23,2,James Hinchcliffe,0.09576033181406636,percent
23,2,Babyface,0.06732929931878553,percent
23,2,Vanilla Ice,0.08205338319975942,percent
23,2,Jana Kramer,0.09147363557695808,percent
23,2,Terra Jole,0.10682812720799593,percent
23,3,Maureen McCormick,0.0892918388728109,percent
23,3,Marilu Henner,0.06950402951199029,percent
23,3,Ryan Lochte,0.06622738052507593,percent
23,3,Calvin Johnson Jr.,0.08605021422083578,percent
23,3,Laurie Hernandez,0.0934979606437941,percent
23,3,Amber Rose,0.07719339667802627,percent
23,3,Rick Perry,0.07137737537264845,percent
23,3,James Hinchcliffe,0.09371323690635511,percent
23,3,Babyface,0.09865509939345601,percent
23,3,Vanilla Ice,0.08617853473608843,percent
23,3,Jana Kramer,0.09609222607631421,percent
23,3,Terra Jole,0.07221870706260458,percent
23,4,Maureen McCormick,0.09090909090909091,percent
23,4,Marilu Henner,0.09090909090909091,percent
23,4,Ryan Lochte,0.09090909090909091,percent
23,4,Calvin Johnson Jr.,0.09090909090909091,percent
23,4,Laurie Hernandez,0.09090909090909091,percent
23,4,Amber Rose,0.09090909090909091,percent
23,4,James Hinchcliffe,0.09090909090909091,percent
23,4,Babyface,0.09090909090909091,percent
23,4,Vanilla Ice,0.09090909090909091,percent
23,4,Jana Kramer,0.09090909090909091,percent
23,4,Terra Jole,0.09090909090909091,percent
23,5,Maureen McCormick,0.19121731714566156,percent
23,5,Marilu Henner,0.07857177598219083,percent
23,5,Ryan Lochte,0.17815678242551933,percent
23,5,Calvin Johnson Jr.,0.06643209900918245,percent
23,5,Laurie Hernandez,0.04033940944454011,percent
23,5,Amber Rose,0.09534183120918938,percent
23,5,James Hinchcliffe,0.15877775482615794,percent
23,5,Jana Kramer,0.10391244251327372,percent
23,5,Terra Jole,0.08725058744428447,percent
23,6,Maureen McCormick,0.1290673591158069,percent
23,6,Marilu Henner,0.10860308455589418,percent
23,6,Ryan Lochte,0.11841081302757778,percent
23,6,Calvin Johnson Jr.,0.1271134452258343,percent
23,6,Laurie Hernandez,0.11974164173763326,percent
23,6,Amber Rose,0.08035192709253274,percent
23,6,James Hinchcliffe,0.11107942649762274,percent
23,6,Jana Kramer,0.1043722468580233,percent
23,6,Terra Jole,0.10126005588907483,percent
23,7,Maureen McCormick,0.09698392710462003,percent
23,7,Marilu Henner,0.11679581662123313,percent
23,7,Ryan Lochte,0.12142336779219363,percent
23,7,Calvin Johnson Jr.,0.13749717031272107,percent
23,7,Laurie Hernandez,0.1322850132148941,percent
23,7,James Hinchcliffe,0.1190859193630399,percent
23,7,Jana Kramer,0.14438055836860728,percent
23,7,Terra Jole,0.13154822722269074,percent
23,8,Marilu Henner,0.12118379194356856,percent
23,8,Ryan Lochte,0.1022819887003974,percent
23,8,Calvin Johnson Jr.,0.14628109681742818,percent
23,8,Laurie Hernandez,0.17327416263928672,percent
23,8,James Hinchcliffe,0.1436474426200526,percent
23,8,Jana Kramer,0.15942942400092092,percent
23,8,Terra Jole,0.15390209327834556,percent
23,9,Marilu Henner,0.11855363552712186,percent
23,9,Calvin Johnson Jr.,0.18855202772287186,percent
23,9,Laurie Hernandez,0.19921734257950283,percent
23,9,James Hinchcliffe,0.14533251763042004,percent
23,9,Jana Kramer,0.18352043514062408,percent
23,9,Terra Jole,0.16482404139945933,percent
23,10,Calvin Johnson Jr.,0.2122515393763983,percent
23,10,Laurie Hernandez,0.25296745488927364,percent
23,10,James Hinchcliffe,0.18900843870010045,percent
23,10,Jana Kramer,0.20209551064446957,percent
23,10,Terra Jole,0.14367705638975806,percent
23,11,Calvin Johnson Jr.,0.24956862423326012,percent
23,11,Laurie Hernandez,0.2829460427995586,percent
23,11,James Hinchcliffe,0.22841896511471313,percent
23,11,Jana Kramer,0.2390663678524682,percent
24,1,Charo,0.013733951959952332,percent
24,1,Mr. T,0.06572361532959897,percent
24,1,Heather Morris,0.06706419387400858,percent
24,1,Nancy Kerrigan,0.15879372562543054,percent
24,1,Bonner Bolton,0.11147467297410833,percent
24,1,Simone Biles,0.07970015223045786,percent
24,1,David Ross,0.08049414055925916,percent
24,1,Rashad Jennings,0.10507548040292765,percent
24,1,Chris Kattan,0.02319698458132789,percent
24,1,Erika Jayne,0.1632004233515908,percent
24,1,Normani,0.09959350436374503,percent
24,1,Nick Viall,0.031949154747592974,percent
24,2,Charo,0.08652041767787527,percent
24,2,Mr. T,0.06620912045449126,percent
24,2,Heather Morris,0.0952508608571949,percent
24,2,Nancy Kerrigan,0.09334618211398421,percent
24,2,Bonner Bolton,0.10242191279111074,percent
24,2,Simone Biles,0.0722352652368272,percent
24,2,David Ross,0.07517322479010866,percent
24,2,Rashad Jennings,0.08925665552138694,percent
24,2,Chris Kattan,0.04546364597959289,percent
24,2,Erika Jayne,0.07668434979389106,percent
24,2,Normani,0.09760986475291158,percent
24,2,Nick Viall,0.09982850003062539,percent
24,3,Charo,0.07510641430011215,percent
24,3,Mr. T,0.07671671143536965,percent
24,3,Heather Morris,0.09070533990392357,percent
24,3,Nancy Kerrigan,0.08051749602911566,percent
24,3,Bonner Bolton,0.12185057289069165,percent
24,3,Simone Biles,0.07652729935110934,percent
24,3,David Ross,0.07972572213996873,percent
24,3,Rashad Jennings,0.10396377734852615,percent
24,3,Erika Jayne,0.08719813627632939,percent
24,3,Normani,0.10903595847656661,percent
24,3,Nick Viall,0.09865257184828721,percent
24,4,Mr. T,0.07934042491275983,percent
24,4,Heather Morris,0.08925559949088333,percent
24,4,Nancy Kerrigan,0.09867587049799068,percent
24,4,Bonner Bolton,0.13386749932857028,percent
24,4,Simone Biles,0.08979316802067162,percent
24,4,David Ross,0.09580985955878472,percent
24,4,Rashad Jennings,0.10088943106660538,percent
24,4,Erika Jayne,0.09078861481032723,percent
24,4,Normani,0.11171514733332627,percent
24,4,Nick Viall,0.10986438498008079,percent
24,5,Heather Morris,0.09814023258810263,percent
24,5,Nancy Kerrigan,0.10867330152959309,percent
24,5,Bonner Bolton,0.12456546672191746,percent
24,5,Simone Biles,0.12436883170032606,percent
24,5,David Ross,0.10361075370135804,percent
24,5,Rashad Jennings,0.10918557558689782,percent
24,5,Erika Jayne,0.09219725209454024,percent
24,5,Normani,0.11207976112896495,percent
24,5,Nick Viall,0.12717882494829974,percent
24,6,Heather Morris,0.09662437754890701,percent
24,6,Nancy Kerrigan,0.12159279954481379,percent
24,6,Bonner Bolton,0.14115234179865147,percent
24,6,Simone Biles,0.12699754126253313,percent
24,6,David Ross,0.14004738461444477,percent
24,6,Rashad Jennings,0.11932175893694483,percent
24,6,Normani,0.12765755760252318,percent
24,6,Nick Viall,0.12660623869118193,percent
24,7,Nancy Kerrigan,0.030837799429834223,percent
24,7,Bonner Bolton,0.1855255738969622,percent
24,7,Simone Biles,0.18013719979112655,percent
24,7,David Ross,0.20868788242431183,percent
24,7,Rashad Jennings,0.16428320701965,percent
24,7,Normani,0.19181319368887367,percent
24,7,Nick Viall,0.03871514374924167,percent
24,8,Bonner Bolton,0.16825235373553707,percent
24,8,Simone Biles,0.19264798208033754,percent
24,8,David Ross,0.21735725313596352,percent
24,8,Rashad Jennings,0.21819826732708342,percent
24,8,Normani,0.2035441437210785,percent
24,9,Simone Biles,0.2072193521027163,percent
24,9,David Ross,0.2690716171050757,percent
24,9,Rashad Jennings,0.25902517117292595,percent
24,9,Normani,0.2646838596192819,percent
24,10,David Ross,0.36511834945434457,percent
24,10,Rashad Jennings,0.30290147383187244,percent
24,10,Normani,0.3319801767137829,percent
25,1,Sasha Pieterse,0.03810542588773147,percent
25,1,Frankie Muniz,0.035622396724012934,percent
25,1,Jordan Fisher,0.03690556370847785,percent
25,1,Derek Fisher,0.20460528709576242,percent
25,1,Nikki Bella,0.0863085556043234,percent
25,1,Terrell Owens,0.11373085987808358,percent
25,1,Victoria Arlen,0.10978754864749793,percent
25,1,Barbara Corcoran,0.015951706862485964,percent
25,1,Lindsey Stirling,0.10939359754247255,percent
25,1,Debbie Gibson,0.002302809246313214,percent
25,1,Nick Lachey,0.1580357989526278,percent
25,1,Drew Scott,0.04821459128559012,percent
25,1,Vanessa Lachey,0.04103585856462092,percent
25,2,Sasha Pieterse,0.08589691622371191,percent
25,2,Frankie Muniz,0.08193080163403264,percent
25,2,Jordan Fisher,0.08310151714134104,percent
25,2,Derek Fisher,0.09013105198473627,percent
25,2,Nikki Bella,0.08137190124410298,percent
25,2,Terrell Owens,0.09158567229776964,percent
25,2,Victoria Arlen,0.08825049729068342,percent
25,2,Barbara Corcoran,0.024625183701712405,percent
25,2,Lindsey Stirling,0.08947031518903942,percent
25,2,Debbie Gibson,0.011830299893020101,percent
25,2,Nick Lachey,0.0795970941225097,percent
25,2,Drew Scott,0.09245835966393227,percent
25,2,Vanessa Lachey,0.09975038961340817,percent
25,3,Sasha Pieterse,0.059842384094450723,percent
25,3,Frankie Muniz,0.06395701499319521,percent
25,3,Jordan Fisher,0.141111571026432,percent
25,3,Derek Fisher,0.036145216481705544,percent
25,3,Nikki Bella,0.12285228925149469,percent
25,3,Terrell Owens,0.17209612624428614,percent
25,3,Victoria Arlen,0.0405224908503259,percent
25,3,Lindsey Stirling,0.07215025225185866,percent
25,3,Nick Lachey,0.13660085930973442,percent
25,3,Drew Scott,0.09471685111620427,percent
25,3,Vanessa Lachey,0.06000494438031239,percent
25,4,Sasha Pieterse,0.09496353725577944,percent
25,4,Frankie Muniz,0.08325981201633292,percent
25,4,Jordan Fisher,0.08680557223254062,percent
25,4,Derek Fisher,0.07076116955736123,percent
25,4,Nikki Bella,0.09365326051850541,percent
25,4,Terrell Owens,0.11049588860882256,percent
25,4,Victoria Arlen,0.0795887667683755,percent
25,4,Lindsey Stirling,0.0803515695990699,percent
25,4,Nick Lachey,0.1106357273435031,percent
25,4,Drew Scott,0.07625482380694952,percent
25,4,Vanessa Lachey,0.11322987229275987,percent
25,5,Sasha Pieterse,0.0776131691135565,percent
25,5,Frankie Muniz,0.10933341935522725,percent
25,5,Jordan Fisher,0.11515557465387694,percent
25,5,Nikki Bella,0.09994831651811326,percent
25,5,Terrell Owens,0.10536758750205161,percent
25,5,Victoria Arlen,0.09783474016406345,percent
25,5,Lindsey Stirling,0.08780121732814161,percent
25,5,Nick Lachey,0.09301362750686944,percent
25,5,Drew Scott,0.10401552485150745,percent
25,5,Vanessa Lachey,0.10991682300659253,percent
25,6,Frankie Muniz,0.1236709487302321,percent
25,6,Jordan Fisher,0.11530000806365066,percent
25,6,Nikki Bella,0.08817094781645772,percent
25,6,Terrell Owens,0.10629562590732931,percent
25,6,Victoria Arlen,0.1413139225170219,percent
25,6,Lindsey Stirling,0.09256339136628061,percent
25,6,Nick Lachey,0.09705959313717931,percent
25,6,Drew Scott,0.11195224972630959,percent
25,6,Vanessa Lachey,0.1236733127355388,percent
25,7,Frankie Muniz,0.16243372567863906,percent
25,7,Jordan Fisher,0.1713210556075876,percent
25,7,Nikki Bella,0.03908673217931442,percent
25,7,Terrell Owens,0.14718773980852934,percent
25,7,Victoria Arlen,0.16147664817471236,percent
25,7,Lindsey Stirling,0.13969822813800706,percent
25,7,Drew Scott,0.15364765870217506,percent
25,7,Vanessa Lachey,0.025148211711035134,percent
25,8,Frankie Muniz,0.18065720774090605,percent
25,8,Jordan Fisher,0.17237949112401135,percent
25,8,Terrell Owens,0.13889144625163174,percent
25,8,Victoria Arlen,0.16203878446064807,percent
25,8,Lindsey Stirling,0.15566397556582937,percent
25,8,Drew Scott,0.19036909485697354,percent
25,9,Frankie Muniz,0.23707051242288302,percent
25,9,Jordan Fisher,0.2015233552909351,percent
25,9,Victoria Arlen,0.1501466161246369,percent
25,9,Lindsey Stirling,0.1958896693198601,percent
25,9,Drew Scott,0.21536984684168495,percent
25,10,Frankie Muniz,0.2822343622105614,percent
25,10,Jordan Fisher,0.2363414950883145,percent
25,10,Lindsey Stirling,0.2331905409127699,percent
25,10,Drew Scott,0.24823360178835427,percent
26,1,Jamie Anderson,0.025565865216010127,percent
26,1,Johnny Damon,0.030346964931045696,percent
26,1,Kareem Abdul-Jabbar,0.057879815022452714,percent
26,1,Arike Ogunbowale,0.035419943816612405,percent
26,1,Jennie Finch Daigle,0.0851725627496699,percent
26,1,Chris Mazdzer,0.07335342471412237,percent
26,1,Mirai Nagasu,0.12365633866706187,percent
26,1,Tonya Harding,0.10301848140809605,percent
26,1,Josh Norman,0.17938110162886844,percent
26,1,Adam Rippon,0.28620550184606036,percent
26,2,Kareem Abdul-Jabbar,0.05470762173902842,percent
26,2,Arike Ogunbowale,0.03414599254415005,percent
26,2,Jennie Finch Daigle,0.1690620781230115,percent
26,2,Chris Mazdzer,0.1402496533012087,percent
26,2,Mirai Nagasu,0.15544738244566525,percent
26,2,Tonya Harding,0.16988098279838407,percent
26,2,Josh Norman,0.13621146573638512,percent
26,2,Adam Rippon,0.14029482331216694,percent
26,3,Jennie Finch Daigle,0.16666666666666666,percent
26,3,Chris Mazdzer,0.16666666666666666,percent
26,3,Mirai Nagasu,0.16666666666666666,percent
26,3,Tonya Harding,0.16666666666666666,percent
26,3,Josh Norman,0.16666666666666666,percent
26,3,Adam Rippon,0.16666666666666666,percent
26,4,Tonya Harding,0.3486579116744313,percent
26,4,Josh Norman,0.35439667154951265,percent
26,4,Adam Rippon,0.29694541677605607,percent
27,1,Juan Pablo Di Pace,0.09606210190909449,percent
27,1,Evanna Lynch,0.06769520942245914,percent
27,1,Nancy McKeon,0.07979792807443527,percent
27,1,John Schneider,0.07906952308807662,percent
27,1,Milo Manheim,0.06819799392461746,percent
27,1,Danelle Umstead,0.08827143989967588,percent
27,1,Mary Lou Retton,0.07260172756935196,percent
27,1,DeMarcus Ware,0.08216914658009492,percent
27,1,Nikki Glaser,0.049522249497166236,percent
27,1,Bobby Bones,0.08981306923605156,percent
27,1,Tinashe,0.0855753183435825,percent
27,1,Alexis Ren,0.06301999312535475,percent
27,1,Joe Amabile,0.07820429933003925,percent
27,2,Juan Pablo Di Pace,0.09262715235945847,percent
27,2,Evanna Lynch,0.08535171070901132,percent
27,2,Nancy McKeon,0.07620334498041062,percent
27,2,John Schneider,0.09559823178350679,percent
27,2,Milo Manheim,0.0799580866326129,percent
27,2,Danelle Umstead,0.06888791204346212,percent
27,2,Mary Lou Retton,0.08819333685712934,percent
27,2,DeMarcus Ware,0.07230163290817658,percent
27,2,Bobby Bones,0.09464672251525552,percent
27,2,Tinashe,0.09589632853346752,percent
27,2,Alexis Ren,0.07013839348101684,percent
27,2,Joe Amabile,0.08019714719649201,percent
27,3,Juan Pablo Di Pace,0.12032044913483292,percent
27,3,Evanna Lynch,0.08780192112263081,percent
27,3,Nancy McKeon,0.0657932170397113,percent
27,3,John Schneider,0.11369881865525974,percent
27,3,Milo Manheim,0.08496695842205002,percent
27,3,Mary Lou Retton,0.0934416034260262,percent
27,3,DeMarcus Ware,0.06989241704495493,percent
27,3,Bobby Bones,0.09827460129459428,percent
27,3,Tinashe,0.074762372420282,percent
27,3,Alexis Ren,0.09101170627389743,percent
27,3,Joe Amabile,0.10003593516576047,percent
27,4,Juan Pablo Di Pace,0.08402005466691473,percent
27,4,Evanna Lynch,0.09578081237534027,percent
27,4,John Schneider,0.11268349424987373,percent
27,4,Milo Manheim,0.11556729403104768,percent
27,4,Mary Lou Retton,0.07844973069574218,percent
27,4,DeMarcus Ware,0.10263435082946427,percent
27,4,Bobby Bones,0.09850445645063705,percent
27,4,Tinashe,0.0687818481910799,percent
27,4,Alexis Ren,0.1258165296543191,percent
27,4,Joe Amabile,0.11776142885558112,percent
27,5,Juan Pablo Di Pace,0.17729631461512893,percent
27,5,Evanna Lynch,0.11675222507332118,percent
27,5,John Schneider,0.07748922378576398,percent
27,5,Milo Manheim,0.05633283600349153,percent
27,5,Mary Lou Retton,0.05512175842179253,percent
27,5,DeMarcus Ware,0.188373783824353,percent
27,5,Bobby Bones,0.12667035190415996,percent
27,5,Alexis Ren,0.16980529306894138,percent
27,5,Joe Amabile,0.03215821330304762,percent
27,6,Juan Pablo Di Pace,0.13480961882384682,percent
27,6,Evanna Lynch,0.12600010312096704,percent
27,6,John Schneider,0.0934859971072379,percent
27,6,Milo Manheim,0.11665645464017249,percent
27,6,Mary Lou Retton,0.06626952706951966,percent
27,6,DeMarcus Ware,0.1463834511695923,percent
27,6,Bobby Bones,0.11415553566466326,percent
27,6,Alexis Ren,0.11980449757962071,percent
27,6,Joe Amabile,0.08243481482437987,percent
27,7,Juan Pablo Di Pace,0.16424865281309312,percent
27,7,Evanna Lynch,0.16259561379732587,percent
27,7,John Schneider,0.012678386476964945,percent
27,7,Milo Manheim,0.1587331777509035,percent
27,7,DeMarcus Ware,0.01498244855087342,percent
27,7,Bobby Bones,0.15993115215687526,percent
27,7,Alexis Ren,0.1616014852384202,percent
27,7,Joe Amabile,0.1652290832155437,percent
27,8,Juan Pablo Di Pace,0.16666666666666666,percent
27,8,Evanna Lynch,0.16666666666666666,percent
27,8,Milo Manheim,0.16666666666666666,percent
27,8,Bobby Bones,0.16666666666666666,percent
27,8,Alexis Ren,0.16666666666666666,percent
27,8,Joe Amabile,0.16666666666666666,percent
27,9,Evanna Lynch,0.3278157832017376,percent
27,9,Milo Manheim,0.28203865719552157,percent
27,9,Bobby Bones,0.21101113517041323,percent
27,9,Alexis Ren,0.17913442443232752,percent
28,1,Kate Flannery,0.10648298880822425,rank
28,1,James Van Der Beek,0.10555791131073217,rank
28,1,Kel Mitchell,0.032414641094388505,rank
28,1,Ray Lewis,0.08126605204464522,rank
28,1,Lamar Odom,0.06442212208410253,rank
28,1,Sailor Brinkley-Cook,0.15268581469073333,rank
28,1,Sean Spicer,0.09630499840582425,rank
28,1,Mary Wilson,0.03662411167827379,rank
28,1,Lauren Alaina,0.12228340211633675,rank
28,1,Ally Brooke,0.0874339627455564,rank
28,1,Karamo Brown,0.04783326589853859,rank
28,1,Hannah Brown,0.0666907291226441,rank
28,2,Kate Flannery,0.07504974484714577,rank
28,2,James Van Der Beek,0.09414422995083718,rank
28,2,Kel Mitchell,0.06709584849547946,rank
28,2,Ray Lewis,0.08749000867896858,rank
28,2,Lamar Odom,0.06601411743344446,rank
28,2,Sailor Brinkley-Cook,0.08979194540251398,rank
28,2,Sean Spicer,0.08826523611016425,rank
28,2,Mary Wilson,0.050857923349941866,rank
28,2,Lauren Alaina,0.10777463918080132,rank
28,2,Ally Brooke,0.10568995383867744,rank
28,2,Karamo Brown,0.09838105524107607,rank
28,2,Hannah Brown,0.06944529747094966,rank
28,3,Kate Flannery,0.04325388979487381,rank
28,3,James Van Der Beek,0.11847707471088399,rank
28,3,Kel Mitchell,0.1205138194331137,rank
28,3,Lamar Odom,0.03508063347054193,rank
28,3,Sailor Brinkley-Cook,0.14819025293071714,rank
28,3,Sean Spicer,0.050557506542556765,rank
28,3,Lauren Alaina,0.027642955482189993,rank
28,3,Ally Brooke,0.13451735485101726,rank
28,3,Karamo Brown,0.18794643704055075,rank
28,3,Hannah Brown,0.1338200757435547,rank
28,4,Kate Flannery,0.07339688463138777,rank
28,4,James Van Der Beek,0.1126456363509116,rank
28,4,Kel Mitchell,0.10487494222413261,rank
28,4,Lamar Odom,0.08525424602323799,rank
28,4,Sailor Brinkley-Cook,0.10580778400314583,rank
28,4,Sean Spicer,0.09245184984637368,rank
28,4,Lauren Alaina,0.09450202300185463,rank
28,4,Ally Brooke,0.08567930406406894,rank
28,4,Karamo Brown,0.11346429265400754,rank
28,4,Hannah Brown,0.13192303720087953,rank
28,5,Kate Flannery,0.020120181900432757,rank
28,5,James Van Der Beek,0.14599595478947366,rank
28,5,Kel Mitchell,0.09298725577972654,rank
28,5,Sailor Brinkley-Cook,0.14696813026796823,rank
28,5,Sean Spicer,0.09092821115308715,rank
28,5,Lauren Alaina,0.12412612362756519,rank
28,5,Ally Brooke,0.09384971684164745,rank
28,5,Karamo Brown,0.16801685051225787,rank
28,5,Hannah Brown,0.11700757512784114,rank
28,6,Kate Flannery,0.10857649283746654,rank
28,6,James Van Der Beek,0.09653857795352527,rank
28,6,Kel Mitchell,0.09912843911054173,rank
28,6,Sailor Brinkley-Cook,0.09071508062190398,rank
28,6,Sean Spicer,0.11885803784412431,rank
28,6,Lauren Alaina,0.11343332846450022,rank
28,6,Ally Brooke,0.13340926441646708,rank
28,6,Karamo Brown,0.11470717855876318,rank
28,6,Hannah Brown,0.12463360019270775,rank
28,7,Kate Flannery,0.12029103772364416,rank
28,7,James Van Der Beek,0.1151043806242346,rank
28,7,Kel Mitchell,0.13527646492597148,rank
28,7,Sean Spicer,0.12445633116223714,rank
28,7,Lauren Alaina,0.11846501858894765,rank
28,7,Ally Brooke,0.1544912195816377,rank
28,7,Karamo Brown,0.10800038527259076,rank
28,7,Hannah Brown,0.12391516212073651,rank
28,8,Kate Flannery,0.11238689872974778,rank
28,8,James Van Der Beek,0.13934453310361958,rank
28,8,Kel Mitchell,0.1647226136024481,rank
28,8,Sean Spicer,0.1559735341952616,rank
28,8,Lauren Alaina,0.1327648769155985,rank
28,8,Ally Brooke,0.1591453765366108,rank
28,8,Hannah Brown,0.13566216691671362,rank
28,9,James Van Der Beek,0.13874350267798338,rank
28,9,Kel Mitchell,0.19958310405042515,rank
28,9,Sean Spicer,0.16320765401300757,rank
28,9,Lauren Alaina,0.1768930349735411,rank
28,9,Ally Brooke,0.16912133654373965,rank
28,9,Hannah Brown,0.1524513677413031,rank
28,10,James Van Der Beek,0.13569552864656953,rank
28,10,Kel Mitchell,0.23729212452779377,rank
28,10,Lauren Alaina,0.20470112405168905,rank
28,10,Ally Brooke,0.2181162992945025,rank
28,10,Hannah Brown,0.20419492347944512,rank
28,11,Kel Mitchell,0.22818387967344436,rank
28,11,Lauren Alaina,0.24449726632546995,rank
28,11,Ally Brooke,0.2600308421329946,rank
28,11,Hannah Brown,0.26728801186809104,rank
29,1,Anne Heche,0.051241400557354835,rank
29,1,Jesse Metcalfe,0.029135841133119487,rank
29,1,Chrishell Stause,0.07442406228243019,rank
29,1,Skai Jackson,0.02047725324907076,rank
29,1,Justina Machado,0.11283466290947877,rank
29,1,Charles Oakley,0.059434094654660874,rank
29,1,Veron Davis,0.016044502030955293,rank
29,1,Johnny Weir,0.06251497345179735,rank
29,1,Nev Schulman,0.08501251247811248,rank
29,1,AJ McLean,0.13388085377009348,rank
29,1,Nelly,0.09689461218393759,rank
29,1,Kaitlyn Bristowe,0.06335365245297148,rank
29,1,Carole Baskin,0.050919908647047214,rank
29,1,Monica Aldama,0.0824798347144455,rank
29,1,Jeannie Mai,0.061351835484524664,rank
29,2,Anne Heche,0.05431835617965354,rank
29,2,Jesse Metcalfe,0.055685807766649824,rank
29,2,Chrishell Stause,0.06566832753551001,rank
29,2,Skai Jackson,0.04702366995242847,rank
29,2,Justina Machado,0.08643522762021956,rank
29,2,Charles Oakley,0.04867214672174856,rank
29,2,Veron Davis,0.06897337701262247,rank
29,2,Johnny Weir,0.049258319844097447,rank
29,2,Nev Schulman,0.07037810749425209,rank
29,2,AJ McLean,0.09259174128782284,rank
29,2,Nelly,0.08856112547799459,rank
29,2,Kaitlyn Bristowe,0.06716941013867812,rank
29,2,Carole Baskin,0.04928633558703283,rank
29,2,Monica Aldama,0.0894690011420656,rank
29,2,Jeannie Mai,0.06650904623922393,rank
29,3,Anne Heche,0.06726981944042597,rank
29,3,Jesse Metcalfe,0.06946689695953333,rank
29,3,Chrishell Stause,0.0728401414713494,rank
29,3,Skai Jackson,0.06866354061424669,rank
29,3,Justina Machado,0.09060432565911031,rank
29,3,Veron Davis,0.08615946333188383,rank
29,3,Johnny Weir,0.05641467290223819,rank
29,3,Nev Schulman,0.0647793150074748,rank
29,3,AJ McLean,0.08187106607595329,rank
29,3,Nelly,0.0640679300635379,rank
29,3,Kaitlyn Bristowe,0.09054265641616792,rank
29,3,Carole Baskin,0.037619100522970204,rank
29,3,Monica Aldama,0.06602084019796127,rank
29,3,Jeannie Mai,0.08368023133714686,rank
29,4,Anne Heche,0.061207922523924624,rank
29,4,Jesse Metcalfe,0.06601555008412363,rank
29,4,Chrishell Stause,0.08516024186607886,rank
29,4,Skai Jackson,0.06659313239941632,rank
29,4,Justina Machado,0.1014051799523104,rank
29,4,Veron Davis,0.06550857608701045,rank
29,4,Johnny Weir,0.07472468509075865,rank
29,4,Nev Schulman,0.06484965117812234,rank
29,4,AJ McLean,0.07076316979175608,rank
29,4,Nelly,0.08805844151114448,rank
29,4,Kaitlyn Bristowe,0.09636355871506591,rank
29,4,Monica Aldama,0.07511527509259253,rank
29,4,Jeannie Mai,0.08423461570769564,rank
29,5,Jesse Metcalfe,0.07863956419521663,rank
29,5,Chrishell Stause,0.09795817800242042,rank
29,5,Skai Jackson,0.07520052759005351,rank
29,5,Justina Machado,0.10318139934163596,rank
29,5,Veron Davis,0.08771454012656864,rank
29,5,Johnny Weir,0.07929365065017756,rank
29,5,Nev Schulman,0.06930479613093776,rank
29,5,AJ McLean,0.09078310323389732,rank
29,5,Nelly,0.08315936876583524,rank
29,5,Kaitlyn Bristowe,0.07969303886077994,rank
29,5,Monica Aldama,0.08169024072797132,rank
29,5,Jeannie Mai,0.07338159237450562,rank
29,6,Chrishell Stause,0.104548633775521,rank
29,6,Skai Jackson,0.09247747520513704,rank
29,6,Justina Machado,0.10597376426736635,rank
29,6,Veron Davis,0.07187096517956842,rank
29,6,Johnny Weir,0.07735355404416625,rank
29,6,Nev Schulman,0.07824051484231268,rank
29,6,AJ McLean,0.0957677280312403,rank
29,6,Nelly,0.08995559573428136,rank
29,6,Kaitlyn Bristowe,0.07835577952726334,rank
29,6,Monica Aldama,0.10093108553038242,rank
29,6,Jeannie Mai,0.1045249038627608,rank
29,7,Chrishell Stause,0.10227553032559555,rank
29,7,Skai Jackson,0.09028293875950186,rank
29,7,Justina Machado,0.12311497153157148,rank
29,7,Johnny Weir,0.09313759558340377,rank
29,7,Nev Schulman,0.08808246669135134,rank
29,7,AJ McLean,0.10151390239988864,rank
29,7,Nelly,0.09725913535312258,rank
29,7,Kaitlyn Bristowe,0.10969224511275906,rank
29,7,Monica Aldama,0.08553264682190982,rank
29,7,Jeannie Mai,0.10910856742089592,rank
29,8,Chrishell Stause,0.09666911512545198,rank
29,8,Skai Jackson,0.12053463647529457,rank
29,8,Justina Machado,0.1801588409745369,rank
29,8,Johnny Weir,0.12711064647843096,rank
29,8,Nev Schulman,0.1075032446921887,rank
29,8,AJ McLean,0.1053076207431713,rank
29,8,Nelly,0.1376465934782497,rank
29,8,Kaitlyn Bristowe,0.1250693020326758,rank
29,9,Skai Jackson,0.14346043112190524,rank
29,9,Justina Machado,0.17040454332977728,rank
29,9,Johnny Weir,0.10940787304083613,rank
29,9,Nev Schulman,0.13312570020365055,rank
29,9,AJ McLean,0.111391368375865,rank
29,9,Nelly,0.18114954940575864,rank
29,9,Kaitlyn Bristowe,0.15106053452220708,rank
29,10,Skai Jackson,0.11585813023038694,rank
29,10,Justina Machado,0.19609910192514887,rank
29,10,Johnny Weir,0.11944121667347106,rank
29,10,Nev Schulman,0.1519894467664027,rank
29,10,Nelly,0.2072376705602288,rank
29,10,Kaitlyn Bristowe,0.20937443384436166,rank
29,11,Justina Machado,0.27728363504649256,rank
29,11,Nev Schulman,0.20058240566588237,rank
29,11,Nelly,0.23817276084563763,rank
29,11,Kaitlyn Bristowe,0.2839611984419873,rank
30,1,Martin Kove,0.06087606803701442,rank
30,1,Brian Austin Green,0.0896638763964614,rank
30,1,Melora Hardin,0.06830150092695285,rank
30,1,Matt James,0.09952010077050578,rank
30,1,"Mike ""The Miz"" Mizanin",0.006325168031902343,rank
30,1,Suni Lee,0.10420216446641345,rank
30,1,Iman Shumpert,0.15126251476507102,rank
30,1,Cody Rigsby,0.097200060759491,rank
30,1,Melanie C,0.06941819766575655,rank
30,1,Jimmie Allen,0.03985628913936916,rank
30,1,Olivia Jade,0.08479422963864745,rank
30,1,JoJo Siwa,0.000757456422471384,rank
30,1,Christine Chiu,0.026853508662197854,rank
30,1,Kenya Moore,0.0007652819816350797,rank
30,1,Amanda Kloots,0.1002035823361102,rank
30,2,Martin Kove,0.044973794477519036,rank
30,2,Brian Austin Green,0.07179390991966494,rank
30,2,Melora Hardin,0.0629608848500702,rank
30,2,Matt James,0.04870203489897209,rank
30,2,"Mike ""The Miz"" Mizanin",0.05889196273045521,rank
30,2,Suni Lee,0.09540693465134341,rank
30,2,Iman Shumpert,0.1003594275811163,rank
30,2,Cody Rigsby,0.06908105538261404,rank
30,2,Melanie C,0.08595540838496325,rank
30,2,Jimmie Allen,0.05813823425855555,rank
30,2,Olivia Jade,0.057762039164195284,rank
30,2,JoJo Siwa,0.06580356157539553,rank
30,2,Christine Chiu,0.0654247592920735,rank
30,2,Kenya Moore,0.051051988868577584,rank
30,2,Amanda Kloots,0.06369400396448421,rank
30,3,Brian Austin Green,0.08839035985415623,rank
30,3,Melora Hardin,0.06607824477925871,rank
30,3,Matt James,0.0811824537274022,rank
30,3,"Mike ""The Miz"" Mizanin",0.05239105129806422,rank
30,3,Suni Lee,0.06484814309189295,rank
30,3,Iman Shumpert,0.07628334424583745,rank
30,3,Cody Rigsby,0.078021036882696,rank
30,3,Melanie C,0.060052670205650145,rank
30,3,Jimmie Allen,0.0849398102112117,rank
30,3,Olivia Jade,0.061057532545602235,rank
30,3,JoJo Siwa,0.0861027640274615,rank
30,3,Christine Chiu,0.06092316309619718,rank
30,3,Kenya Moore,0.0671594686938447,rank
30,3,Amanda Kloots,0.07256995734072481,rank
30,4,Brian Austin Green,0.05482932651653086,rank
30,4,Melora Hardin,0.09499692797062484,rank
30,4,Matt James,0.05235079246480942,rank
30,4,"Mike ""The Miz"" Mizanin",0.0639615137624998,rank
30,4,Suni Lee,0.10407377881498395,rank
30,4,Iman Shumpert,0.08484442556027104,rank
30,4,Cody Rigsby,0.08619398759311767,rank
30,4,Melanie C,0.08459146420568288,rank
30,4,Jimmie Allen,0.06352909707158559,rank
30,4,Olivia Jade,0.07936021311937198,rank
30,4,JoJo Siwa,0.10116077856013127,rank
30,4,Kenya Moore,0.062398639607176426,rank
30,4,Amanda Kloots,0.0677090547532143,rank
30,5,Melora Hardin,0.0784458844042932,rank
30,5,"Mike ""The Miz"" Mizanin",0.09912910602124379,rank
30,5,Suni Lee,0.08067708535507667,rank
30,5,Iman Shumpert,0.10394240217793056,rank
30,5,Cody Rigsby,0.09194398691371614,rank
30,5,Melanie C,0.07536586429336471,rank
30,5,Jimmie Allen,0.08387739178934309,rank
30,5,Olivia Jade,0.10085899192941569,rank
30,5,JoJo Siwa,0.08560438754072391,rank
30,5,Kenya Moore,0.09711252763069016,rank
30,5,Amanda Kloots,0.10304237194420213,rank
30,6,Melora Hardin,0.08679713845733926,rank
30,6,"Mike ""The Miz"" Mizanin",0.0976987995375587,rank
30,6,Suni Lee,0.09827723817037304,rank
30,6,Iman Shumpert,0.11113411083173674,rank
30,6,Cody Rigsby,0.11289181423880532,rank
30,6,Jimmie Allen,0.09762193823828876,rank
30,6,Olivia Jade,0.1086996815659722,rank
30,6,JoJo Siwa,0.09164262088726657,rank
30,6,Kenya Moore,0.08748186687848965,rank
30,6,Amanda Kloots,0.10775479119416975,rank
30,7,Melora Hardin,0.12845262945477834,rank
30,7,"Mike ""The Miz"" Mizanin",0.09615385981475086,rank
30,7,Suni Lee,0.10773239541244173,rank
30,7,Iman Shumpert,0.09017079278896616,rank
30,7,Cody Rigsby,0.12884415203240066,rank
30,7,Jimmie Allen,0.08980346508505596,rank
30,7,Olivia Jade,0.1058493527559844,rank
30,7,JoJo Siwa,0.12168624803798685,rank
30,7,Amanda Kloots,0.131307104617635,rank
30,8,Melora Hardin,0.16412958311576586,rank
30,8,Suni Lee,0.11525231165441059,rank
30,8,Iman Shumpert,0.11014258302075382,rank
30,8,Cody Rigsby,0.1383073593915567,rank
30,8,Jimmie Allen,0.1114324652176611,rank
30,8,Olivia Jade,0.08677363822366753,rank
30,8,JoJo Siwa,0.13755944184572363,rank
30,8,Amanda Kloots,0.1364026175304608,rank
30,9,Melora Hardin,0.17097008938242345,rank
30,9,Suni Lee,0.13163058820964207,rank
30,9,Iman Shumpert,0.16319540356347398,rank
30,9,Cody Rigsby,0.17583303362018535,rank
30,9,JoJo Siwa,0.17728390486652545,rank
30,9,Amanda Kloots,0.18108698035774967,rank
30,10,Iman Shumpert,0.25299308181469926,rank
30,10,Cody Rigsby,0.22364309567772564,rank
30,10,JoJo Siwa,0.22569969365824658,rank
30,10,Amanda Kloots,0.2976641288493283,rank
31,1,Jason Lewis,0.0466200059045577,rank
31,1,Cheryl Ladd,0.05869215672365057,rank
31,1,Selma Blair,0.057427140309110836,rank
31,1,Joseph Baena,0.04860721931948504,rank
31,1,Trevor Donovan,0.05007576906454064,rank
31,1,Daniel Durant,0.07295599794515081,rank
31,1,Wayne Brady,0.04562465399511567,rank
31,1,Sam Champion,0.06412382708523359,rank
31,1,Jessie James Decker,0.07026954389200553,rank
31,1,Jordin Sparks,0.06359050968594776,rank
31,1,Heidi D'Amelio,0.07916315229724605,rank
31,1,Charli D'Amelio,0.06621124721428824,rank
31,1,Teresa Giudice,0.07977519247607977,rank
31,1,Vinny Guadagnino,0.08745260747000731,rank
31,1,Shangela,0.04959497013495998,rank
31,1,Gabby Windey,0.05981600648262057,rank
31,2,Cheryl Ladd,0.07013524725021979,rank
31,2,Selma Blair,0.06642827320493029,rank
31,2,Joseph Baena,0.07404415765064268,rank
31,2,Trevor Donovan,0.0683366020598423,rank
31,2,Daniel Durant,0.05958021062827208,rank
31,2,Wayne Brady,0.07120414412810275,rank
31,2,Sam Champion,0.060871140019654164,rank
31,2,Jessie James Decker,0.07953724262300532,rank
31,2,Jordin Sparks,0.05984999094432575,rank
31,2,Heidi D'Amelio,0.0758124439405522,rank
31,2,Charli D'Amelio,0.08568754912584835,rank
31,2,Teresa Giudice,0.054627026572306475,rank
31,2,Vinny Guadagnino,0.07670407998876018,rank
31,2,Shangela,0.05767838538215874,rank
31,2,Gabby Windey,0.03950350648137898,rank
31,3,Cheryl Ladd,0.05058511381235068,rank
31,3,Selma Blair,0.06300244842962907,rank
31,3,Joseph Baena,0.0683210995608063,rank
31,3,Trevor Donovan,0.05275289846555836,rank
31,3,Daniel Durant,0.06305323457647762,rank
31,3,Wayne Brady,0.06347012238594842,rank
31,3,Sam Champion,0.07274023643675061,rank
31,3,Jessie James Decker,0.08294713119127042,rank
31,3,Jordin Sparks,0.09539438875833482,rank
31,3,Heidi D'Amelio,0.09127794275028007,rank
31,3,Charli D'Amelio,0.09384147166353529,rank
31,3,Vinny Guadagnino,0.06854486587437028,rank
31,3,Shangela,0.0736813170597451,rank
31,3,Gabby Windey,0.06038772903494288,rank
31,4,Selma Blair,0.054928247469087754,rank
31,4,Joseph Baena,0.07247478190509285,rank
31,4,Trevor Donovan,0.07234399200252165,rank
31,4,Daniel Durant,0.07566798452997252,rank
31,4,Wayne Brady,0.06867996537462256,rank
31,4,Sam Champion,0.05382286671058114,rank
31,4,Jessie James Decker,0.09709136076012924,rank
31,4,Jordin Sparks,0.08486195474383008,rank
31,4,Heidi D'Amelio,0.09327403735305367,rank
31,4,Charli D'Amelio,0.09821935220254518,rank
31,4,Vinny Guadagnino,0.06972664245608952,rank
31,4,Shangela,0.08947521912432112,rank
31,4,Gabby Windey,0.06943359536815273,rank
31,5,Selma Blair,0.058520916382822016,rank
31,5,Joseph Baena,0.07933159181007221,rank
31,5,Trevor Donovan,0.08118754306601274,rank
31,5,Daniel Durant,0.08935494729540486,rank
31,5,Wayne Brady,0.08229111426081194,rank
31,5,Jessie James Decker,0.08344520610393577,rank
31,5,Jordin Sparks,0.09902794822594126,rank
31,5,Heidi D'Amelio,0.08261050546129242,rank
31,5,Charli D'Amelio,0.1063274580938491,rank
31,5,Vinny Guadagnino,0.08836185169330371,rank
31,5,Shangela,0.06821812207485871,rank
31,5,Gabby Windey,0.08132279553169537,rank
31,6,Trevor Donovan,0.10302554634069727,rank
31,6,Daniel Durant,0.10651627893137375,rank
31,6,Wayne Brady,0.09380371118160297,rank
31,6,Jessie James Decker,0.09465921619033908,rank
31,6,Jordin Sparks,0.09459770814835522,rank
31,6,Heidi D'Amelio,0.09467652766219771,rank
31,6,Charli D'Amelio,0.13478843763500614,rank
31,6,Vinny Guadagnino,0.0998674063227189,rank
31,6,Shangela,0.081800217515605,rank
31,6,Gabby Windey,0.09626495007210405,rank
31,7,Trevor Donovan,0.11457666839568391,rank
31,7,Daniel Durant,0.11764157082338289,rank
31,7,Wayne Brady,0.10128210561995585,rank
31,7,Jordin Sparks,0.08657337316166454,rank
31,7,Heidi D'Amelio,0.10903378046538126,rank
31,7,Charli D'Amelio,0.1400888052688598,rank
31,7,Vinny Guadagnino,0.1134663334721741,rank
31,7,Shangela,0.1012625820609855,rank
31,7,Gabby Windey,0.11607478073191219,rank
31,8,Trevor Donovan,0.13324861042765077,rank
31,8,Daniel Durant,0.1184872371901772,rank
31,8,Wayne Brady,0.11994867934016432,rank
31,8,Heidi D'Amelio,0.1079033096206345,rank
31,8,Charli D'Amelio,0.15198495692537584,rank
31,8,Vinny Guadagnino,0.11511941124725684,rank
31,8,Shangela,0.12495145508965257,rank
31,8,Gabby Windey,0.12835634015908803,rank
31,9,Trevor Donovan,0.12549201722253275,rank
31,9,Daniel Durant,0.1181710111073066,rank
31,9,Wayne Brady,0.16664945111683246,rank
31,9,Charli D'Amelio,0.2003322770305397,rank
31,9,Shangela,0.19455411879582968,rank
31,9,Gabby Windey,0.19480112472695882,rank
31,10,Wayne Brady,0.2328556452570991,rank
31,10,Charli D'Amelio,0.24911117133903052,rank
31,10,Shangela,0.27274868006245523,rank
31,10,Gabby Windey,0.24528450334141513,rank
32,1,Jamie Lynn Spears,0.060888104173284364,rank
32,1,Mira Sorvino,0.06165781226251415,rank
32,1,Barry Williams,0.0859734412147031,rank
32,1,Alyson Hannigan,0.05947227202509039,rank
32,1,Xochitl Gomez,0.06941262649698471,rank
32,1,Adrian Peterson,0.09485362286662749,rank
32,1,Matt Walsh,0.05590724011034211,rank
32,1,Tyson Beckford,0.06775797298043329,rank
32,1,Jason Mraz,0.06371201353713755,rank
32,1,Lele Pons,0.09380051036769783,rank
32,1,Harry Jowsey,0.09261454534941113,rank
32,1,Mauricio Umansky,0.06533795549149414,rank
32,1,Charity Lawson,0.0639162185176347,rank
32,1,Ariana Madix,0.0646956646066452,rank
32,2,Jamie Lynn Spears,0.046424397703898265,rank
32,2,Mira Sorvino,0.08532493703090456,rank
32,2,Barry Williams,0.051980329427399476,rank
32,2,Alyson Hannigan,0.06205194359441171,rank
32,2,Xochitl Gomez,0.07267772779897409,rank
32,2,Adrian Peterson,0.11056090331188308,rank
32,2,Tyson Beckford,0.04882710322254289,rank
32,2,Jason Mraz,0.08753149448601093,rank
32,2,Lele Pons,0.12150803083883786,rank
32,2,Harry Jowsey,0.06594231886105613,rank
32,2,Mauricio Umansky,0.0872949898974872,rank
32,2,Charity Lawson,0.08247498977668746,rank
32,2,Ariana Madix,0.07740083404990643,rank
32,3,Mira Sorvino,0.08732788718032881,rank
32,3,Barry Williams,0.06783828455772263,rank
32,3,Alyson Hannigan,0.08444721505906286,rank
32,3,Xochitl Gomez,0.09638347640196616,rank
32,3,Adrian Peterson,0.08675899289299767,rank
32,3,Tyson Beckford,0.07126165364303738,rank
32,3,Jason Mraz,0.09108479614339188,rank
32,3,Lele Pons,0.08756133220455362,rank
32,3,Harry Jowsey,0.0823518655335805,rank
32,3,Mauricio Umansky,0.07870552392079373,rank
32,3,Charity Lawson,0.0776521827437854,rank
32,3,Ariana Madix,0.08862678971877935,rank
32,4,Mira Sorvino,0.06999741597871327,rank
32,4,Barry Williams,0.08358252626093135,rank
32,4,Alyson Hannigan,0.10811356663072806,rank
32,4,Xochitl Gomez,0.10131396676115897,rank
32,4,Adrian Peterson,0.07797335594562137,rank
32,4,Jason Mraz,0.09684645895939721,rank
32,4,Lele Pons,0.08161939379244448,rank
32,4,Harry Jowsey,0.09780717892407773,rank
32,4,Mauricio Umansky,0.08343050784747076,rank
32,4,Charity Lawson,0.10270486168771242,rank
32,4,Ariana Madix,0.09661076721174439,rank
32,5,Mira Sorvino,0.08036678494494745,rank
32,5,Barry Williams,0.09285871954720822,rank
32,5,Alyson Hannigan,0.10791031959005361,rank
32,5,Xochitl Gomez,0.10701078487236759,rank
32,5,Jason Mraz,0.11960490286226737,rank
32,5,Lele Pons,0.11383754595944334,rank
32,5,Harry Jowsey,0.08507385973424719,rank
32,5,Mauricio Umansky,0.08468276364681522,rank
32,5,Charity Lawson,0.10429128269461929,rank
32,5,Ariana Madix,0.10436303614803072,rank
32,6,Barry Williams,0.10069654217323908,rank
32,6,Alyson Hannigan,0.1154508967476117,rank
32,6,Xochitl Gomez,0.11379602060871652,rank
32,6,Jason Mraz,0.10120981033110182,rank
32,6,Lele Pons,0.10088905084655346,rank
32,6,Harry Jowsey,0.12166544269329913,rank
32,6,Mauricio Umansky,0.08098697985882398,rank
32,6,Charity Lawson,0.12914535936381855,rank
32,6,Ariana Madix,0.13615989737683576,rank
32,7,Barry Williams,0.13664379267611154,rank
32,7,Alyson Hannigan,0.12908407864638657,rank
32,7,Xochitl Gomez,0.10995230982829172,rank
32,7,Jason Mraz,0.11782978454869189,rank
32,7,Lele Pons,0.10662448872912796,rank
32,7,Harry Jowsey,0.1352700696039927,rank
32,7,Charity Lawson,0.13907795203456408,rank
32,7,Ariana Madix,0.1255175239328334,rank
32,8,Barry Williams,0.13064931275272204,rank
32,8,Alyson Hannigan,0.1298370402822577,rank
32,8,Xochitl Gomez,0.13368393773986142,rank
32,8,Jason Mraz,0.1625102809204396,rank
32,8,Harry Jowsey,0.1452560724907375,rank
32,8,Charity Lawson,0.15297469573782105,rank
32,8,Ariana Madix,0.14508866007616075,rank
32,9,Alyson Hannigan,0.14520153761200524,rank
32,9,Xochitl Gomez,0.1593275610273163,rank
32,9,Jason Mraz,0.18175479181700957,rank
32,9,Harry Jowsey,0.14342751672954918,rank
32,9,Charity Lawson,0.17014846312633855,rank
32,9,Ariana Madix,0.20014012968778128,rank
32,10,Alyson Hannigan,0.11894673420115578,rank
32,10,Xochitl Gomez,0.2194942836894254,rank
32,10,Jason Mraz,0.20591859877320048,rank
32,10,Charity Lawson,0.20204630164172666,rank
32,10,Ariana Madix,0.2535940816944917,rank
32,11,Alyson Hannigan,0.13421308804985843,rank
32,11,Xochitl Gomez,0.2054786586131433,rank
32,11,Jason Mraz,0.22912827439233416,rank
32,11,Charity Lawson,0.2263806633587391,rank
32,11,Ariana Madix,0.20479931558592496,rank
33,1,Tori Spelling,0.02970515772403155,rank
33,1,Eric Roberts,0.02704243970514989,rank
33,1,Reginald VelJohnson,0.09057860679614332,rank
33,1,Chandler Kinney,0.023696045305084675,rank
33,1,Dwight Howard ,0.018772348897757075,rank
33,1,Danny Amendola,0.02148505392218757,rank
33,1,Stephen Nedoroscik,0.10486644352004826,rank
33,1,Ilona Maher,0.047626837596106565,rank
33,1,Anna Delvey,0.10893612412957712,rank
33,1,Brooks Nader,0.1356222635885154,rank
33,1,Phaedra Parks,0.07008137824685938,rank
33,1,Jenn Tran,0.2371406485675994,rank
33,1,Joey Graziadei,0.08444665200093973,rank
33,2,Tori Spelling,0.04235148666929524,rank
33,2,Eric Roberts,0.05978531262275173,rank
33,2,Reginald VelJohnson,0.07294570395353542,rank
33,2,Chandler Kinney,0.058367257566235335,rank
33,2,Dwight Howard ,0.06655725114239916,rank
33,2,Danny Amendola,0.05340610379500027,rank
33,2,Stephen Nedoroscik,0.08808007968208645,rank
33,2,Ilona Maher,0.04998288657309313,rank
33,2,Anna Delvey,0.05162232563806119,rank
33,2,Brooks Nader,0.11238291888905613,rank
33,2,Phaedra Parks,0.07702071352829752,rank
33,2,Jenn Tran,0.19076156139447445,rank
33,2,Joey Graziadei,0.07673639854571401,rank
33,3,Eric Roberts,0.06050575621655322,rank
33,3,Reginald VelJohnson,0.07573031407085379,rank
33,3,Chandler Kinney,0.08234208764388846,rank
33,3,Dwight Howard ,0.09056868610246413,rank
33,3,Danny Amendola,0.1183074953503008,rank
33,3,Stephen Nedoroscik,0.11470053826873844,rank
33,3,Ilona Maher,0.09102622462992498,rank
33,3,Brooks Nader,0.09280657648613537,rank
33,3,Phaedra Parks,0.1062683400592419,rank
33,3,Jenn Tran,0.08584027145471484,rank
33,3,Joey Graziadei,0.08190370971718405,rank
33,4,Chandler Kinney,0.11795539945615104,rank
33,4,Dwight Howard ,0.13740646692326922,rank
33,4,Danny Amendola,0.12621150768852296,rank
33,4,Stephen Nedoroscik,0.1050909736470857,rank
33,4,Ilona Maher,0.10474014314002869,rank
33,4,Brooks Nader,0.08709495441558605,rank
33,4,Phaedra Parks,0.093381573807362,rank
33,4,Jenn Tran,0.11570599806997005,rank
33,4,Joey Graziadei,0.11241298285202438,rank
33,5,Chandler Kinney,0.1313320483977915,rank
33,5,Dwight Howard ,0.14716058298553603,rank
33,5,Danny Amendola,0.12496114316421816,rank
33,5,Stephen Nedoroscik,0.12339305626588293,rank
33,5,Ilona Maher,0.11171162979780135,rank
33,5,Phaedra Parks,0.10022464289074398,rank
33,5,Jenn Tran,0.14180542448637912,rank
33,5,Joey Graziadei,0.11941147201164704,rank
33,6,Chandler Kinney,0.14997242591472199,rank
33,6,Dwight Howard ,0.14595890371660367,rank
33,6,Danny Amendola,0.1438664708363709,rank
33,6,Stephen Nedoroscik,0.14288756568671912,rank
33,6,Ilona Maher,0.14637021168094802,rank
33,6,Jenn Tran,0.1320875807198892,rank
33,6,Joey Graziadei,0.13885684144474716,rank
33,7,Chandler Kinney,0.15864129939219865,rank
33,7,Dwight Howard ,0.14951018211327954,rank
33,7,Danny Amendola,0.18591673578439644,rank
33,7,Stephen Nedoroscik,0.17686453267362562,rank
33,7,Ilona Maher,0.151023777234077,rank
33,7,Joey Graziadei,0.17804347280242278,rank
33,8,Chandler Kinney,0.19742689158425789,rank
33,8,Danny Amendola,0.22285232744883515,rank
33,8,Stephen Nedoroscik,0.22383528162990768,rank
33,8,Ilona Maher,0.14127610637131277,rank
33,8,Joey Graziadei,0.21460939296568654,rank
33,9,Chandler Kinney,0.22168828606892854,rank
33,9,Danny Amendola,0.2225971235708501,rank
33,9,Stephen Nedoroscik,0.19202729153399714,rank
33,9,Ilona Maher,0.1231476502941993,rank
33,9,Joey Graziadei,0.24053964853202484,rank
34,1,Corey Feldman,0.0815341779438608,rank
34,1,Danielle Fishel,0.11735278393079,rank
34,1,Elaine Hendrix,0.12754863264158497,rank
34,1,Baron Davis,0.04142061857922593,rank
34,1,Jordan Chiles,0.11910092035348205,rank
34,1,Andy Richter,0.003552639118428106,rank
34,1,Robert Irwin,0.06387661514682494,rank
34,1,Hilaria Baldwin,0.15010780044873748,rank
34,1,Lauren Jauregui,0.054620319136023256,rank
34,1,Scott Hoying,0.008945588918439579,rank
34,1,Alix Earle,0.035675279040710633,rank
34,1,Jen Affleck,0.0026669521622414982,rank
34,1,Whitney Leavitt,0.1005597976288942,rank
34,1,Dylan Efron,0.0930378749507566,rank
34,2,Corey Feldman,0.05651676702608499,rank
34,2,Danielle Fishel,0.09540487239722707,rank
34,2,Elaine Hendrix,0.05570603424785338,rank
34,2,Baron Davis,0.04819271720212829,rank
34,2,Jordan Chiles,0.0733265260584963,rank
34,2,Andy Richter,0.06188421211596187,rank
34,2,Robert Irwin,0.07319495283205917,rank
34,2,Hilaria Baldwin,0.0894193011481013,rank
34,2,Lauren Jauregui,0.0339007406698107,rank
34,2,Scott Hoying,0.11388492048352557,rank
34,2,Alix Earle,0.05417696013250289,rank
34,2,Jen Affleck,0.06113170201011082,rank
34,2,Whitney Leavitt,0.10385537106084383,rank
34,2,Dylan Efron,0.0794049226152936,rank
34,3,Danielle Fishel,0.10708653273113738,rank
34,3,Elaine Hendrix,0.0835825444216319,rank
34,3,Jordan Chiles,0.08876650747679234,rank
34,3,Andy Richter,0.07352437790381064,rank
34,3,Robert Irwin,0.082730438592843,rank
34,3,Hilaria Baldwin,0.0728002993058853,rank
34,3,Lauren Jauregui,0.06857062424153652,rank
34,3,Scott Hoying,0.09712898896940965,rank
34,3,Alix Earle,0.0831988354277626,rank
34,3,Jen Affleck,0.06510032909484612,rank
34,3,Whitney Leavitt,0.08752215049140658,rank
34,3,Dylan Efron,0.08998837134293801,rank
34,4,Danielle Fishel,0.13273888062345074,rank
34,4,Elaine Hendrix,0.10238800934917049,rank
34,4,Jordan Chiles,0.07193516015804492,rank
34,4,Andy Richter,0.1050304667966007,rank
34,4,Robert Irwin,0.11651729946124745,rank
34,4,Hilaria Baldwin,0.06093653767039779,rank
34,4,Scott Hoying,0.08417156315135921,rank
34,4,Alix Earle,0.06476227725752916,rank
34,4,Jen Affleck,0.07040326025128398,rank
34,4,Whitney Leavitt,0.06423656361021152,rank
34,4,Dylan Efron,0.12687998167070397,rank
34,5,Danielle Fishel,0.1405773298440106,rank
34,5,Elaine Hendrix,0.1602755165098347,rank
34,5,Jordan Chiles,0.05672576693999439,rank
34,5,Andy Richter,0.15213888268518608,rank
34,5,Robert Irwin,0.15516072287089194,rank
34,5,Scott Hoying,0.057929035580411986,rank
34,5,Alix Earle,0.08609869715386141,rank
34,5,Jen Affleck,0.015564605587437502,rank
34,5,Whitney Leavitt,0.05384249843007095,rank
34,5,Dylan Efron,0.12168694439830029,rank
34,6,Danielle Fishel,0.08821167377417746,rank
34,6,Elaine Hendrix,0.14508093085197804,rank
34,6,Jordan Chiles,0.08757113561346329,rank
34,6,Andy Richter,0.11268811394543987,rank
34,6,Robert Irwin,0.10946112976438077,rank
34,6,Scott Hoying,0.0855651963828276,rank
34,6,Alix Earle,0.10138415741419621,rank
34,6,Jen Affleck,0.09812867753676134,rank
34,6,Whitney Leavitt,0.08444963341167905,rank
34,6,Dylan Efron,0.0874593513050964,rank
34,7,Danielle Fishel,0.08987299215907361,rank
34,7,Elaine Hendrix,0.1425277551898674,rank
34,7,Jordan Chiles,0.12393796210663276,rank
34,7,Andy Richter,0.1025115256087591,rank
34,7,Robert Irwin,0.10095844383827651,rank
34,7,Alix Earle,0.13274861934857202,rank
34,7,Jen Affleck,0.08731908153672524,rank
34,7,Whitney Leavitt,0.1220701107150593,rank
34,7,Dylan Efron,0.09805350949703406,rank
34,8,Danielle Fishel,0.09699857630830577,rank
34,8,Elaine Hendrix,0.13134881606964724,rank
34,8,Jordan Chiles,0.1331583453932432,rank
34,8,Andy Richter,0.10933441911336814,rank
34,8,Robert Irwin,0.14913410666464424,rank
34,8,Alix Earle,0.14890477862090296,rank
34,8,Whitney Leavitt,0.12485855410217926,rank
34,8,Dylan Efron,0.10626240372770916,rank
34,9,Elaine Hendrix,0.13975052667969606,rank
34,9,Jordan Chiles,0.14954350737440364,rank
34,9,Andy Richter,0.11363873913745608,rank
34,9,Robert Irwin,0.15512203783169834,rank
34,9,Alix Earle,0.17253376927142725,rank
34,9,Whitney Leavitt,0.1286763765224424,rank
34,9,Dylan Efron,0.14073504318287622,rank
34,10,Elaine Hendrix,0.14531791326368057,rank
34,10,Jordan Chiles,0.17352932608567298,rank
34,10,Robert Irwin,0.18445041720200137,rank
34,10,Alix Earle,0.19325444311799023,rank
34,10,Whitney Leavitt,0.12932244638549556,rank
34,10,Dylan Efron,0.17412545394515933,rank
34,11,Elaine Hendrix,0.13529142703187486,rank
34,11,Jordan Chiles,0.21720289375285345,rank
34,11,Robert Irwin,0.22833902295861,rank
34,11,Alix Earle,0.20706648974451014,rank
34,11,Dylan Efron,0.2121001665121515,rank
