season,week,celebrity_name,ballroom_partner,industry,country,age,placement,judge_total,fan_vote_share,judge_rank,fan_rank,n_contestants_week,judge_improvement,judge_volatility,season_competitiveness,pro_experience_seasons,pro_win_rate,pro_avg_placement,pro_current_form,pro_celebrity_chemistry,pro_concurrent_strength,age_z,age_sq,industry_physicality,celebrity_visibility,is_us_based,pre_show_popularity,interact_exp_physicality,interact_winrate_visibility,interact_week_age
1,1,John O'Hurley,Charlotte Jorgensen,Actor/Actress,United States,50,2,20.0,0.1780307660075214,2.0,4.0,6.0,0.0,0.0,4.234519317012717,0,0.0,6.0,20.0,1.0,0.0,1.0657436297943557,1.1358094844472486,2,0.08333333333333333,1,2.0,0,0.0,1.0657436297943557
1,2,John O'Hurley,Charlotte Jorgensen,Actor/Actress,United States,50,2,26.0,0.1780285430383976,1.0,2.0,6.0,0.29999998500000075,4.242640687119285,4.234519317012717,0,0.0,6.0,23.0,1.0,0.0,1.0657436297943557,1.1358094844472486,2,0.08333333333333333,1,2.0,0,0.0,2.1314872595887113
1,3,John O'Hurley,Charlotte Jorgensen,Actor/Actress,United States,50,2,24.0,0.1975302780754232,2.0,2.0,5.0,0.1999999900000005,3.0550504633038935,4.234519317012717,0,0.0,6.0,23.333333333333332,1.0,0.0,1.0657436297943557,1.1358094844472486,2,0.08333333333333333,1,2.0,0,0.0,3.197230889383067
1,4,John O'Hurley,Charlotte Jorgensen,Actor/Actress,United States,50,2,21.0,0.2263482471636707,3.0,3.0,4.0,0.04999999750000012,2.5166114784235845,4.234519317012717,0,0.0,6.0,23.666666666666668,1.0,0.0,1.0657436297943557,1.1358094844472486,2,0.08333333333333333,1,2.0,0,0.0,4.262974519177423
1,5,John O'Hurley,Charlotte Jorgensen,Actor/Actress,United States,50,2,27.0,0.3311194720932308,1.0,2.0,3.0,0.34999998250000086,3.0000000000000013,4.234519317012717,0,0.0,6.0,24.0,1.0,0.0,1.0657436297943557,1.1358094844472486,2,0.08333333333333333,1,2.0,0,0.0,5.328718148971778
1,6,John O'Hurley,Charlotte Jorgensen,Actor/Actress,United States,50,2,27.0,0.4318888629199538,2.0,2.0,2.0,0.34999998250000086,3.4641016151377557,4.234519317012717,0,0.0,6.0,25.0,1.0,0.0,1.0657436297943557,1.1358094844472486,2,0.08333333333333333,1,2.0,0,0.0,6.394461778766134
1,1,Kelly Monaco,Alec Mazo,Actor/Actress,United States,29,1,13.0,0.1717229737394882,6.0,5.0,6.0,0.0,0.0,4.234519317012717,0,0.0,6.0,13.0,0.2,0.0,-0.5657723900176211,0.3200983973062512,2,0.08333333333333333,1,-1.0,0,0.0,-0.5657723900176211
1,2,Kelly Monaco,Alec Mazo,Actor/Actress,United States,29,1,17.0,0.1878461326872407,5.0,1.0,6.0,0.3076922840236705,2.8284271247461903,4.234519317012717,0,0.0,6.0,15.0,0.2,0.0,-0.5657723900176211,0.3200983973062512,2,0.08333333333333333,1,-1.0,0,0.0,-1.1315447800352423
1,3,Kelly Monaco,Alec Mazo,Actor/Actress,United States,29,1,21.0,0.2486754941108149,4.0,1.0,5.0,0.615384568047341,4.0,4.234519317012717,0,0.0,6.0,17.0,0.2,0.0,-0.5657723900176211,0.3200983973062512,2,0.08333333333333333,1,-1.0,0,0.0,-1.6973171700528633
1,4,Kelly Monaco,Alec Mazo,Actor/Actress,United States,29,1,26.0,0.3194292652632569,1.0,1.0,4.0,0.9999999230769291,4.509249752822894,4.234519317012717,0,0.0,6.0,21.333333333333332,0.2,0.0,-0.5657723900176211,0.3200983973062512,2,0.08333333333333333,1,-1.0,0,0.0,-2.2630895600704846
1,5,Kelly Monaco,Alec Mazo,Actor/Actress,United States,29,1,23.5,0.4599273528244255,2.0,1.0,3.0,0.807692245562135,2.5000000000000013,4.234519317012717,0,0.0,6.0,23.5,0.2,0.0,-0.5657723900176211,0.3200983973062512,2,0.08333333333333333,1,-1.0,0,0.0,-2.828861950088106
1,6,Kelly Monaco,Alec Mazo,Actor/Actress,United States,29,1,27.5,0.5681111370800462,1.0,1.0,2.0,1.1153845295858056,2.0207259421636916,4.234519317012717,0,0.0,6.0,25.666666666666668,0.2,0.0,-0.5657723900176211,0.3200983973062512,2,0.08333333333333333,1,-1.0,0,0.0,-3.3946343401057266
1,1,Evander Holyfield,Edyta Sliwinska,Athlete,United States,42,5,18.0,0.1885300180858824,4.5,2.0,6.0,0.0,0.0,4.234519317012717,0,0.0,6.0,18.0,0.2727272727272727,0.0,0.44421371748503113,0.19732582680187105,3,0.3333333333333333,1,-2.5,0,0.0,0.44421371748503113
1,2,Evander Holyfield,Edyta Sliwinska,Athlete,United States,42,5,14.0,0.1732403171534842,6.0,4.0,6.0,-0.2222222098765439,2.8284271247461903,4.234519317012717,0,0.0,6.0,16.0,0.2727272727272727,0.0,0.44421371748503113,0.19732582680187105,3,0.3333333333333333,1,-2.5,0,0.0,0.8884274349700623
1,3,Evander Holyfield,Edyta Sliwinska,Athlete,United States,42,5,13.0,0.1879974425393539,5.0,4.0,5.0,-0.27777776234567986,2.6457513110645907,4.234519317012717,0,0.0,6.0,15.0,0.2727272727272727,0.0,0.44421371748503113,0.19732582680187105,3,0.3333333333333333,1,-2.5,0,0.0,1.3326411524550934
1,1,Rachel Hunter,Jonathan Roberts,Model,New Zealand,35,4,20.0,0.197482134862076,2.0,1.0,6.0,0.0,0.0,4.234519317012717,0,0.0,6.0,20.0,0.2857142857142857,0.0,-0.09962495578562776,0.009925131815288285,2,0.25,0,-1.0,0,0.0,-0.09962495578562776
1,2,Rachel Hunter,Jonathan Roberts,Model,New Zealand,35,4,24.0,0.1615930312379582,2.0,5.0,6.0,0.1999999900000005,2.8284271247461903,4.234519317012717,0,0.0,6.0,22.0,0.2857142857142857,0.0,-0.09962495578562776,0.009925131815288285,2,0.25,0,-1.0,0,0.0,-0.19924991157125552
1,3,Rachel Hunter,Jonathan Roberts,Model,New Zealand,35,4,26.0,0.176024517486362,1.0,5.0,5.0,0.29999998500000075,3.0550504633038935,4.234519317012717,0,0.0,6.0,23.333333333333332,0.2857142857142857,0.0,-0.09962495578562776,0.009925131815288285,2,0.25,0,-1.0,0,0.0,-0.2988748673568833
1,4,Rachel Hunter,Jonathan Roberts,Model,New Zealand,35,4,25.0,0.2218297694595065,2.0,4.0,4.0,0.2499999875000006,1.0000000000000027,4.234519317012717,0,0.0,6.0,25.0,0.2857142857142857,0.0,-0.09962495578562776,0.009925131815288285,2,0.25,0,-1.0,0,0.0,-0.39849982314251103
1,1,Joey McIntyre,Ashly DelGrosso,Singer/Rapper,United States,32,3,20.0,0.1785781173639037,2.0,3.0,6.0,0.0,0.0,4.234519317012717,0,0.0,6.0,20.0,0.5,0.0,-0.3326986729016244,0.11068840695050207,2,0.2,1,1.0,0,0.0,-0.3326986729016244
1,2,Joey McIntyre,Ashly DelGrosso,Singer/Rapper,United States,32,3,21.0,0.1777361371359667,3.0,3.0,6.0,0.04999999750000012,0.7071067811865476,4.234519317012717,0,0.0,6.0,20.5,0.5,0.0,-0.3326986729016244,0.11068840695050207,2,0.2,1,1.0,0,0.0,-0.6653973458032488
1,3,Joey McIntyre,Ashly DelGrosso,Singer/Rapper,United States,32,3,22.0,0.189772267788046,3.0,3.0,5.0,0.09999999500000024,1.0,4.234519317012717,0,0.0,6.0,21.0,0.5,0.0,-0.3326986729016244,0.11068840695050207,2,0.2,1,1.0,0,0.0,-0.9980960187048733
1,4,Joey McIntyre,Ashly DelGrosso,Singer/Rapper,United States,32,3,20.0,0.2323927181135659,4.0,2.0,4.0,0.0,1.0,4.234519317012717,0,0.0,6.0,21.0,0.5,0.0,-0.3326986729016244,0.11068840695050207,2,0.2,1,1.0,0,0.0,-1.3307946916064977
1,5,Joey McIntyre,Ashly DelGrosso,Singer/Rapper,United States,32,3,22.5,0.2089531750823436,3.0,3.0,3.0,0.1249999937500003,1.3228756555322954,4.234519317012717,0,0.0,6.0,21.5,0.5,0.0,-0.3326986729016244,0.11068840695050207,2,0.2,1,1.0,0,0.0,-1.663493364508122
1,1,Trista Sutter,Louis van Amstel,TV Personality,United States,32,6,18.0,0.085655989941128,4.5,6.0,6.0,0.0,0.0,4.234519317012717,0,0.0,6.0,18.0,0.36363636363636365,0.0,-0.3326986729016244,0.11068840695050207,1,0.5,1,1.5,0,0.0,-0.3326986729016244
1,2,Trista Sutter,Louis van Amstel,TV Personality,United States,32,6,19.0,0.1215558387469524,4.0,6.0,6.0,0.055555552469135974,0.0,4.234519317012717,0,0.0,6.0,18.5,0.36363636363636365,0.0,-0.3326986729016244,0.11068840695050207,1,0.5,1,1.5,0,0.0,-0.6653973458032488
2,1,Tatum O'Neal,Nick Kosovich,Actor/Actress,United States,42,9,23.0,0.0968709132489071,2.5,7.0,10.0,0.0,0.0,4.791486976463797,0,0.0,6.0,23.0,1.0,0.1,0.44421371748503113,0.19732582680187105,2,0.05,1,4.5,0,0.0,0.44421371748503113
2,2,Tatum O'Neal,Nick Kosovich,Actor/Actress,United States,42,9,17.0,0.1021996963836869,8.0,8.0,9.0,-0.2608695538752368,0.0,4.791486976463797,0,0.0,6.0,20.0,1.0,0.1,0.44421371748503113,0.19732582680187105,2,0.05,1,4.5,0,0.0,0.8884274349700623
2,1,Tia Carrere,Maksim Chmerkoskiy,Actor/Actress,United States,39,6,20.0,0.1064650568523898,6.0,5.0,10.0,0.0,0.0,4.791486976463797,0,0.0,6.0,20.0,0.4117647058823529,0.1,0.21114000036903446,0.04458009975583587,2,0.05,1,-1.0,0,0.0,0.21114000036903446
2,2,Tia Carrere,Maksim Chmerkoskiy,Actor/Actress,United States,39,6,22.0,0.1104208456368519,5.5,5.0,9.0,0.09999999500000024,1.4142135623730951,4.791486976463797,0,0.0,6.0,21.0,0.4117647058823529,0.1,0.21114000036903446,0.04458009975583587,2,0.05,1,-1.0,0,0.0,0.42228000073806893
2,3,Tia Carrere,Maksim Chmerkoskiy,Actor/Actress,United States,39,6,26.0,0.1388436021908061,3.0,1.0,8.0,0.29999998500000075,3.055050463303893,4.791486976463797,0,0.0,6.0,22.666666666666668,0.4117647058823529,0.1,0.21114000036903446,0.04458009975583587,2,0.05,1,-1.0,0,0.0,0.6334200011071034
2,4,Tia Carrere,Maksim Chmerkoskiy,Actor/Actress,United States,39,6,25.0,0.1463432188844836,4.0,4.0,7.0,0.2499999875000006,2.0816659994661317,4.791486976463797,0,0.0,6.0,24.333333333333332,0.4117647058823529,0.1,0.21114000036903446,0.04458009975583587,2,0.05,1,-1.0,0,0.0,0.8445600014761379
2,5,Tia Carrere,Maksim Chmerkoskiy,Actor/Actress,United States,39,6,22.0,0.1413647692116924,6.0,5.0,6.0,0.09999999500000024,2.0816659994661317,4.791486976463797,0,0.0,6.0,24.333333333333332,0.4117647058823529,0.1,0.21114000036903446,0.04458009975583587,2,0.05,1,-1.0,0,0.0,1.0557000018451723
2,1,George Hamilton,Edyta Sliwinska,Actor/Actress,United States,66,5,18.0,0.1171557686393071,8.0,1.0,10.0,0.0,0.0,4.791486976463797,1,0.0,5.0,18.0,0.5454545454545454,0.1,2.3088034544130043,5.3305733911094215,2,0.05,1,-7.0,2,0.0,2.3088034544130043
2,2,George Hamilton,Edyta Sliwinska,Actor/Actress,United States,66,5,22.0,0.1275973462778941,5.5,1.0,9.0,0.2222222098765439,2.8284271247461903,4.791486976463797,1,0.0,5.0,20.0,0.5454545454545454,0.1,2.3088034544130043,5.3305733911094215,2,0.05,1,-7.0,2,0.0,4.6176069088260085
2,3,George Hamilton,Edyta Sliwinska,Actor/Actress,United States,66,5,22.0,0.1350576292807018,5.5,2.0,8.0,0.2222222098765439,2.309401076758503,4.791486976463797,1,0.0,5.0,20.666666666666668,0.5454545454545454,0.1,2.3088034544130043,5.3305733911094215,2,0.05,1,-7.0,2,0.0,6.926410363239013
2,4,George Hamilton,Edyta Sliwinska,Actor/Actress,United States,66,5,21.0,0.1294556590486466,6.0,6.0,7.0,0.1666666574074079,0.5773502691896232,4.791486976463797,1,0.0,5.0,21.666666666666668,0.5454545454545454,0.1,2.3088034544130043,5.3305733911094215,2,0.05,1,-7.0,2,0.0,9.235213817652017
2,5,George Hamilton,Edyta Sliwinska,Actor/Actress,United States,66,5,24.0,0.159774297454004,4.0,4.0,6.0,0.3333333148148158,1.5275252316519463,4.791486976463797,1,0.0,5.0,22.333333333333332,0.5454545454545454,0.1,2.3088034544130043,5.3305733911094215,2,0.05,1,-7.0,2,0.0,11.544017272065021
2,6,George Hamilton,Edyta Sliwinska,Actor/Actress,United States,66,5,23.0,0.1719184396780839,4.5,5.0,5.0,0.27777776234567986,1.5275252316519463,4.791486976463797,1,0.0,5.0,22.666666666666668,0.5454545454545454,0.1,2.3088034544130043,5.3305733911094215,2,0.05,1,-7.0,2,0.0,13.852820726478026
2,1,Lisa Rinna,Louis van Amstel,Actor/Actress,United States,42,4,19.0,0.1085572468653384,7.0,3.0,10.0,0.0,0.0,4.791486976463797,1,0.0,6.0,19.0,0.5454545454545454,0.1,0.44421371748503113,0.19732582680187105,2,0.05,1,-4.0,2,0.0,0.44421371748503113
2,2,Lisa Rinna,Louis van Amstel,Actor/Actress,United States,42,4,20.0,0.1225861490836568,7.0,2.0,9.0,0.05263157617728546,0.7071067811865476,4.791486976463797,1,0.0,6.0,19.5,0.5454545454545454,0.1,0.44421371748503113,0.19732582680187105,2,0.05,1,-4.0,2,0.0,0.8884274349700623
2,3,Lisa Rinna,Louis van Amstel,Actor/Actress,United States,42,4,25.0,0.1212388826114756,4.0,6.0,8.0,0.31578945706371275,3.214550253664319,4.791486976463797,1,0.0,6.0,21.333333333333332,0.5454545454545454,0.1,0.44421371748503113,0.19732582680187105,2,0.05,1,-4.0,2,0.0,1.3326411524550934
2,4,Lisa Rinna,Louis van Amstel,Actor/Actress,United States,42,4,26.0,0.1377123540585594,2.5,5.0,7.0,0.36842103324099823,3.214550253664319,4.791486976463797,1,0.0,6.0,23.666666666666668,0.5454545454545454,0.1,0.44421371748503113,0.19732582680187105,2,0.05,1,-4.0,2,0.0,1.7768548699401245
2,5,Lisa Rinna,Louis van Amstel,Actor/Actress,United States,42,4,25.0,0.1334096825711814,3.0,6.0,6.0,0.31578945706371275,0.5773502691896255,4.791486976463797,1,0.0,6.0,25.333333333333332,0.5454545454545454,0.1,0.44421371748503113,0.19732582680187105,2,0.05,1,-4.0,2,0.0,2.2210685874251554
2,6,Lisa Rinna,Louis van Amstel,Actor/Actress,United States,42,4,27.0,0.1840856296594638,3.0,4.0,5.0,0.4210526094182837,1.0,4.791486976463797,1,0.0,6.0,26.0,0.5454545454545454,0.1,0.44421371748503113,0.19732582680187105,2,0.05,1,-4.0,2,0.0,2.665282304910187
2,7,Lisa Rinna,Louis van Amstel,Actor/Actress,United States,42,4,26.5,0.1816316386979565,3.0,4.0,4.0,0.39473682132964094,1.0408329997330663,4.791486976463797,1,0.0,6.0,26.166666666666668,0.5454545454545454,0.1,0.44421371748503113,0.19732582680187105,2,0.05,1,-4.0,2,0.0,3.109496022395218
2,1,Stacy Keibler,Tony Dovolani,Athlete,United States,26,3,22.0,0.1128752021792017,4.0,2.0,10.0,0.0,0.0,4.791486976463797,0,0.0,6.0,22.0,0.09523809523809523,0.1,-0.7988461071336178,0.6381551028825356,3,0.0625,1,-2.0,0,0.0,-0.7988461071336178
2,2,Stacy Keibler,Tony Dovolani,Athlete,United States,26,3,29.0,0.1046016536921627,1.0,7.0,9.0,0.3181818037190089,4.949747468305833,4.791486976463797,0,0.0,6.0,25.5,0.09523809523809523,0.1,-0.7988461071336178,0.6381551028825356,3,0.0625,1,-2.0,0,0.0,-1.5976922142672356
2,3,Stacy Keibler,Tony Dovolani,Athlete,United States,26,3,27.0,0.1314512817494526,1.5,3.0,8.0,0.2272727169421492,3.605551275463989,4.791486976463797,0,0.0,6.0,26.0,0.09523809523809523,0.1,-0.7988461071336178,0.6381551028825356,3,0.0625,1,-2.0,0,0.0,-2.3965383214008535
2,4,Stacy Keibler,Tony Dovolani,Athlete,United States,26,3,26.0,0.165624345663954,2.5,1.0,7.0,0.18181817355371938,1.5275252316519463,4.791486976463797,0,0.0,6.0,27.333333333333332,0.09523809523809523,0.1,-0.7988461071336178,0.6381551028825356,3,0.0625,1,-2.0,0,0.0,-3.1953844285344712
2,5,Stacy Keibler,Tony Dovolani,Athlete,United States,26,3,30.0,0.1911003228718211,1.0,1.0,6.0,0.36363634710743875,2.0816659994661317,4.791486976463797,0,0.0,6.0,27.666666666666668,0.09523809523809523,0.1,-0.7988461071336178,0.6381551028825356,3,0.0625,1,-2.0,0,0.0,-3.994230535668089
2,6,Stacy Keibler,Tony Dovolani,Athlete,United States,26,3,30.0,0.2042143809513687,1.5,3.0,5.0,0.36363634710743875,2.3094010767585016,4.791486976463797,0,0.0,6.0,28.666666666666668,0.09523809523809523,0.1,-0.7988461071336178,0.6381551028825356,3,0.0625,1,-2.0,0,0.0,-4.793076642801707
2,7,Stacy Keibler,Tony Dovolani,Athlete,United States,26,3,27.5,0.2354050047245515,1.5,3.0,4.0,0.24999998863636413,1.4433756729740619,4.791486976463797,0,0.0,6.0,29.166666666666668,0.09523809523809523,0.1,-0.7988461071336178,0.6381551028825356,3,0.0625,1,-2.0,0,0.0,-5.591922749935325
2,8,Stacy Keibler,Tony Dovolani,Athlete,United States,26,3,28.6665,0.2695318962920973,2.0,3.0,3.0,0.30302271349896753,1.2509292879029281,4.791486976463797,0,0.0,6.0,28.722166666666666,0.09523809523809523,0.1,-0.7988461071336178,0.6381551028825356,3,0.0625,1,-2.0,0,0.0,-6.3907688570689425
2,1,Jerry Rice,Anna Trebunskaya,Athlete,United States,43,2,21.0,0.0902215801854475,5.0,9.0,10.0,0.0,0.0,4.791486976463797,0,0.0,6.0,21.0,0.45454545454545453,0.1,0.5219049565236967,0.27238478364400176,3,0.0625,1,4.0,0,0.0,0.5219049565236967
2,2,Jerry Rice,Anna Trebunskaya,Athlete,United States,43,2,23.0,0.0945006103072191,4.0,9.0,9.0,0.09523809070294806,1.4142135623730951,4.791486976463797,0,0.0,6.0,22.0,0.45454545454545453,0.1,0.5219049565236967,0.27238478364400176,3,0.0625,1,4.0,0,0.0,1.0438099130473935
2,3,Jerry Rice,Anna Trebunskaya,Athlete,United States,43,2,19.0,0.1245005036202955,7.0,5.0,8.0,-0.09523809070294806,2.0,4.791486976463797,0,0.0,6.0,21.0,0.45454545454545453,0.1,0.5219049565236967,0.27238478364400176,3,0.0625,1,4.0,0,0.0,1.56571486957109
2,4,Jerry Rice,Anna Trebunskaya,Athlete,United States,43,2,24.0,0.1523881874297833,5.0,3.0,7.0,0.14285713605442207,2.6457513110645907,4.791486976463797,0,0.0,6.0,22.0,0.45454545454545453,0.1,0.5219049565236967,0.27238478364400176,3,0.0625,1,4.0,0,0.0,2.087619826094787
2,5,Jerry Rice,Anna Trebunskaya,Athlete,United States,43,2,23.0,0.1858304999754107,5.0,3.0,6.0,0.09523809070294806,2.6457513110645907,4.791486976463797,0,0.0,6.0,22.0,0.45454545454545453,0.1,0.5219049565236967,0.27238478364400176,3,0.0625,1,4.0,0,0.0,2.6095247826184838
2,6,Jerry Rice,Anna Trebunskaya,Athlete,United States,43,2,23.0,0.2309460600428269,4.5,1.0,5.0,0.09523809070294806,0.5773502691896255,4.791486976463797,0,0.0,6.0,23.333333333333332,0.45454545454545453,0.1,0.5219049565236967,0.27238478364400176,3,0.0625,1,4.0,0,0.0,3.13142973914218
2,7,Jerry Rice,Anna Trebunskaya,Athlete,United States,43,2,20.5,0.294772811606988,4.0,1.0,4.0,-0.023809522675737015,1.4433756729740645,4.791486976463797,0,0.0,6.0,22.166666666666668,0.45454545454545453,0.1,0.5219049565236967,0.27238478364400176,3,0.0625,1,4.0,0,0.0,3.653334695665877
2,8,Jerry Rice,Anna Trebunskaya,Athlete,United States,43,2,26.666600000000003,0.3601291079619387,3.0,2.0,3.0,0.26983808238866286,3.101636963497395,4.791486976463797,0,0.0,6.0,23.38886666666667,0.45454545454545453,0.1,0.5219049565236967,0.27238478364400176,3,0.0625,1,4.0,0,0.0,4.175239652189574
2,1,Giselle Fernandez,Jonathan Roberts,News Anchor,Mexico,44,8,23.0,0.0902807614521495,2.5,8.0,10.0,0.0,0.0,4.791486976463797,1,0.0,4.0,23.0,0.14285714285714285,0.1,0.5995961955623622,0.3595155977328585,1,0.3333333333333333,0,5.5,1,0.0,0.5995961955623622
2,2,Giselle Fernandez,Jonathan Roberts,News Anchor,Mexico,44,8,24.0,0.1132053955241547,3.0,4.0,9.0,0.04347825897920613,0.7071067811865476,4.791486976463797,1,0.0,4.0,23.5,0.14285714285714285,0.1,0.5995961955623622,0.3595155977328585,1,0.3333333333333333,0,5.5,1,0.0,1.1991923911247244
2,3,Giselle Fernandez,Jonathan Roberts,News Anchor,Mexico,44,8,22.0,0.105511174492761,5.5,8.0,8.0,-0.04347825897920613,1.0,4.791486976463797,1,0.0,4.0,23.0,0.14285714285714285,0.1,0.5995961955623622,0.3595155977328585,1,0.3333333333333333,0,5.5,1,0.0,1.7987885866870865
2,1,Master P,Ashly DelGrosso,Singer/Rapper,United States,35,7,12.0,0.107168362685151,10.0,4.0,10.0,0.0,0.0,4.791486976463797,1,1.0,3.0,12.0,0.5,0.1,-0.09962495578562776,0.009925131815288285,2,0.08333333333333333,1,-6.0,2,0.08333333333333333,-0.09962495578562776
2,2,Master P,Ashly DelGrosso,Singer/Rapper,United States,35,7,16.0,0.1170792238950687,9.0,3.0,9.0,0.3333333055555579,2.8284271247461903,4.791486976463797,1,1.0,3.0,14.0,0.5,0.1,-0.09962495578562776,0.009925131815288285,2,0.08333333333333333,1,-6.0,2,0.08333333333333333,-0.19924991157125552
2,3,Master P,Ashly DelGrosso,Singer/Rapper,United States,35,7,14.0,0.1256573176827974,8.0,4.0,8.0,0.16666665277777895,2.0,4.791486976463797,1,1.0,3.0,14.0,0.5,0.1,-0.09962495578562776,0.009925131815288285,2,0.08333333333333333,1,-6.0,2,0.08333333333333333,-0.2988748673568833
2,4,Master P,Ashly DelGrosso,Singer/Rapper,United States,35,7,8.0,0.1145866991359566,7.0,7.0,7.0,-0.3333333055555579,4.163331998932265,4.791486976463797,1,1.0,3.0,12.666666666666666,0.5,0.1,-0.09962495578562776,0.009925131815288285,2,0.08333333333333333,1,-6.0,2,0.08333333333333333,-0.39849982314251103
2,1,Drew Lachey,Cheryl Burke,Singer/Rapper,United States,29,1,24.0,0.0981691754302932,1.0,6.0,10.0,0.0,0.0,4.791486976463797,0,0.0,6.0,24.0,0.12,0.1,-0.5657723900176211,0.3200983973062512,2,0.08333333333333333,1,5.0,0,0.0,-0.5657723900176211
2,2,Drew Lachey,Cheryl Burke,Singer/Rapper,United States,29,1,27.0,0.1078090791993046,2.0,6.0,9.0,0.12499999479166687,2.1213203435596424,4.791486976463797,0,0.0,6.0,25.5,0.12,0.1,-0.5657723900176211,0.3200983973062512,2,0.08333333333333333,1,5.0,0,0.0,-1.1315447800352423
2,3,Drew Lachey,Cheryl Burke,Singer/Rapper,United States,29,1,27.0,0.1177396083717098,1.5,7.0,8.0,0.12499999479166687,1.7320508075688772,4.791486976463797,0,0.0,6.0,26.0,0.12,0.1,-0.5657723900176211,0.3200983973062512,2,0.08333333333333333,1,5.0,0,0.0,-1.6973171700528633
2,4,Drew Lachey,Cheryl Burke,Singer/Rapper,United States,29,1,28.0,0.1538895357786162,1.0,2.0,7.0,0.1666666597222225,0.5773502691896263,4.791486976463797,0,0.0,6.0,27.333333333333332,0.12,0.1,-0.5657723900176211,0.3200983973062512,2,0.08333333333333333,1,5.0,0,0.0,-2.2630895600704846
2,5,Drew Lachey,Cheryl Burke,Singer/Rapper,United States,29,1,27.0,0.1885204279158903,2.0,2.0,6.0,0.12499999479166687,0.5773502691896263,4.791486976463797,0,0.0,6.0,27.333333333333332,0.12,0.1,-0.5657723900176211,0.3200983973062512,2,0.08333333333333333,1,5.0,0,0.0,-2.828861950088106
2,6,Drew Lachey,Cheryl Burke,Singer/Rapper,United States,29,1,30.0,0.2088354896682565,1.5,2.0,5.0,0.24999998958333375,1.5275252316519474,4.791486976463797,0,0.0,6.0,28.333333333333332,0.12,0.1,-0.5657723900176211,0.3200983973062512,2,0.08333333333333333,1,5.0,0,0.0,-3.3946343401057266
2,7,Drew Lachey,Cheryl Burke,Singer/Rapper,United States,29,1,27.5,0.2881905449705039,1.5,2.0,4.0,0.1458333272569447,1.6072751268321601,4.791486976463797,0,0.0,6.0,28.166666666666668,0.12,0.1,-0.5657723900176211,0.3200983973062512,2,0.08333333333333333,1,5.0,0,0.0,-3.960406730123348
2,8,Drew Lachey,Cheryl Burke,Singer/Rapper,United States,29,1,28.9998,0.3703389957459638,1.0,1.0,3.0,0.20832499131979204,1.2582924991166942,4.791486976463797,0,0.0,6.0,28.833266666666663,0.12,0.1,-0.5657723900176211,0.3200983973062512,2,0.08333333333333333,1,5.0,0,0.0,-4.526179120140969
2,1,Kenny Mayne,Andrea Hale,Sports Broadcaster,United States,46,10,13.0,0.0722359324618143,9.0,10.0,10.0,0.0,0.0,4.791486976463797,0,0.0,6.0,0.0,1.0,0.1,0.7549786736396934,0.5699927976507507,2,1.0,1,1.0,0,0.0,0.7549786736396934
3,1,Harry Hamlin,Ashly DelGrosso,Actor/Actress,United States,54,9,17.0,0.1257125001017,8.0,1.0,11.0,0.0,0.0,3.987914682418122,2,0.5,5.0,17.0,0.25,0.22727272727272727,1.3765085859490178,1.8947758871913645,2,0.029411764705882353,1,-7.0,4,0.014705882352941176,1.3765085859490178
3,2,Harry Hamlin,Ashly DelGrosso,Actor/Actress,United States,54,9,21.0,0.1098377351498215,8.0,4.0,10.0,0.23529410380622917,2.8284271247461903,3.987914682418122,2,0.5,5.0,19.0,0.25,0.22727272727272727,1.3765085859490178,1.8947758871913645,2,0.029411764705882353,1,-7.0,4,0.014705882352941176,2.7530171718980356
3,3,Harry Hamlin,Ashly DelGrosso,Actor/Actress,United States,54,9,22.0,0.093246130002762,5.5,9.0,9.0,0.2941176297577865,2.6457513110645907,3.987914682418122,2,0.5,5.0,20.0,0.25,0.22727272727272727,1.3765085859490178,1.8947758871913645,2,0.029411764705882353,1,-7.0,4,0.014705882352941176,4.129525757847054
3,1,Vivica A. Fox,Nick Kosovich,Actor/Actress,United States,42,8,22.0,0.0934270469280909,3.5,6.0,11.0,0.0,0.0,3.987914682418122,1,0.0,9.0,22.0,1.0,0.22727272727272727,0.44421371748503113,0.19732582680187105,2,0.029411764705882353,1,2.5,2,0.0,0.44421371748503113
3,2,Vivica A. Fox,Nick Kosovich,Actor/Actress,United States,42,8,24.0,0.1057067310834462,3.5,6.0,10.0,0.09090908677685969,1.4142135623730951,3.987914682418122,1,0.0,9.0,23.0,1.0,0.22727272727272727,0.44421371748503113,0.19732582680187105,2,0.029411764705882353,1,2.5,2,0.0,0.8884274349700623
3,3,Vivica A. Fox,Nick Kosovich,Actor/Actress,United States,42,8,27.0,0.1027226352737227,1.5,7.0,9.0,0.2272727169421492,2.5166114784235836,3.987914682418122,1,0.0,9.0,24.333333333333332,1.0,0.22727272727272727,0.44421371748503113,0.19732582680187105,2,0.029411764705882353,1,2.5,2,0.0,1.3326411524550934
3,4,Vivica A. Fox,Nick Kosovich,Actor/Actress,United States,42,8,24.0,0.1012878072995303,5.0,8.0,8.0,0.09090908677685969,1.7320508075688785,3.987914682418122,1,0.0,9.0,25.0,1.0,0.22727272727272727,0.44421371748503113,0.19732582680187105,2,0.029411764705882353,1,2.5,2,0.0,1.7768548699401245
3,1,Monique Coleman,Louis van Amstel,Actor/Actress,United States,25,4,19.0,0.0795102506826322,6.0,7.0,11.0,0.0,0.0,3.987914682418122,2,0.0,5.0,19.0,0.5454545454545454,0.22727272727272727,-0.8765373461722833,0.7683177192347492,2,0.029411764705882353,1,1.0,4,0.0,-0.8765373461722833
3,2,Monique Coleman,Louis van Amstel,Actor/Actress,United States,25,4,26.0,0.0813500280650076,2.0,9.0,10.0,0.36842103324099823,4.949747468305833,3.987914682418122,2,0.0,5.0,22.5,0.5454545454545454,0.22727272727272727,-0.8765373461722833,0.7683177192347492,2,0.029411764705882353,1,1.0,4,0.0,-1.7530746923445666
3,3,Monique Coleman,Louis van Amstel,Actor/Actress,United States,25,4,27.0,0.0996053722752078,1.5,8.0,9.0,0.4210526094182837,4.358898943540674,3.987914682418122,2,0.0,5.0,24.0,0.5454545454545454,0.22727272727272727,-0.8765373461722833,0.7683177192347492,2,0.029411764705882353,1,1.0,4,0.0,-2.62961203851685
3,4,Monique Coleman,Louis van Amstel,Actor/Actress,United States,25,4,24.0,0.1376986235823301,5.0,2.0,8.0,0.26315788088642733,1.5275252316519472,3.987914682418122,2,0.0,5.0,25.666666666666668,0.5454545454545454,0.22727272727272727,-0.8765373461722833,0.7683177192347492,2,0.029411764705882353,1,1.0,4,0.0,-3.506149384689133
3,5,Monique Coleman,Louis van Amstel,Actor/Actress,United States,25,4,27.0,0.1690358000019424,2.5,1.0,7.0,0.4210526094182837,1.7320508075688779,3.987914682418122,2,0.0,5.0,26.0,0.5454545454545454,0.22727272727272727,-0.8765373461722833,0.7683177192347492,2,0.029411764705882353,1,1.0,4,0.0,-4.382686730861416
3,6,Monique Coleman,Louis van Amstel,Actor/Actress,United States,25,4,23.0,0.2756131638791676,4.0,1.0,5.0,0.21052630470914185,2.0816659994661335,3.987914682418122,2,0.0,5.0,24.666666666666668,0.5454545454545454,0.22727272727272727,-0.8765373461722833,0.7683177192347492,2,0.029411764705882353,1,1.0,4,0.0,-5.2592240770337
3,7,Monique Coleman,Louis van Amstel,Actor/Actress,United States,25,4,27.0,0.2094284590991739,4.0,2.0,5.0,0.4210526094182837,2.3094010767585034,3.987914682418122,2,0.0,5.0,25.666666666666668,0.5454545454545454,0.22727272727272727,-0.8765373461722833,0.7683177192347492,2,0.029411764705882353,1,1.0,4,0.0,-6.135761423205983
3,8,Monique Coleman,Louis van Amstel,Actor/Actress,United States,25,4,26.5,0.2102617202349263,4.0,4.0,4.0,0.39473682132964094,2.1794494717703374,3.987914682418122,2,0.0,5.0,25.5,0.5454545454545454,0.22727272727272727,-0.8765373461722833,0.7683177192347492,2,0.029411764705882353,1,1.0,4,0.0,-7.012298769378266
3,1,Joey Lawrence,Edyta Sliwinska,Actor/Actress,United States,30,3,21.0,0.0621819999026473,5.0,11.0,11.0,0.0,0.0,3.987914682418122,2,0.0,5.0,21.0,0.5454545454545454,0.22727272727272727,-0.48808115097895555,0.238223209940942,2,0.029411764705882353,1,6.0,4,0.0,-0.48808115097895555
3,2,Joey Lawrence,Edyta Sliwinska,Actor/Actress,United States,30,3,29.0,0.0817662400432458,1.0,8.0,10.0,0.38095236281179223,5.656854249492381,3.987914682418122,2,0.0,5.0,25.0,0.5454545454545454,0.22727272727272727,-0.48808115097895555,0.238223209940942,2,0.029411764705882353,1,6.0,4,0.0,-0.9761623019579111
3,3,Joey Lawrence,Edyta Sliwinska,Actor/Actress,United States,30,3,22.0,0.1058446885391615,5.5,6.0,9.0,0.04761904535147403,4.358898943540674,3.987914682418122,2,0.0,5.0,24.0,0.5454545454545454,0.22727272727272727,-0.48808115097895555,0.238223209940942,2,0.029411764705882353,1,6.0,4,0.0,-1.4642434529368666
3,4,Joey Lawrence,Edyta Sliwinska,Actor/Actress,United States,30,3,27.0,0.1242305433559584,3.0,5.0,8.0,0.28571427210884415,3.605551275463989,3.987914682418122,2,0.0,5.0,26.0,0.5454545454545454,0.22727272727272727,-0.48808115097895555,0.238223209940942,2,0.029411764705882353,1,6.0,4,0.0,-1.9523246039158222
3,5,Joey Lawrence,Edyta Sliwinska,Actor/Actress,United States,30,3,25.0,0.1687281407610351,5.0,2.0,7.0,0.19047618140589612,2.516611478423583,3.987914682418122,2,0.0,5.0,24.666666666666668,0.5454545454545454,0.22727272727272727,-0.48808115097895555,0.238223209940942,2,0.029411764705882353,1,6.0,4,0.0,-2.440405754894778
3,6,Joey Lawrence,Edyta Sliwinska,Actor/Actress,United States,30,3,24.0,0.1809817031740773,3.0,4.0,5.0,0.14285713605442207,1.5275252316519454,3.987914682418122,2,0.0,5.0,25.333333333333332,0.5454545454545454,0.22727272727272727,-0.48808115097895555,0.238223209940942,2,0.029411764705882353,1,6.0,4,0.0,-2.9284869058737333
3,7,Joey Lawrence,Edyta Sliwinska,Actor/Actress,United States,30,3,28.5,0.1828492656771037,1.5,5.0,5.0,0.35714284013605524,2.3629078131263035,3.987914682418122,2,0.0,5.0,25.833333333333332,0.5454545454545454,0.22727272727272727,-0.48808115097895555,0.238223209940942,2,0.029411764705882353,1,6.0,4,0.0,-3.4165680568526886
3,8,Joey Lawrence,Edyta Sliwinska,Actor/Actress,United States,30,3,27.0,0.2153277804007204,2.5,3.0,4.0,0.28571427210884415,2.2912878474779195,3.987914682418122,2,0.0,5.0,26.5,0.5454545454545454,0.22727272727272727,-0.48808115097895555,0.238223209940942,2,0.029411764705882353,1,6.0,4,0.0,-3.9046492078316444
3,9,Joey Lawrence,Edyta Sliwinska,Actor/Actress,United States,30,3,29.5,0.2151052663961764,2.0,3.0,3.0,0.4047618854875292,1.2583057392117913,3.987914682418122,2,0.0,5.0,28.333333333333332,0.5454545454545454,0.22727272727272727,-0.48808115097895555,0.238223209940942,2,0.029411764705882353,1,6.0,4,0.0,-4.3927303588106
3,1,Mario Lopez,Karina Smirnoff,Actor/Actress,United States,32,2,26.0,0.1209508918130226,1.0,2.0,11.0,0.0,0.0,3.987914682418122,0,0.0,6.0,26.0,0.2222222222222222,0.22727272727272727,-0.3326986729016244,0.11068840695050207,2,0.029411764705882353,1,1.0,0,0.0,-0.3326986729016244
3,2,Mario Lopez,Karina Smirnoff,Actor/Actress,United States,32,2,21.0,0.1293440411146286,8.0,1.0,10.0,-0.1923076849112429,3.5355339059327378,3.987914682418122,0,0.0,6.0,23.5,0.2222222222222222,0.22727272727272727,-0.3326986729016244,0.11068840695050207,2,0.029411764705882353,1,1.0,0,0.0,-0.6653973458032488
3,3,Mario Lopez,Karina Smirnoff,Actor/Actress,United States,32,2,22.0,0.1124453211674847,5.5,4.0,9.0,-0.15384614792899431,2.6457513110645907,3.987914682418122,0,0.0,6.0,23.0,0.2222222222222222,0.22727272727272727,-0.3326986729016244,0.11068840695050207,2,0.029411764705882353,1,1.0,0,0.0,-0.9980960187048733
3,4,Mario Lopez,Karina Smirnoff,Actor/Actress,United States,32,2,29.0,0.1173600039263986,1.0,6.0,8.0,0.11538461094674572,4.358898943540674,3.987914682418122,0,0.0,6.0,24.0,0.2222222222222222,0.22727272727272727,-0.3326986729016244,0.11068840695050207,2,0.029411764705882353,1,1.0,0,0.0,-1.3307946916064977
3,5,Mario Lopez,Karina Smirnoff,Actor/Actress,United States,32,2,27.0,0.1583958328573682,2.5,4.0,7.0,0.03846153698224858,3.605551275463989,3.987914682418122,0,0.0,6.0,26.0,0.2222222222222222,0.22727272727272727,-0.3326986729016244,0.11068840695050207,2,0.029411764705882353,1,1.0,0,0.0,-1.663493364508122
3,6,Mario Lopez,Karina Smirnoff,Actor/Actress,United States,32,2,28.0,0.2203447199944213,1.0,2.0,5.0,0.07692307396449716,1.0,3.987914682418122,0,0.0,6.0,28.0,0.2222222222222222,0.22727272727272727,-0.3326986729016244,0.11068840695050207,2,0.029411764705882353,1,1.0,0,0.0,-1.9961920374097466
3,7,Mario Lopez,Karina Smirnoff,Actor/Actress,United States,32,2,28.0,0.2318174420776698,3.0,1.0,5.0,0.07692307396449716,0.5773502691896255,3.987914682418122,0,0.0,6.0,27.666666666666668,0.2222222222222222,0.22727272727272727,-0.3326986729016244,0.11068840695050207,2,0.029411764705882353,1,1.0,0,0.0,-2.328890710311371
3,8,Mario Lopez,Karina Smirnoff,Actor/Actress,United States,32,2,28.5,0.2740901941936278,1.0,2.0,4.0,0.09615384245562145,0.2886751345948108,3.987914682418122,0,0.0,6.0,28.166666666666668,0.2222222222222222,0.22727272727272727,-0.3326986729016244,0.11068840695050207,2,0.029411764705882353,1,1.0,0,0.0,-2.6615893832129953
3,9,Mario Lopez,Karina Smirnoff,Actor/Actress,United States,32,2,29.5,0.3545504904928026,2.0,2.0,3.0,0.13461537943787003,0.7637626158259719,3.987914682418122,0,0.0,6.0,28.666666666666668,0.2222222222222222,0.22727272727272727,-0.3326986729016244,0.11068840695050207,2,0.029411764705882353,1,1.0,0,0.0,-2.9942880561146197
3,10,Mario Lopez,Karina Smirnoff,Actor/Actress,United States,32,2,29.666600000000003,0.4643372983974733,1.5,2.0,2.0,0.14102307149911272,0.630966338246343,3.987914682418122,0,0.0,6.0,29.2222,0.2222222222222222,0.22727272727272727,-0.3326986729016244,0.11068840695050207,2,0.029411764705882353,1,1.0,0,0.0,-3.326986729016244
3,1,Emmitt Smith,Cheryl Burke,Athlete,United States,37,1,24.0,0.0935771750971456,2.0,5.0,11.0,0.0,0.0,3.987914682418122,1,1.0,1.0,24.0,0.36,0.22727272727272727,0.05575752229170335,0.0031089012921097963,3,0.1,1,3.0,3,0.1,0.05575752229170335
3,2,Emmitt Smith,Cheryl Burke,Athlete,United States,37,1,24.0,0.1112499338253241,3.5,3.0,10.0,0.0,0.0,3.987914682418122,1,1.0,1.0,24.0,0.36,0.22727272727272727,0.05575752229170335,0.0031089012921097963,3,0.1,1,3.0,3,0.1,0.1115150445834067
3,3,Emmitt Smith,Cheryl Burke,Athlete,United States,37,1,19.0,0.1368531996025324,9.0,1.0,9.0,-0.20833332465277812,2.886751345948128,3.987914682418122,1,1.0,1.0,22.333333333333332,0.36,0.22727272727272727,0.05575752229170335,0.0031089012921097963,3,0.1,1,3.0,3,0.1,0.16727256687511005
3,4,Emmitt Smith,Cheryl Burke,Athlete,United States,37,1,24.0,0.1385064307012219,5.0,1.0,8.0,0.0,2.886751345948128,3.987914682418122,1,1.0,1.0,22.333333333333332,0.36,0.22727272727272727,0.05575752229170335,0.0031089012921097963,3,0.1,1,3.0,3,0.1,0.2230300891668134
3,5,Emmitt Smith,Cheryl Burke,Athlete,United States,37,1,27.0,0.1289587443141144,2.5,5.0,7.0,0.12499999479166687,4.041451884327381,3.987914682418122,1,1.0,1.0,23.333333333333332,0.36,0.22727272727272727,0.05575752229170335,0.0031089012921097963,3,0.1,1,3.0,3,0.1,0.27878761145851677
3,6,Emmitt Smith,Cheryl Burke,Athlete,United States,37,1,25.0,0.1114090631865871,2.0,5.0,5.0,0.041666664930555625,1.5275252316519476,3.987914682418122,1,1.0,1.0,25.333333333333332,0.36,0.22727272727272727,0.05575752229170335,0.0031089012921097963,3,0.1,1,3.0,3,0.1,0.3345451337502201
3,7,Emmitt Smith,Cheryl Burke,Athlete,United States,37,1,28.5,0.1851962546629524,1.5,4.0,5.0,0.18749999218750033,1.7559422921421248,3.987914682418122,1,1.0,1.0,26.833333333333332,0.36,0.22727272727272727,0.05575752229170335,0.0031089012921097963,3,0.1,1,3.0,3,0.1,0.3903026560419235
3,8,Emmitt Smith,Cheryl Burke,Athlete,United States,37,1,27.0,0.3003203051707253,2.5,1.0,4.0,0.12499999479166687,1.7559422921421248,3.987914682418122,1,1.0,1.0,26.833333333333332,0.36,0.22727272727272727,0.05575752229170335,0.0031089012921097963,3,0.1,1,3.0,3,0.1,0.4460601783336268
3,9,Emmitt Smith,Cheryl Burke,Athlete,United States,37,1,29.5,0.4303442431110209,2.0,1.0,3.0,0.22916665711805595,1.2583057392117951,3.987914682418122,1,1.0,1.0,28.333333333333332,0.36,0.22727272727272727,0.05575752229170335,0.0031089012921097963,3,0.1,1,3.0,3,0.1,0.5018177006253302
3,10,Emmitt Smith,Cheryl Burke,Athlete,United States,37,1,29.666600000000003,0.5356627016025268,1.5,1.0,2.0,0.2361083234954866,1.4937933324258783,3.987914682418122,1,1.0,1.0,28.7222,0.36,0.22727272727272727,0.05575752229170335,0.0031089012921097963,3,0.1,1,3.0,3,0.1,0.5575752229170335
3,1,Shanna Moakler,Jesse DeSoto,Model,United States,31,10,18.0,0.0701870966540794,7.0,9.0,11.0,0.0,0.0,3.987914682418122,0,0.0,6.0,18.0,1.0,0.22727272727272727,-0.41038991194028995,0.16841987982235895,2,0.5,1,2.0,0,0.0,-0.41038991194028995
3,2,Shanna Moakler,Jesse DeSoto,Model,United States,31,10,22.0,0.0778364484864719,6.0,10.0,10.0,0.2222222098765439,0.0,3.987914682418122,0,0.0,6.0,20.0,1.0,0.22727272727272727,-0.41038991194028995,0.16841987982235895,2,0.5,1,2.0,0,0.0,-0.8207798238805799
3,1,Willa Ford,Maksim Chmerkoskiy,Singer/Rapper,United States,25,7,22.0,0.1008033623321837,3.5,4.0,11.0,0.0,0.0,3.987914682418122,1,0.0,6.0,22.0,0.17647058823529413,0.22727272727272727,-0.8765373461722833,0.7683177192347492,2,0.1,1,0.5,2,0.0,-0.8765373461722833
3,2,Willa Ford,Maksim Chmerkoskiy,Singer/Rapper,United States,25,7,23.0,0.1069483172449139,5.0,5.0,10.0,0.045454543388429844,0.7071067811865476,3.987914682418122,1,0.0,6.0,22.5,0.17647058823529413,0.22727272727272727,-0.8765373461722833,0.7683177192347492,2,0.1,1,0.5,2,0.0,-1.7530746923445666
3,3,Willa Ford,Maksim Chmerkoskiy,Singer/Rapper,United States,25,7,22.0,0.1217376445414485,5.5,2.0,9.0,0.0,0.5773502691896255,3.987914682418122,1,0.0,6.0,22.333333333333332,0.17647058823529413,0.22727272727272727,-0.8765373461722833,0.7683177192347492,2,0.1,1,0.5,2,0.0,-2.62961203851685
3,4,Willa Ford,Maksim Chmerkoskiy,Singer/Rapper,United States,25,7,28.0,0.1163845048686973,2.0,7.0,8.0,0.27272726033057904,3.214550253664319,3.987914682418122,1,0.0,6.0,24.333333333333332,0.17647058823529413,0.22727272727272727,-0.8765373461722833,0.7683177192347492,2,0.1,1,0.5,2,0.0,-3.506149384689133
3,5,Willa Ford,Maksim Chmerkoskiy,Singer/Rapper,United States,25,7,27.0,0.0852991285042964,2.5,7.0,7.0,0.2272727169421492,3.214550253664319,3.987914682418122,1,0.0,6.0,25.666666666666668,0.17647058823529413,0.22727272727272727,-0.8765373461722833,0.7683177192347492,2,0.1,1,0.5,2,0.0,-4.382686730861416
3,1,Sara Evans,Tony Dovolani,Singer/Rapper,United States,35,6,15.0,0.0695792803555775,10.0,10.0,11.0,0.0,0.0,3.987914682418122,1,1.0,3.0,15.0,0.14285714285714285,0.22727272727272727,-0.09962495578562776,0.009925131815288285,2,0.1,1,0.0,2,0.1,-0.09962495578562776
3,2,Sara Evans,Tony Dovolani,Singer/Rapper,United States,35,6,21.0,0.084521057711726,8.0,7.0,10.0,0.39999997333333515,4.242640687119285,3.987914682418122,1,1.0,3.0,18.0,0.14285714285714285,0.22727272727272727,-0.09962495578562776,0.009925131815288285,2,0.1,1,0.0,2,0.1,-0.19924991157125552
3,3,Sara Evans,Tony Dovolani,Singer/Rapper,United States,35,6,25.0,0.1087850135101371,3.0,5.0,9.0,0.6666666222222252,5.033222956847167,3.987914682418122,1,1.0,3.0,20.333333333333332,0.14285714285714285,0.22727272727272727,-0.09962495578562776,0.009925131815288285,2,0.1,1,0.0,2,0.1,-0.2988748673568833
3,4,Sara Evans,Tony Dovolani,Singer/Rapper,United States,35,6,20.0,0.1271709393530052,8.0,4.0,8.0,0.3333333111111126,2.645751311064592,3.987914682418122,1,1.0,3.0,22.0,0.14285714285714285,0.22727272727272727,-0.09962495578562776,0.009925131815288285,2,0.1,1,0.0,2,0.1,-0.39849982314251103
3,5,Sara Evans,Tony Dovolani,Singer/Rapper,United States,35,6,24.0,0.125889227222901,6.5,6.0,7.0,0.5999999600000027,2.645751311064592,3.987914682418122,1,1.0,3.0,23.0,0.14285714285714285,0.22727272727272727,-0.09962495578562776,0.009925131815288285,2,0.1,1,0.0,2,0.1,-0.4981247789281388
3,1,Jerry Springer,Kym Johnson,TV Personality,England,62,5,16.0,0.1086950007659169,9.0,3.0,11.0,0.0,0.0,3.987914682418122,0,0.0,6.0,16.0,0.14285714285714285,0.22727272727272727,1.9980384982583423,3.992157840522452,1,0.125,0,-6.0,0,0.0,1.9980384982583423
3,2,Jerry Springer,Kym Johnson,TV Personality,England,62,5,19.0,0.1114394672754139,10.0,2.0,10.0,0.18749998828125072,2.1213203435596424,3.987914682418122,0,0.0,6.0,17.5,0.14285714285714285,0.22727272727272727,1.9980384982583423,3.992157840522452,1,0.125,0,-6.0,0,0.0,3.9960769965166847
3,3,Jerry Springer,Kym Johnson,TV Personality,England,62,5,21.0,0.118759995087543,8.0,3.0,9.0,0.3124999804687512,2.5166114784235827,3.987914682418122,0,0.0,6.0,18.666666666666668,0.14285714285714285,0.22727272727272727,1.9980384982583423,3.992157840522452,1,0.125,0,-6.0,0,0.0,5.994115494775027
3,4,Jerry Springer,Kym Johnson,TV Personality,England,62,5,22.0,0.1373611469128579,7.0,3.0,8.0,0.37499997656250145,1.5275252316519448,3.987914682418122,0,0.0,6.0,20.666666666666668,0.14285714285714285,0.22727272727272727,1.9980384982583423,3.992157840522452,1,0.125,0,-6.0,0,0.0,7.992153993033369
3,5,Jerry Springer,Kym Johnson,TV Personality,England,62,5,24.0,0.1636931263383421,6.5,3.0,7.0,0.4999999687500019,1.5275252316519448,3.987914682418122,0,0.0,6.0,22.333333333333332,0.14285714285714285,0.22727272727272727,1.9980384982583423,3.992157840522452,1,0.125,0,-6.0,0,0.0,9.990192491291712
3,6,Jerry Springer,Kym Johnson,TV Personality,England,62,5,18.0,0.2116513497657466,5.0,3.0,5.0,0.12499999218750048,3.055050463303892,3.987914682418122,0,0.0,6.0,21.333333333333332,0.14285714285714285,0.22727272727272727,1.9980384982583423,3.992157840522452,1,0.125,0,-6.0,0,0.0,11.988230989550054
3,7,Jerry Springer,Kym Johnson,TV Personality,England,62,5,23.0,0.1907085784831,5.0,3.0,5.0,0.4374999726562517,3.2145502536643167,3.987914682418122,0,0.0,6.0,21.666666666666668,0.14285714285714285,0.22727272727272727,1.9980384982583423,3.992157840522452,1,0.125,0,-6.0,0,0.0,13.986269487808396
3,1,Tucker Carlson,Elena Grinenko,TV Personality,United States,37,11,12.0,0.0753753953670034,11.0,8.0,11.0,0.0,0.0,3.987914682418122,0,0.0,6.0,0.0,0.5,0.22727272727272727,0.05575752229170335,0.0031089012921097963,1,0.125,1,-3.0,0,0.0,0.05575752229170335
4,1,John Ratzenberger,Edyta Sliwinska,Actor/Actress,United States,59,6,17.0,0.094323574875093,8.0,5.0,11.0,0.0,0.0,4.526045098201448,3,0.3333333333333333,4.333333333333333,17.0,0.5454545454545454,0.34848484848484845,1.7649647811423457,3.115100678672848,2,0.0625,1,-3.0,6,0.020833333333333332,1.7649647811423457
4,2,John Ratzenberger,Edyta Sliwinska,Actor/Actress,United States,59,6,21.0,0.0791505676137534,7.5,8.0,11.0,0.23529410380622917,2.8284271247461903,4.526045098201448,3,0.3333333333333333,4.333333333333333,19.0,0.5454545454545454,0.34848484848484845,1.7649647811423457,3.115100678672848,2,0.0625,1,-3.0,6,0.020833333333333332,3.5299295622846913
4,3,John Ratzenberger,Edyta Sliwinska,Actor/Actress,United States,59,6,20.0,0.0992569672996998,9.0,5.0,10.0,0.17647057785467188,2.081665999466133,4.526045098201448,3,0.3333333333333333,4.333333333333333,19.333333333333332,0.5454545454545454,0.34848484848484845,1.7649647811423457,3.115100678672848,2,0.0625,1,-3.0,6,0.020833333333333332,5.294894343427037
4,4,John Ratzenberger,Edyta Sliwinska,Actor/Actress,United States,59,6,16.0,0.1048892827347241,7.5,6.0,9.0,-0.05882352595155729,2.645751311064591,4.526045098201448,3,0.3333333333333333,4.333333333333333,19.0,0.5454545454545454,0.34848484848484845,1.7649647811423457,3.115100678672848,2,0.0625,1,-3.0,6,0.020833333333333332,7.059859124569383
4,5,John Ratzenberger,Edyta Sliwinska,Actor/Actress,United States,59,6,18.0,0.1085327379695208,6.0,8.0,8.0,0.05882352595155729,2.0000000000000004,4.526045098201448,3,0.3333333333333333,4.333333333333333,18.0,0.5454545454545454,0.34848484848484845,1.7649647811423457,3.115100678672848,2,0.0625,1,-3.0,6,0.020833333333333332,8.824823905711728
4,6,John Ratzenberger,Edyta Sliwinska,Actor/Actress,United States,59,6,19.0,0.1350333909954577,7.0,6.0,7.0,0.11764705190311459,1.5275252316519472,4.526045098201448,3,0.3333333333333333,4.333333333333333,17.666666666666668,0.5454545454545454,0.34848484848484845,1.7649647811423457,3.115100678672848,2,0.0625,1,-3.0,6,0.020833333333333332,10.589788686854074
4,7,John Ratzenberger,Edyta Sliwinska,Actor/Actress,United States,59,6,22.5,0.1332006852885553,5.0,6.0,6.0,0.3235293927335651,2.362907813126305,4.526045098201448,3,0.3333333333333333,4.333333333333333,19.833333333333332,0.5454545454545454,0.34848484848484845,1.7649647811423457,3.115100678672848,2,0.0625,1,-3.0,6,0.020833333333333332,12.354753467996419
4,1,Ian Ziering,Cheryl Burke,Actor/Actress,United States,42,4,21.0,0.2034179353809244,3.5,1.0,11.0,0.0,0.0,4.526045098201448,2,1.0,1.0,21.0,0.24,0.34848484848484845,0.44421371748503113,0.19732582680187105,2,0.0625,1,-2.5,4,0.0625,0.44421371748503113
4,2,Ian Ziering,Cheryl Burke,Actor/Actress,United States,42,4,22.0,0.1069882721556887,5.0,1.0,11.0,0.04761904535147403,0.7071067811865476,4.526045098201448,2,1.0,1.0,21.5,0.24,0.34848484848484845,0.44421371748503113,0.19732582680187105,2,0.0625,1,-2.5,4,0.0625,0.8884274349700623
4,3,Ian Ziering,Cheryl Burke,Actor/Actress,United States,42,4,24.0,0.0873501024097041,2.5,9.0,10.0,0.14285713605442207,1.5275252316519472,4.526045098201448,2,1.0,1.0,22.333333333333332,0.24,0.34848484848484845,0.44421371748503113,0.19732582680187105,2,0.0625,1,-2.5,4,0.0625,1.3326411524550934
4,4,Ian Ziering,Cheryl Burke,Actor/Actress,United States,42,4,24.0,0.1170214241740377,3.0,3.0,9.0,0.14285713605442207,1.154700538379253,4.526045098201448,2,1.0,1.0,23.333333333333332,0.24,0.34848484848484845,0.44421371748503113,0.19732582680187105,2,0.0625,1,-2.5,4,0.0625,1.7768548699401245
4,5,Ian Ziering,Cheryl Burke,Actor/Actress,United States,42,4,24.0,0.1235577101684175,4.0,5.0,8.0,0.14285713605442207,0.0,4.526045098201448,2,1.0,1.0,24.0,0.24,0.34848484848484845,0.44421371748503113,0.19732582680187105,2,0.0625,1,-2.5,4,0.0625,2.2210685874251554
4,6,Ian Ziering,Cheryl Burke,Actor/Actress,United States,42,4,24.0,0.1358291977986016,4.0,5.0,7.0,0.14285713605442207,0.0,4.526045098201448,2,1.0,1.0,24.0,0.24,0.34848484848484845,0.44421371748503113,0.19732582680187105,2,0.0625,1,-2.5,4,0.0625,2.665282304910187
4,7,Ian Ziering,Cheryl Burke,Actor/Actress,United States,42,4,27.0,0.1769999190727357,3.5,3.0,6.0,0.28571427210884415,1.7320508075688785,4.526045098201448,2,1.0,1.0,25.0,0.24,0.34848484848484845,0.44421371748503113,0.19732582680187105,2,0.0625,1,-2.5,4,0.0625,3.109496022395218
4,8,Ian Ziering,Cheryl Burke,Actor/Actress,United States,42,4,23.5,0.1949845892305297,4.0,4.0,5.0,0.11904761337868507,1.892969448600092,4.526045098201448,2,1.0,1.0,24.833333333333332,0.24,0.34848484848484845,0.44421371748503113,0.19732582680187105,2,0.0625,1,-2.5,4,0.0625,3.553709739880249
4,9,Ian Ziering,Cheryl Burke,Actor/Actress,United States,42,4,29.0,0.1909770357738011,4.0,4.0,4.0,0.38095236281179223,2.7838821814150116,4.526045098201448,2,1.0,1.0,26.5,0.24,0.34848484848484845,0.44421371748503113,0.19732582680187105,2,0.0625,1,-2.5,4,0.0625,3.99792345736528
4,1,Clyde Drexler,Elena Grinenko,Athlete,United States,44,8,16.0,0.0389543635479503,9.0,10.0,11.0,0.0,0.0,4.526045098201448,1,0.0,11.0,16.0,0.5,0.34848484848484845,0.5995961955623622,0.3595155977328585,3,0.04,1,1.0,3,0.0,0.5995961955623622
4,2,Clyde Drexler,Elena Grinenko,Athlete,United States,44,8,18.0,0.1030331908760033,11.0,2.0,11.0,0.12499999218750048,1.4142135623730951,4.526045098201448,1,0.0,11.0,17.0,0.5,0.34848484848484845,0.5995961955623622,0.3595155977328585,3,0.04,1,1.0,3,0.0,1.1991923911247244
4,3,Clyde Drexler,Elena Grinenko,Athlete,United States,44,8,16.0,0.118610521675312,10.0,2.0,10.0,0.0,1.1547005383792517,4.526045098201448,1,0.0,11.0,16.666666666666668,0.5,0.34848484848484845,0.5995961955623622,0.3595155977328585,3,0.04,1,1.0,3,0.0,1.7987885866870865
4,4,Clyde Drexler,Elena Grinenko,Athlete,United States,44,8,15.0,0.1337891742108348,9.0,2.0,9.0,-0.06249999609375024,1.5275252316519463,4.526045098201448,1,0.0,11.0,16.333333333333332,0.5,0.34848484848484845,0.5995961955623622,0.3595155977328585,3,0.04,1,1.0,3,0.0,2.398384782249449
4,5,Clyde Drexler,Elena Grinenko,Athlete,United States,44,8,13.0,0.1236302054991797,8.0,4.0,8.0,-0.18749998828125072,1.5275252316519448,4.526045098201448,1,0.0,11.0,14.666666666666666,0.5,0.34848484848484845,0.5995961955623622,0.3595155977328585,3,0.04,1,1.0,3,0.0,2.997980977811811
4,1,Laila Ali,Maksim Chmerkoskiy,Athlete,United States,29,3,23.0,0.0992338997151408,2.0,3.0,11.0,0.0,0.0,4.526045098201448,2,0.0,6.5,23.0,0.23529411764705882,0.34848484848484845,-0.5657723900176211,0.3200983973062512,3,0.04,1,1.0,6,0.0,-0.5657723900176211
4,2,Laila Ali,Maksim Chmerkoskiy,Athlete,United States,29,3,27.0,0.0897752310691368,1.0,7.0,11.0,0.17391303591682453,2.8284271247461903,4.526045098201448,2,0.0,6.5,25.0,0.23529411764705882,0.34848484848484845,-0.5657723900176211,0.3200983973062512,3,0.04,1,1.0,6,0.0,-1.1315447800352423
4,3,Laila Ali,Maksim Chmerkoskiy,Athlete,United States,29,3,21.0,0.1384873987881921,7.0,1.0,10.0,-0.08695651795841226,3.0550504633038935,4.526045098201448,2,0.0,6.5,23.666666666666668,0.23529411764705882,0.34848484848484845,-0.5657723900176211,0.3200983973062512,3,0.04,1,1.0,6,0.0,-1.6973171700528633
4,4,Laila Ali,Maksim Chmerkoskiy,Athlete,United States,29,3,21.0,0.1450361542054178,5.5,1.0,9.0,-0.08695651795841226,3.464101615137755,4.526045098201448,2,0.0,6.5,23.0,0.23529411764705882,0.34848484848484845,-0.5657723900176211,0.3200983973062512,3,0.04,1,1.0,6,0.0,-2.2630895600704846
4,5,Laila Ali,Maksim Chmerkoskiy,Athlete,United States,29,3,28.0,0.1516075487544046,2.0,1.0,8.0,0.21739129489603065,4.041451884327381,4.526045098201448,2,0.0,6.5,23.333333333333332,0.23529411764705882,0.34848484848484845,-0.5657723900176211,0.3200983973062512,3,0.04,1,1.0,6,0.0,-2.828861950088106
4,6,Laila Ali,Maksim Chmerkoskiy,Athlete,United States,29,3,28.0,0.1704807678905068,1.5,1.0,7.0,0.21739129489603065,4.041451884327381,4.526045098201448,2,0.0,6.5,25.666666666666668,0.23529411764705882,0.34848484848484845,-0.5657723900176211,0.3200983973062512,3,0.04,1,1.0,6,0.0,-3.3946343401057266
4,7,Laila Ali,Maksim Chmerkoskiy,Athlete,United States,29,3,29.5,0.1954867913246211,1.5,1.0,6.0,0.28260868336483985,0.8660254037844386,4.526045098201448,2,0.0,6.5,28.5,0.23529411764705882,0.34848484848484845,-0.5657723900176211,0.3200983973062512,3,0.04,1,1.0,6,0.0,-3.960406730123348
4,8,Laila Ali,Maksim Chmerkoskiy,Athlete,United States,29,3,26.5,0.196342725608626,3.0,3.0,5.0,0.15217390642722145,1.5,4.526045098201448,2,0.0,6.5,28.0,0.23529411764705882,0.34848484848484845,-0.5657723900176211,0.3200983973062512,3,0.04,1,1.0,6,0.0,-4.526179120140969
4,9,Laila Ali,Maksim Chmerkoskiy,Athlete,United States,29,3,30.0,0.2469795252903808,1.5,3.0,4.0,0.3043478128544429,1.892969448600091,4.526045098201448,2,0.0,6.5,28.666666666666668,0.23529411764705882,0.34848484848484845,-0.5657723900176211,0.3200983973062512,3,0.04,1,1.0,6,0.0,-5.09195151015859
4,10,Laila Ali,Maksim Chmerkoskiy,Athlete,United States,29,3,28.3332,0.3020015701280857,3.0,3.0,3.0,0.2318782507879022,1.750659136820567,4.526045098201448,2,0.0,6.5,28.277733333333334,0.23529411764705882,0.34848484848484845,-0.5657723900176211,0.3200983973062512,3,0.04,1,1.0,6,0.0,-5.657723900176212
4,1,Apolo Anton Ohno,Julianne Hough,Athlete,United States,24,1,21.0,0.0969762865138794,3.5,4.0,11.0,0.0,0.0,4.526045098201448,0,0.0,6.0,21.0,0.2,0.34848484848484845,-0.9542285852109489,0.9105521928336892,3,0.04,1,0.5,0,0.0,-0.9542285852109489
4,2,Apolo Anton Ohno,Julianne Hough,Athlete,United States,24,1,26.0,0.0773053733052421,2.0,9.0,11.0,0.23809522675737013,3.5355339059327378,4.526045098201448,0,0.0,6.0,23.5,0.2,0.34848484848484845,-0.9542285852109489,0.9105521928336892,3,0.04,1,0.5,0,0.0,-1.9084571704218978
4,3,Apolo Anton Ohno,Julianne Hough,Athlete,United States,24,1,23.0,0.0880955843178702,5.0,8.0,10.0,0.09523809070294806,2.516611478423583,4.526045098201448,0,0.0,6.0,23.333333333333332,0.2,0.34848484848484845,-0.9542285852109489,0.9105521928336892,3,0.04,1,0.5,0,0.0,-2.862685755632847
4,4,Apolo Anton Ohno,Julianne Hough,Athlete,United States,24,1,26.0,0.0901978874476612,2.0,8.0,9.0,0.23809522675737013,1.7320508075688779,4.526045098201448,0,0.0,6.0,25.0,0.2,0.34848484848484845,-0.9542285852109489,0.9105521928336892,3,0.04,1,0.5,0,0.0,-3.8169143408437956
4,5,Apolo Anton Ohno,Julianne Hough,Athlete,United States,24,1,30.0,0.1383442220041534,1.0,2.0,8.0,0.4285714081632663,3.511884584284247,4.526045098201448,0,0.0,6.0,26.333333333333332,0.2,0.34848484848484845,-0.9542285852109489,0.9105521928336892,3,0.04,1,0.5,0,0.0,-4.771142926054744
4,6,Apolo Anton Ohno,Julianne Hough,Athlete,United States,24,1,28.0,0.1613290718533697,1.5,2.0,7.0,0.3333333174603182,2.0000000000000018,4.526045098201448,0,0.0,6.0,28.0,0.2,0.34848484848484845,-0.9542285852109489,0.9105521928336892,3,0.04,1,0.5,0,0.0,-5.725371511265694
4,7,Apolo Anton Ohno,Julianne Hough,Athlete,United States,24,1,27.0,0.1840656527653933,3.5,2.0,6.0,0.28571427210884415,1.5275252316519485,4.526045098201448,0,0.0,6.0,28.333333333333332,0.2,0.34848484848484845,-0.9542285852109489,0.9105521928336892,3,0.04,1,0.5,0,0.0,-6.679600096476642
4,8,Apolo Anton Ohno,Julianne Hough,Athlete,United States,24,1,29.0,0.2214436050437855,1.0,1.0,5.0,0.38095236281179223,1.0000000000000022,4.526045098201448,0,0.0,6.0,28.0,0.2,0.34848484848484845,-0.9542285852109489,0.9105521928336892,3,0.04,1,0.5,0,0.0,-7.633828681687591
4,9,Apolo Anton Ohno,Julianne Hough,Athlete,United States,24,1,29.5,0.2789199971105045,3.0,2.0,4.0,0.4047618854875292,1.322875655532297,4.526045098201448,0,0.0,6.0,28.5,0.2,0.34848484848484845,-0.9542285852109489,0.9105521928336892,3,0.04,1,0.5,0,0.0,-8.58805726689854
4,10,Apolo Anton Ohno,Julianne Hough,Athlete,United States,24,1,29.3332,0.3357639786497375,1.0,2.0,3.0,0.3968190287229034,0.254573001972593,4.526045098201448,0,0.0,6.0,29.277733333333334,0.2,0.34848484848484845,-0.9542285852109489,0.9105521928336892,3,0.04,1,0.5,0,0.0,-9.542285852109488
4,1,Shandi Finnessey,Brian Fortuna,Beauty Pagent,United States,28,10,19.0,0.0606875390623385,5.5,8.0,11.0,0.0,0.0,4.526045098201448,0,0.0,6.0,19.0,1.0,0.34848484848484845,-0.6434636290562866,0.4140454419182864,2,0.3333333333333333,1,2.5,0,0.0,-0.6434636290562866
4,2,Shandi Finnessey,Brian Fortuna,Beauty Pagent,United States,28,10,20.0,0.0975129027929946,10.0,5.0,11.0,0.05263157617728546,0.7071067811865476,4.526045098201448,0,0.0,6.0,19.5,1.0,0.34848484848484845,-0.6434636290562866,0.4140454419182864,2,0.3333333333333333,1,2.5,0,0.0,-1.2869272581125732
4,3,Shandi Finnessey,Brian Fortuna,Beauty Pagent,United States,28,10,21.0,0.0802413215753931,7.0,10.0,10.0,0.10526315235457093,1.0,4.526045098201448,0,0.0,6.0,20.0,1.0,0.34848484848484845,-0.6434636290562866,0.4140454419182864,2,0.3333333333333333,1,2.5,0,0.0,-1.9303908871688598
4,1,Paulina Porizkova,Alec Mazo,Model,Czechoslovakia,41,11,19.0,0.0545443098169365,5.5,9.0,11.0,0.0,0.0,4.526045098201448,1,1.0,1.0,19.0,0.4,0.34848484848484845,0.3665224784463656,0.13433872720646653,2,0.125,0,3.5,2,0.125,0.3665224784463656
4,2,Paulina Porizkova,Alec Mazo,Model,Czechoslovakia,41,11,21.0,0.0728649238110763,7.5,11.0,11.0,0.10526315235457093,0.0,4.526045098201448,1,1.0,1.0,20.0,0.4,0.34848484848484845,0.3665224784463656,0.13433872720646653,2,0.125,0,3.5,2,0.125,0.7330449568927312
4,1,Heather Mills,Jonathan Roberts,Model,England,39,7,18.0,0.0711413877494489,7.0,7.0,11.0,0.0,0.0,4.526045098201448,2,0.0,6.0,18.0,0.2857142857142857,0.34848484848484845,0.21114000036903446,0.04458009975583587,2,0.125,0,0.0,4,0.0,0.21114000036903446
4,2,Heather Mills,Jonathan Roberts,Model,England,39,7,24.0,0.1019577135601965,3.5,4.0,11.0,0.3333333148148158,4.242640687119285,4.526045098201448,2,0.0,6.0,21.0,0.2857142857142857,0.34848484848484845,0.21114000036903446,0.04458009975583587,2,0.125,0,0.0,4,0.0,0.42228000073806893
4,3,Heather Mills,Jonathan Roberts,Model,England,39,7,24.0,0.0999052214529458,2.5,4.0,10.0,0.3333333148148158,3.4641016151377544,4.526045098201448,2,0.0,6.0,22.0,0.2857142857142857,0.34848484848484845,0.21114000036903446,0.04458009975583587,2,0.125,0,0.0,4,0.0,0.6334200011071034
4,4,Heather Mills,Jonathan Roberts,Model,England,39,7,23.0,0.1065177906119599,4.0,5.0,9.0,0.27777776234567986,0.5773502691896263,4.526045098201448,2,0.0,6.0,23.666666666666668,0.2857142857142857,0.34848484848484845,0.21114000036903446,0.04458009975583587,2,0.125,0,0.0,4,0.0,0.8445600014761379
4,5,Heather Mills,Jonathan Roberts,Model,England,39,7,21.0,0.1117417912613369,5.0,7.0,8.0,0.1666666574074079,1.5275252316519474,4.526045098201448,2,0.0,6.0,22.666666666666668,0.2857142857142857,0.34848484848484845,0.21114000036903446,0.04458009975583587,2,0.125,0,0.0,4,0.0,1.0557000018451723
4,6,Heather Mills,Jonathan Roberts,Model,England,39,7,23.0,0.1051466270556019,5.0,7.0,7.0,0.27777776234567986,1.1547005383792532,4.526045098201448,2,0.0,6.0,22.333333333333332,0.2857142857142857,0.34848484848484845,0.21114000036903446,0.04458009975583587,2,0.125,0,0.0,4,0.0,1.2668400022142068
4,1,Billy Ray Cyrus,Karina Smirnoff,Singer/Rapper,United States,45,5,13.0,0.1725493697582027,11.0,2.0,11.0,0.0,0.0,4.526045098201448,1,1.0,2.0,13.0,0.2222222222222222,0.34848484848484845,0.6772874346010278,0.45871826906844154,2,0.05555555555555555,1,-9.0,2,0.05555555555555555,0.6772874346010278
4,2,Billy Ray Cyrus,Karina Smirnoff,Singer/Rapper,United States,45,5,21.0,0.1028591412060356,7.5,3.0,11.0,0.615384568047341,5.656854249492381,4.526045098201448,1,1.0,2.0,17.0,0.2222222222222222,0.34848484848484845,0.6772874346010278,0.45871826906844154,2,0.05555555555555555,1,-9.0,2,0.05555555555555555,1.3545748692020556
4,3,Billy Ray Cyrus,Karina Smirnoff,Singer/Rapper,United States,45,5,21.0,0.0910401667397785,7.0,7.0,10.0,0.615384568047341,4.618802153517007,4.526045098201448,1,1.0,2.0,18.333333333333332,0.2222222222222222,0.34848484848484845,0.6772874346010278,0.45871826906844154,2,0.05555555555555555,1,-9.0,2,0.05555555555555555,2.0318623038030834
4,4,Billy Ray Cyrus,Karina Smirnoff,Singer/Rapper,United States,45,5,21.0,0.0885763048564921,5.5,9.0,9.0,0.615384568047341,0.0,4.526045098201448,1,1.0,2.0,21.0,0.2222222222222222,0.34848484848484845,0.6772874346010278,0.45871826906844154,2,0.05555555555555555,1,-9.0,2,0.05555555555555555,2.709149738404111
4,5,Billy Ray Cyrus,Karina Smirnoff,Singer/Rapper,United States,45,5,17.0,0.1187629639027445,7.0,6.0,8.0,0.3076922840236705,2.309401076758505,4.526045098201448,1,1.0,2.0,19.666666666666668,0.2222222222222222,0.34848484848484845,0.6772874346010278,0.45871826906844154,2,0.05555555555555555,1,-9.0,2,0.05555555555555555,3.386437173005139
4,6,Billy Ray Cyrus,Karina Smirnoff,Singer/Rapper,United States,45,5,21.0,0.1508817239282544,6.0,3.0,7.0,0.615384568047341,2.309401076758505,4.526045098201448,1,1.0,2.0,19.666666666666668,0.2222222222222222,0.34848484848484845,0.6772874346010278,0.45871826906844154,2,0.05555555555555555,1,-9.0,2,0.05555555555555555,4.063724607606167
4,7,Billy Ray Cyrus,Karina Smirnoff,Singer/Rapper,United States,45,5,19.0,0.1559493226912699,6.0,4.0,6.0,0.4615384260355057,2.0000000000000027,4.526045098201448,1,1.0,2.0,19.0,0.2222222222222222,0.34848484848484845,0.6772874346010278,0.45871826906844154,2,0.05555555555555555,1,-9.0,2,0.05555555555555555,4.741012042207195
4,8,Billy Ray Cyrus,Karina Smirnoff,Singer/Rapper,United States,45,5,19.0,0.1817699160493931,5.0,5.0,5.0,0.4615384260355057,1.1547005383792563,4.526045098201448,1,1.0,2.0,19.666666666666668,0.2222222222222222,0.34848484848484845,0.6772874346010278,0.45871826906844154,2,0.05555555555555555,1,-9.0,2,0.05555555555555555,5.418299476808222
4,1,Joey Fatone,Kym Johnson,Singer/Rapper,United States,30,2,24.0,0.0858723497852319,1.0,6.0,11.0,0.0,0.0,4.526045098201448,1,0.0,5.0,24.0,0.21428571428571427,0.34848484848484845,-0.48808115097895555,0.238223209940942,2,0.05555555555555555,1,5.0,2,0.0,-0.48808115097895555
4,2,Joey Fatone,Kym Johnson,Singer/Rapper,United States,30,2,24.0,0.0912596637809243,3.5,6.0,11.0,0.0,0.0,4.526045098201448,1,0.0,5.0,24.0,0.21428571428571427,0.34848484848484845,-0.48808115097895555,0.238223209940942,2,0.05555555555555555,1,5.0,2,0.0,-0.9761623019579111
4,3,Joey Fatone,Kym Johnson,Singer/Rapper,United States,30,2,24.0,0.0964212399213421,2.5,6.0,10.0,0.0,0.0,4.526045098201448,1,0.0,5.0,24.0,0.21428571428571427,0.34848484848484845,-0.48808115097895555,0.238223209940942,2,0.05555555555555555,1,5.0,2,0.0,-1.4642434529368666
4,4,Joey Fatone,Kym Johnson,Singer/Rapper,United States,30,2,28.0,0.113760867352651,1.0,4.0,9.0,0.1666666597222225,2.3094010767585034,4.526045098201448,1,0.0,5.0,25.333333333333332,0.21428571428571427,0.34848484848484845,-0.48808115097895555,0.238223209940942,2,0.05555555555555555,1,5.0,2,0.0,-1.9523246039158222
4,5,Joey Fatone,Kym Johnson,Singer/Rapper,United States,30,2,25.0,0.1238228204402425,3.0,3.0,8.0,0.041666664930555625,2.0816659994661335,4.526045098201448,1,0.0,5.0,25.666666666666668,0.21428571428571427,0.34848484848484845,-0.48808115097895555,0.238223209940942,2,0.05555555555555555,1,5.0,2,0.0,-2.440405754894778
4,6,Joey Fatone,Kym Johnson,Singer/Rapper,United States,30,2,27.0,0.1412992204782078,3.0,4.0,7.0,0.12499999479166687,1.5275252316519474,4.526045098201448,1,0.0,5.0,26.666666666666668,0.21428571428571427,0.34848484848484845,-0.48808115097895555,0.238223209940942,2,0.05555555555555555,1,5.0,2,0.0,-2.9284869058737333
4,7,Joey Fatone,Kym Johnson,Singer/Rapper,United States,30,2,29.5,0.1542976288574248,1.5,5.0,6.0,0.22916665711805595,2.2546248764114476,4.526045098201448,1,0.0,5.0,27.166666666666668,0.21428571428571427,0.34848484848484845,-0.48808115097895555,0.238223209940942,2,0.05555555555555555,1,5.0,2,0.0,-3.4165680568526886
4,8,Joey Fatone,Kym Johnson,Singer/Rapper,United States,30,2,27.5,0.2054591640676655,2.0,2.0,5.0,0.1458333272569447,1.3228756555322951,4.526045098201448,1,0.0,5.0,28.0,0.21428571428571427,0.34848484848484845,-0.48808115097895555,0.238223209940942,2,0.05555555555555555,1,5.0,2,0.0,-3.9046492078316444
4,9,Joey Fatone,Kym Johnson,Singer/Rapper,United States,30,2,30.0,0.2831234418253134,1.5,1.0,4.0,0.24999998958333375,1.3228756555322951,4.526045098201448,1,0.0,5.0,29.0,0.21428571428571427,0.34848484848484845,-0.48808115097895555,0.238223209940942,2,0.05555555555555555,1,5.0,2,0.0,-4.3927303588106
4,10,Joey Fatone,Kym Johnson,Singer/Rapper,United States,30,2,28.6665,0.3622344512221766,2.0,1.0,3.0,0.1944374918984378,1.2509292879029306,4.526045098201448,1,0.0,5.0,28.722166666666666,0.21428571428571427,0.34848484848484845,-0.48808115097895555,0.238223209940942,2,0.05555555555555555,1,5.0,2,0.0,-4.880811509789556
4,1,Leeza Gibbons,Tony Dovolani,TV Personality,United States,50,9,15.0,0.0222989837948531,10.0,11.0,11.0,0.0,0.0,4.526045098201448,2,0.5,4.5,15.0,0.42857142857142855,0.34848484848484845,1.0657436297943557,1.1358094844472486,1,0.25,1,1.0,2,0.125,1.0657436297943557
4,2,Leeza Gibbons,Tony Dovolani,TV Personality,United States,50,9,21.0,0.077293019828948,7.5,10.0,11.0,0.39999997333333515,4.242640687119285,4.526045098201448,2,0.5,4.5,18.0,0.42857142857142855,0.34848484848484845,1.0657436297943557,1.1358094844472486,1,0.25,1,1.0,2,0.125,2.1314872595887113
4,3,Leeza Gibbons,Tony Dovolani,TV Personality,United States,50,9,24.0,0.1005914758197619,2.5,3.0,10.0,0.5999999600000027,4.58257569495584,4.526045098201448,2,0.5,4.5,20.0,0.42857142857142855,0.34848484848484845,1.0657436297943557,1.1358094844472486,1,0.25,1,1.0,2,0.125,3.197230889383067
4,4,Leeza Gibbons,Tony Dovolani,TV Personality,United States,50,9,16.0,0.1002111144062211,7.5,7.0,9.0,0.06666666222222252,4.04145188432738,4.526045098201448,2,0.5,4.5,20.333333333333332,0.42857142857142855,0.34848484848484845,1.0657436297943557,1.1358094844472486,1,0.25,1,1.0,2,0.125,4.262974519177423
5,1,Cameron Mathison,Edyta Sliwinska,Actor/Actress,Canada,38,5,21.0,0.0997603290379249,7.0,3.0,12.0,0.0,0.0,3.423586881839382,4,0.25,4.75,21.0,0.5454545454545454,0.4236111111111111,0.1334487613303689,0.017808571900609763,2,0.03333333333333333,0,-4.0,8,0.008333333333333333,0.1334487613303689
5,2,Cameron Mathison,Edyta Sliwinska,Actor/Actress,Canada,38,5,21.0,0.0915140083879123,7.0,6.0,11.0,0.0,0.0,3.423586881839382,4,0.25,4.75,21.0,0.5454545454545454,0.4236111111111111,0.1334487613303689,0.017808571900609763,2,0.03333333333333333,0,-4.0,8,0.008333333333333333,0.2668975226607378
5,3,Cameron Mathison,Edyta Sliwinska,Actor/Actress,Canada,38,5,23.0,0.0877655629795236,7.0,9.0,10.0,0.09523809070294806,1.154700538379251,3.423586881839382,4,0.25,4.75,21.666666666666668,0.5454545454545454,0.4236111111111111,0.1334487613303689,0.017808571900609763,2,0.03333333333333333,0,-4.0,8,0.008333333333333333,0.4003462839911067
5,4,Cameron Mathison,Edyta Sliwinska,Actor/Actress,Canada,38,5,27.0,0.1085010757874163,3.0,7.0,9.0,0.28571427210884415,3.0550504633038926,3.423586881839382,4,0.25,4.75,23.666666666666668,0.5454545454545454,0.4236111111111111,0.1334487613303689,0.017808571900609763,2,0.03333333333333333,0,-4.0,8,0.008333333333333333,0.5337950453214756
5,5,Cameron Mathison,Edyta Sliwinska,Actor/Actress,Canada,38,5,26.0,0.1243661430651623,3.5,5.0,8.0,0.23809522675737013,2.0816659994661313,3.423586881839382,4,0.25,4.75,25.333333333333332,0.5454545454545454,0.4236111111111111,0.1334487613303689,0.017808571900609763,2,0.03333333333333333,0,-4.0,8,0.008333333333333333,0.6672438066518445
5,6,Cameron Mathison,Edyta Sliwinska,Actor/Actress,Canada,38,5,25.0,0.1253429763143504,4.5,6.0,7.0,0.19047618140589612,0.9999999999999978,3.423586881839382,4,0.25,4.75,26.0,0.5454545454545454,0.4236111111111111,0.1334487613303689,0.017808571900609763,2,0.03333333333333333,0,-4.0,8,0.008333333333333333,0.8006925679822134
5,7,Cameron Mathison,Edyta Sliwinska,Actor/Actress,Canada,38,5,25.5,0.1378205572189761,5.0,5.0,6.0,0.21428570408163314,0.49999999999999556,3.423586881839382,4,0.25,4.75,25.5,0.5454545454545454,0.4236111111111111,0.1334487613303689,0.017808571900609763,2,0.03333333333333333,0,-4.0,8,0.008333333333333333,0.9341413293125823
5,8,Cameron Mathison,Edyta Sliwinska,Actor/Actress,Canada,38,5,25.5,0.1410500048237123,3.0,5.0,5.0,0.21428570408163314,0.2886751345948054,3.423586881839382,4,0.25,4.75,25.333333333333332,0.5454545454545454,0.4236111111111111,0.1334487613303689,0.017808571900609763,2,0.03333333333333333,0,-4.0,8,0.008333333333333333,1.0675900906429512
5,1,Jane Seymour,Tony Dovolani,Actor/Actress,England,56,6,24.0,0.0970511238343527,3.5,4.0,12.0,0.0,0.0,3.423586881839382,3,0.3333333333333333,6.0,24.0,0.23809523809523808,0.4236111111111111,1.531891064026349,2.34669023204378,2,0.03333333333333333,0,0.5,6,0.01111111111111111,1.531891064026349
5,2,Jane Seymour,Tony Dovolani,Actor/Actress,England,56,6,21.0,0.1142894215091612,7.0,1.0,11.0,-0.12499999479166687,2.1213203435596424,3.423586881839382,3,0.3333333333333333,6.0,22.5,0.23809523809523808,0.4236111111111111,1.531891064026349,2.34669023204378,2,0.03333333333333333,0,0.5,6,0.01111111111111111,3.063782128052698
5,3,Jane Seymour,Tony Dovolani,Actor/Actress,England,56,6,27.0,0.1198983236148484,2.0,1.0,10.0,0.12499999479166687,3.0,3.423586881839382,3,0.3333333333333333,6.0,24.0,0.23809523809523808,0.4236111111111111,1.531891064026349,2.34669023204378,2,0.03333333333333333,0,0.5,6,0.01111111111111111,4.5956731920790475
5,4,Jane Seymour,Tony Dovolani,Actor/Actress,England,56,6,26.0,0.1196017555648781,6.0,1.0,9.0,0.08333332986111125,3.214550253664318,3.423586881839382,3,0.3333333333333333,6.0,24.666666666666668,0.23809523809523808,0.4236111111111111,1.531891064026349,2.34669023204378,2,0.03333333333333333,0,0.5,6,0.01111111111111111,6.127564256105396
5,5,Jane Seymour,Tony Dovolani,Actor/Actress,England,56,6,26.0,0.1079254400343331,3.5,7.0,8.0,0.08333332986111125,0.5773502691896224,3.423586881839382,3,0.3333333333333333,6.0,26.333333333333332,0.23809523809523808,0.4236111111111111,1.531891064026349,2.34669023204378,2,0.03333333333333333,0,0.5,6,0.01111111111111111,7.659455320131745
5,6,Jane Seymour,Tony Dovolani,Actor/Actress,England,56,6,22.0,0.1307315199829729,7.0,5.0,7.0,-0.08333332986111125,2.3094010767585025,3.423586881839382,3,0.3333333333333333,6.0,24.666666666666668,0.23809523809523808,0.4236111111111111,1.531891064026349,2.34669023204378,2,0.03333333333333333,0,0.5,6,0.01111111111111111,9.191346384158095
5,7,Jane Seymour,Tony Dovolani,Actor/Actress,England,56,6,25.0,0.1350817709463727,6.0,6.0,6.0,0.041666664930555625,2.0816659994661326,3.423586881839382,3,0.3333333333333333,6.0,24.333333333333332,0.23809523809523808,0.4236111111111111,1.531891064026349,2.34669023204378,2,0.03333333333333333,0,0.5,6,0.01111111111111111,10.723237448184443
5,1,Sabrina Bryan,Mark Ballas,Actor/Actress,United States,23,7,26.0,0.076152526852336,1.0,7.0,12.0,0.0,0.0,3.423586881839382,0,0.0,6.0,26.0,0.3333333333333333,0.4236111111111111,-1.0319198242496144,1.064858523679355,2,0.03333333333333333,1,6.0,0,0.0,-1.0319198242496144
5,2,Sabrina Bryan,Mark Ballas,Actor/Actress,United States,23,7,26.0,0.0881475490101461,2.0,8.0,11.0,0.0,0.0,3.423586881839382,0,0.0,6.0,26.0,0.3333333333333333,0.4236111111111111,-1.0319198242496144,1.064858523679355,2,0.03333333333333333,1,6.0,0,0.0,-2.0638396484992287
5,3,Sabrina Bryan,Mark Ballas,Actor/Actress,United States,23,7,27.0,0.1062791852632056,2.0,3.0,10.0,0.03846153698224858,0.5773502691896263,3.423586881839382,0,0.0,6.0,26.333333333333332,0.3333333333333333,0.4236111111111111,-1.0319198242496144,1.064858523679355,2,0.03333333333333333,1,6.0,0,0.0,-3.095759472748843
5,4,Sabrina Bryan,Mark Ballas,Actor/Actress,United States,23,7,30.0,0.1115750006054429,1.0,6.0,9.0,0.15384614792899431,2.0816659994661326,3.423586881839382,0,0.0,6.0,27.666666666666668,0.3333333333333333,0.4236111111111111,-1.0319198242496144,1.064858523679355,2,0.03333333333333333,1,6.0,0,0.0,-4.1276792969984575
5,5,Sabrina Bryan,Mark Ballas,Actor/Actress,United States,23,7,28.0,0.110777197422459,2.0,6.0,8.0,0.07692307396449716,1.5275252316519456,3.423586881839382,0,0.0,6.0,28.333333333333332,0.3333333333333333,0.4236111111111111,-1.0319198242496144,1.064858523679355,2,0.03333333333333333,1,6.0,0,0.0,-5.159599121248072
5,6,Sabrina Bryan,Mark Ballas,Actor/Actress,United States,23,7,25.0,0.1031392378057691,4.5,7.0,7.0,-0.03846153698224858,2.5166114784235836,3.423586881839382,0,0.0,6.0,27.666666666666668,0.3333333333333333,0.4236111111111111,-1.0319198242496144,1.064858523679355,2,0.03333333333333333,1,6.0,0,0.0,-6.191518945497686
5,1,Jennie Garth,Derek Hough,Actor/Actress,United States,35,4,21.0,0.1237938392936368,7.0,1.0,12.0,0.0,0.0,3.423586881839382,0,0.0,6.0,21.0,0.35294117647058826,0.4236111111111111,-0.09962495578562776,0.009925131815288285,2,0.03333333333333333,1,-6.0,0,0.0,-0.09962495578562776
5,2,Jennie Garth,Derek Hough,Actor/Actress,United States,35,4,21.0,0.1106344935009138,7.0,2.0,11.0,0.0,0.0,3.423586881839382,0,0.0,6.0,21.0,0.35294117647058826,0.4236111111111111,-0.09962495578562776,0.009925131815288285,2,0.03333333333333333,1,-6.0,0,0.0,-0.19924991157125552
5,3,Jennie Garth,Derek Hough,Actor/Actress,United States,35,4,26.0,0.0977316159406456,4.5,6.0,10.0,0.23809522675737013,2.886751345948128,3.423586881839382,0,0.0,6.0,22.666666666666668,0.35294117647058826,0.4236111111111111,-0.09962495578562776,0.009925131815288285,2,0.03333333333333333,1,-6.0,0,0.0,-0.2988748673568833
5,4,Jennie Garth,Derek Hough,Actor/Actress,United States,35,4,27.0,0.1117610462310484,3.0,5.0,9.0,0.28571427210884415,3.214550253664317,3.423586881839382,0,0.0,6.0,24.666666666666668,0.35294117647058826,0.4236111111111111,-0.09962495578562776,0.009925131815288285,2,0.03333333333333333,1,-6.0,0,0.0,-0.39849982314251103
5,5,Jennie Garth,Derek Hough,Actor/Actress,United States,35,4,25.0,0.1366640152026318,5.0,4.0,8.0,0.19047618140589612,0.9999999999999956,3.423586881839382,0,0.0,6.0,26.0,0.35294117647058826,0.4236111111111111,-0.09962495578562776,0.009925131815288285,2,0.03333333333333333,1,-6.0,0,0.0,-0.4981247789281388
5,6,Jennie Garth,Derek Hough,Actor/Actress,United States,35,4,27.0,0.155359809969359,3.0,3.0,7.0,0.28571427210884415,1.154700538379248,3.423586881839382,0,0.0,6.0,26.333333333333332,0.35294117647058826,0.4236111111111111,-0.09962495578562776,0.009925131815288285,2,0.03333333333333333,1,-6.0,0,0.0,-0.5977497347137666
5,7,Jennie Garth,Derek Hough,Actor/Actress,United States,35,4,26.5,0.1726130490312923,2.0,4.0,6.0,0.26190474943310715,1.0408329997330619,3.423586881839382,0,0.0,6.0,26.166666666666668,0.35294117647058826,0.4236111111111111,-0.09962495578562776,0.009925131815288285,2,0.03333333333333333,1,-6.0,0,0.0,-0.6973746904993943
5,8,Jennie Garth,Derek Hough,Actor/Actress,United States,35,4,25.0,0.1923736349229248,4.0,4.0,5.0,0.19047618140589612,1.0408329997330619,3.423586881839382,0,0.0,6.0,26.166666666666668,0.35294117647058826,0.4236111111111111,-0.09962495578562776,0.009925131815288285,2,0.03333333333333333,1,-6.0,0,0.0,-0.7969996462850221
5,9,Jennie Garth,Derek Hough,Actor/Actress,United States,35,4,29.0,0.1822567166641069,3.0,4.0,4.0,0.38095236281179223,2.0207259421636885,3.423586881839382,0,0.0,6.0,26.833333333333332,0.35294117647058826,0.4236111111111111,-0.09962495578562776,0.009925131815288285,2,0.03333333333333333,1,-6.0,0,0.0,-0.8966246020706499
5,1,Floyd Mayweather Jr. ,Karina Smirnoff,Athlete,United States,30,9,18.0,0.0672928763573551,11.0,10.0,12.0,0.0,0.0,3.423586881839382,2,0.5,3.5,18.0,0.3888888888888889,0.4236111111111111,-0.48808115097895555,0.238223209940942,3,0.25,1,-1.0,6,0.125,-0.48808115097895555
5,2,Floyd Mayweather Jr. ,Karina Smirnoff,Athlete,United States,30,9,21.0,0.0771940825887759,7.0,9.0,11.0,0.1666666574074079,2.1213203435596424,3.423586881839382,2,0.5,3.5,19.5,0.3888888888888889,0.4236111111111111,-0.48808115097895555,0.238223209940942,3,0.25,1,-1.0,6,0.125,-0.9761623019579111
5,3,Floyd Mayweather Jr. ,Karina Smirnoff,Athlete,United States,30,9,21.0,0.1098168586663136,8.0,2.0,10.0,0.1666666574074079,1.7320508075688772,3.423586881839382,2,0.5,3.5,20.0,0.3888888888888889,0.4236111111111111,-0.48808115097895555,0.238223209940942,3,0.25,1,-1.0,6,0.125,-1.4642434529368666
5,4,Floyd Mayweather Jr. ,Karina Smirnoff,Athlete,United States,30,9,23.0,0.0942448027582958,8.0,9.0,9.0,0.27777776234567986,1.154700538379251,3.423586881839382,2,0.5,3.5,21.666666666666668,0.3888888888888889,0.4236111111111111,-0.48808115097895555,0.238223209940942,3,0.25,1,-1.0,6,0.125,-1.9523246039158222
5,1,Josie Maran,Alec Mazo,Model,United States,29,12,16.0,0.0575227565304028,12.0,12.0,12.0,0.0,0.0,3.423586881839382,2,0.5,6.0,0.0,0.4,0.4236111111111111,-0.5657723900176211,0.3200983973062512,2,0.3333333333333333,1,0.0,4,0.16666666666666666,-0.5657723900176211
5,1,Albert Reed,Anna Trebunskaya,Model,United States,22,11,21.0,0.0686421153345455,7.0,9.0,12.0,0.0,0.0,3.423586881839382,1,1.0,2.0,21.0,0.09090909090909091,0.4236111111111111,-1.10961106328828,1.2312367117717475,2,0.3333333333333333,1,2.0,2,0.3333333333333333,-1.10961106328828
5,2,Albert Reed,Anna Trebunskaya,Model,United States,22,11,21.0,0.0547517121731774,7.0,11.0,11.0,0.0,0.0,3.423586881839382,1,1.0,2.0,21.0,0.09090909090909091,0.4236111111111111,-1.10961106328828,1.2312367117717475,2,0.3333333333333333,1,2.0,2,0.3333333333333333,-2.21922212657656
5,1,Helio Castroneves,Julianne Hough,Racing Driver,Brazil,32,1,25.0,0.1041334061852766,2.0,2.0,12.0,0.0,0.0,3.423586881839382,1,1.0,1.0,25.0,0.2,0.4236111111111111,-0.3326986729016244,0.11068840695050207,3,0.1,0,0.0,3,0.1,-0.3326986729016244
5,2,Helio Castroneves,Julianne Hough,Racing Driver,Brazil,32,1,27.0,0.0899326393343264,1.0,7.0,11.0,0.07999999680000013,1.4142135623730951,3.423586881839382,1,1.0,1.0,26.0,0.2,0.4236111111111111,-0.3326986729016244,0.11068840695050207,3,0.1,0,0.0,3,0.1,-0.6653973458032488
5,3,Helio Castroneves,Julianne Hough,Racing Driver,Brazil,32,1,24.0,0.1061363322673538,6.0,4.0,10.0,-0.03999999840000006,1.5275252316519463,3.423586881839382,1,1.0,1.0,25.333333333333332,0.2,0.4236111111111111,-0.3326986729016244,0.11068840695050207,3,0.1,0,0.0,3,0.1,-0.9980960187048733
5,4,Helio Castroneves,Julianne Hough,Racing Driver,Brazil,32,1,27.0,0.1020462809035006,3.0,8.0,9.0,0.07999999680000013,1.732050807568877,3.423586881839382,1,1.0,1.0,26.0,0.2,0.4236111111111111,-0.3326986729016244,0.11068840695050207,3,0.1,0,0.0,3,0.1,-1.3307946916064977
5,5,Helio Castroneves,Julianne Hough,Racing Driver,Brazil,32,1,23.0,0.1428135367449198,6.0,3.0,8.0,-0.07999999680000013,2.081665999466133,3.423586881839382,1,1.0,1.0,24.666666666666668,0.2,0.4236111111111111,-0.3326986729016244,0.11068840695050207,3,0.1,0,0.0,3,0.1,-1.663493364508122
5,6,Helio Castroneves,Julianne Hough,Racing Driver,Brazil,32,1,28.0,0.1614167120276841,2.0,2.0,7.0,0.11999999520000018,2.6457513110645907,3.423586881839382,1,1.0,1.0,26.0,0.2,0.4236111111111111,-0.3326986729016244,0.11068840695050207,3,0.1,0,0.0,3,0.1,-1.9961920374097466
5,7,Helio Castroneves,Julianne Hough,Racing Driver,Brazil,32,1,26.0,0.1868139045507945,3.5,2.0,6.0,0.03999999840000006,2.516611478423583,3.423586881839382,1,1.0,1.0,25.666666666666668,0.2,0.4236111111111111,-0.3326986729016244,0.11068840695050207,3,0.1,0,0.0,3,0.1,-2.328890710311371
5,8,Helio Castroneves,Julianne Hough,Racing Driver,Brazil,32,1,28.5,0.2279079355304252,1.0,2.0,5.0,0.13999999440000022,1.3228756555322942,3.423586881839382,1,1.0,1.0,27.5,0.2,0.4236111111111111,-0.3326986729016244,0.11068840695050207,3,0.1,0,0.0,3,0.1,-2.6615893832129953
5,9,Helio Castroneves,Julianne Hough,Racing Driver,Brazil,32,1,30.0,0.2826404158518225,1.5,2.0,4.0,0.19999999200000032,2.020725942163689,3.423586881839382,1,1.0,1.0,28.166666666666668,0.2,0.4236111111111111,-0.3326986729016244,0.11068840695050207,3,0.1,0,0.0,3,0.1,-2.9942880561146197
5,10,Helio Castroneves,Julianne Hough,Racing Driver,Brazil,32,1,27.9999,0.3399312494283334,2.0,2.0,3.0,0.1199959952001602,1.0408730326029174,3.423586881839382,1,1.0,1.0,28.833299999999998,0.2,0.4236111111111111,-0.3326986729016244,0.11068840695050207,3,0.1,0,0.0,3,0.1,-3.326986729016244
5,1,Mel B,Maksim Chmerkoskiy,Singer/Rapper,England,32,2,24.0,0.0581849615985135,3.5,11.0,12.0,0.0,0.0,3.423586881839382,3,0.3333333333333333,5.333333333333333,24.0,0.17647058823529413,0.4236111111111111,-0.3326986729016244,0.11068840695050207,2,0.043478260869565216,0,7.5,6,0.014492753623188404,-0.3326986729016244
5,2,Mel B,Maksim Chmerkoskiy,Singer/Rapper,England,32,2,23.0,0.1017849534220043,4.0,4.0,11.0,-0.041666664930555625,0.7071067811865476,3.423586881839382,3,0.3333333333333333,5.333333333333333,23.5,0.17647058823529413,0.4236111111111111,-0.3326986729016244,0.11068840695050207,2,0.043478260869565216,0,7.5,6,0.014492753623188404,-0.6653973458032488
5,3,Mel B,Maksim Chmerkoskiy,Singer/Rapper,England,32,2,27.0,0.0944985272700289,2.0,7.0,10.0,0.12499999479166687,2.081665999466132,3.423586881839382,3,0.3333333333333333,5.333333333333333,24.666666666666668,0.17647058823529413,0.4236111111111111,-0.3326986729016244,0.11068840695050207,2,0.043478260869565216,0,7.5,6,0.014492753623188404,-0.9980960187048733
5,4,Mel B,Maksim Chmerkoskiy,Singer/Rapper,England,32,2,26.0,0.1186797888736032,6.0,2.0,9.0,0.08333332986111125,2.081665999466132,3.423586881839382,3,0.3333333333333333,5.333333333333333,25.333333333333332,0.17647058823529413,0.4236111111111111,-0.3326986729016244,0.11068840695050207,2,0.043478260869565216,0,7.5,6,0.014492753623188404,-1.3307946916064977
5,5,Mel B,Maksim Chmerkoskiy,Singer/Rapper,England,32,2,29.0,0.1461656419432876,1.0,1.0,8.0,0.20833332465277812,1.5275252316519472,3.423586881839382,3,0.3333333333333333,5.333333333333333,27.333333333333332,0.17647058823529413,0.4236111111111111,-0.3326986729016244,0.11068840695050207,2,0.043478260869565216,0,7.5,6,0.014492753623188404,-1.663493364508122
5,6,Mel B,Maksim Chmerkoskiy,Singer/Rapper,England,32,2,30.0,0.1817516552604664,1.0,1.0,7.0,0.24999998958333375,2.0816659994661335,3.423586881839382,3,0.3333333333333333,5.333333333333333,28.333333333333332,0.17647058823529413,0.4236111111111111,-0.3326986729016244,0.11068840695050207,2,0.043478260869565216,0,7.5,6,0.014492753623188404,-1.9961920374097466
5,7,Mel B,Maksim Chmerkoskiy,Singer/Rapper,England,32,2,27.0,0.1776008577076574,1.0,3.0,6.0,0.12499999479166687,1.527525231651949,3.423586881839382,3,0.3333333333333333,5.333333333333333,28.666666666666668,0.17647058823529413,0.4236111111111111,-0.3326986729016244,0.11068840695050207,2,0.043478260869565216,0,7.5,6,0.014492753623188404,-2.328890710311371
5,8,Mel B,Maksim Chmerkoskiy,Singer/Rapper,England,32,2,28.0,0.2055785359289172,2.0,3.0,5.0,0.1666666597222225,1.527525231651949,3.423586881839382,3,0.3333333333333333,5.333333333333333,28.333333333333332,0.17647058823529413,0.4236111111111111,-0.3326986729016244,0.11068840695050207,2,0.043478260869565216,0,7.5,6,0.014492753623188404,-2.6615893832129953
5,9,Mel B,Maksim Chmerkoskiy,Singer/Rapper,England,32,2,30.0,0.2445854129573387,1.5,3.0,4.0,0.24999998958333375,1.527525231651949,3.423586881839382,3,0.3333333333333333,5.333333333333333,28.333333333333332,0.17647058823529413,0.4236111111111111,-0.3326986729016244,0.11068840695050207,2,0.043478260869565216,0,7.5,6,0.014492753623188404,-2.9942880561146197
5,10,Mel B,Maksim Chmerkoskiy,Singer/Rapper,England,32,2,28.333199999999998,0.2961600905159091,1.0,3.0,3.0,0.18054999247708356,1.0715444056749783,3.423586881839382,3,0.3333333333333333,5.333333333333333,28.777733333333334,0.17647058823529413,0.4236111111111111,-0.3326986729016244,0.11068840695050207,2,0.043478260869565216,0,7.5,6,0.014492753623188404,-3.326986729016244
5,1,Wayne Newton,Cheryl Burke,Singer/Rapper,United States,65,10,19.0,0.0891499120724979,10.0,5.0,12.0,0.0,0.0,3.423586881839382,3,0.6666666666666666,2.0,19.0,0.12,0.4236111111111111,2.231112215374339,4.97786171759259,2,0.043478260869565216,1,-5.0,6,0.02898550724637681,2.231112215374339
5,2,Wayne Newton,Cheryl Burke,Singer/Rapper,United States,65,10,15.0,0.0945251329788156,11.0,5.0,11.0,-0.21052630470914185,2.8284271247461903,3.423586881839382,3,0.6666666666666666,2.0,17.0,0.12,0.4236111111111111,2.231112215374339,4.97786171759259,2,0.043478260869565216,1,-5.0,6,0.02898550724637681,4.462224430748678
5,3,Wayne Newton,Cheryl Burke,Singer/Rapper,United States,65,10,18.0,0.0839945963338598,10.0,10.0,10.0,-0.05263157617728546,2.081665999466133,3.423586881839382,3,0.6666666666666666,2.0,17.333333333333332,0.12,0.4236111111111111,2.231112215374339,4.97786171759259,2,0.043478260869565216,1,-5.0,6,0.02898550724637681,6.693336646123017
5,1,Marie Osmond,Jonathan Roberts,Singer/Rapper,United States,47,3,21.0,0.070460947466456,7.0,8.0,12.0,0.0,0.0,3.423586881839382,3,0.0,6.333333333333333,21.0,0.42857142857142855,0.4236111111111111,0.8326699126783589,0.6933391834797858,2,0.043478260869565216,1,1.0,6,0.0,0.8326699126783589
5,2,Marie Osmond,Jonathan Roberts,Singer/Rapper,United States,47,3,24.0,0.0741033085064549,3.0,10.0,11.0,0.14285713605442207,2.1213203435596424,3.423586881839382,3,0.0,6.333333333333333,22.5,0.42857142857142855,0.4236111111111111,0.8326699126783589,0.6933391834797858,2,0.043478260869565216,1,1.0,6,0.0,1.6653398253567178
5,3,Marie Osmond,Jonathan Roberts,Singer/Rapper,United States,47,3,26.0,0.0883018164901513,4.5,8.0,10.0,0.23809522675737013,2.5166114784235827,3.423586881839382,3,0.0,6.333333333333333,23.666666666666668,0.42857142857142855,0.4236111111111111,0.8326699126783589,0.6933391834797858,2,0.043478260869565216,1,1.0,6,0.0,2.4980097380350768
5,4,Marie Osmond,Jonathan Roberts,Singer/Rapper,United States,47,3,26.0,0.1184717581540697,6.0,3.0,9.0,0.23809522675737013,1.15470053837925,3.423586881839382,3,0.0,6.333333333333333,25.333333333333332,0.42857142857142855,0.4236111111111111,0.8326699126783589,0.6933391834797858,2,0.043478260869565216,1,1.0,6,0.0,3.3306796507134355
5,5,Marie Osmond,Jonathan Roberts,Singer/Rapper,United States,47,3,21.0,0.1460097795128182,7.5,2.0,8.0,0.0,2.886751345948128,3.423586881839382,3,0.0,6.333333333333333,24.333333333333332,0.42857142857142855,0.4236111111111111,0.8326699126783589,0.6933391834797858,2,0.043478260869565216,1,1.0,6,0.0,4.163349563391795
5,6,Marie Osmond,Jonathan Roberts,Singer/Rapper,United States,47,3,23.0,0.1422580886393979,6.0,4.0,7.0,0.09523809070294806,2.516611478423582,3.423586881839382,3,0.0,6.333333333333333,23.333333333333332,0.42857142857142855,0.4236111111111111,0.8326699126783589,0.6933391834797858,2,0.043478260869565216,1,1.0,6,0.0,4.9960194760701535
5,7,Marie Osmond,Jonathan Roberts,Singer/Rapper,United States,47,3,26.0,0.1900698605449068,3.5,1.0,6.0,0.23809522675737013,2.516611478423582,3.423586881839382,3,0.0,6.333333333333333,23.333333333333332,0.42857142857142855,0.4236111111111111,0.8326699126783589,0.6933391834797858,2,0.043478260869565216,1,1.0,6,0.0,5.828689388748512
5,8,Marie Osmond,Jonathan Roberts,Singer/Rapper,United States,47,3,24.5,0.2330898887940204,5.0,1.0,5.0,0.1666666587301591,1.4999999999999984,3.423586881839382,3,0.0,6.333333333333333,24.5,0.42857142857142855,0.4236111111111111,0.8326699126783589,0.6933391834797858,2,0.043478260869565216,1,1.0,6,0.0,6.661359301426871
5,9,Marie Osmond,Jonathan Roberts,Singer/Rapper,United States,47,3,28.0,0.2905174545267318,4.0,1.0,4.0,0.3333333174603182,1.7559422921421215,3.423586881839382,3,0.0,6.333333333333333,26.166666666666668,0.42857142857142855,0.4236111111111111,0.8326699126783589,0.6933391834797858,2,0.043478260869565216,1,1.0,6,0.0,7.49402921410523
5,10,Marie Osmond,Jonathan Roberts,Singer/Rapper,United States,47,3,23.0,0.3639086600557575,3.0,1.0,3.0,0.09523809070294806,2.565800719723441,3.423586881839382,3,0.0,6.333333333333333,25.166666666666668,0.42857142857142855,0.4236111111111111,0.8326699126783589,0.6933391834797858,2,0.043478260869565216,1,1.0,6,0.0,8.32669912678359
5,1,Mark Cuban,Kym Johnson,TV Personality,United States,49,8,21.0,0.0878552054367017,7.0,6.0,12.0,0.0,0.0,3.423586881839382,2,0.5,3.5,21.0,0.14285714285714285,0.4236111111111111,0.9880523907556901,0.9762475268780348,1,0.2,1,-1.0,2,0.1,0.9880523907556901
5,2,Mark Cuban,Kym Johnson,TV Personality,United States,49,8,18.0,0.1031226985883118,10.0,3.0,11.0,-0.14285713605442207,2.1213203435596424,3.423586881839382,2,0.5,3.5,19.5,0.14285714285714285,0.4236111111111111,0.9880523907556901,0.9762475268780348,1,0.2,1,-1.0,2,0.1,1.9761047815113801
5,3,Mark Cuban,Kym Johnson,TV Personality,United States,49,8,20.0,0.1055771811740688,9.0,5.0,10.0,-0.04761904535147403,1.5275252316519465,3.423586881839382,2,0.5,3.5,19.666666666666668,0.14285714285714285,0.4236111111111111,0.9880523907556901,0.9762475268780348,1,0.2,1,-1.0,2,0.1,2.96415717226707
5,4,Mark Cuban,Kym Johnson,TV Personality,United States,49,8,22.0,0.1151184911217448,9.0,4.0,9.0,0.04761904535147403,2.0,3.423586881839382,2,0.5,3.5,20.0,0.14285714285714285,0.4236111111111111,0.9880523907556901,0.9762475268780348,1,0.2,1,-1.0,2,0.1,3.9522095630227603
5,5,Mark Cuban,Kym Johnson,TV Personality,United States,49,8,21.0,0.0852782460743879,7.5,8.0,8.0,0.0,1.0000000000000004,3.423586881839382,2,0.5,3.5,21.0,0.14285714285714285,0.4236111111111111,0.9880523907556901,0.9762475268780348,1,0.2,1,-1.0,2,0.1,4.9402619537784505
6,1,Cristian de la Fuente,Cheryl Burke,Actor/Actress,Chile,34,3,21.0,0.0154833542372354,6.5,11.0,12.0,0.0,0.0,3.830046264206858,4,0.5,4.0,21.0,0.24,0.28055555555555556,-0.1773161948242933,0.03144103294696674,2,0.025,0,4.5,8,0.0125,-0.1773161948242933
6,2,Cristian de la Fuente,Cheryl Burke,Actor/Actress,Chile,34,3,20.0,0.014907306755511,8.0,12.0,12.0,-0.04761904535147403,0.7071067811865476,3.830046264206858,4,0.5,4.0,20.5,0.24,0.28055555555555556,-0.1773161948242933,0.03144103294696674,2,0.025,0,4.5,8,0.0125,-0.3546323896485866
6,3,Cristian de la Fuente,Cheryl Burke,Actor/Actress,Chile,34,3,25.0,0.0837413961420916,3.0,10.0,10.0,0.19047618140589612,2.6457513110645907,3.830046264206858,4,0.5,4.0,22.0,0.24,0.28055555555555556,-0.1773161948242933,0.03144103294696674,2,0.025,0,4.5,8,0.0125,-0.53194858447288
6,4,Cristian de la Fuente,Cheryl Burke,Actor/Actress,Chile,34,3,26.0,0.1079767711442352,4.0,5.0,9.0,0.23809522675737013,3.214550253664318,3.830046264206858,4,0.5,4.0,23.666666666666668,0.24,0.28055555555555556,-0.1773161948242933,0.03144103294696674,2,0.025,0,4.5,8,0.0125,-0.7092647792971732
6,5,Cristian de la Fuente,Cheryl Burke,Actor/Actress,Chile,34,3,23.0,0.1192665013116149,5.5,7.0,8.0,0.09523809070294806,1.527525231651946,3.830046264206858,4,0.5,4.0,24.666666666666668,0.24,0.28055555555555556,-0.1773161948242933,0.03144103294696674,2,0.025,0,4.5,8,0.0125,-0.8865809741214665
6,6,Cristian de la Fuente,Cheryl Burke,Actor/Actress,Chile,34,3,27.0,0.1486392482037598,3.0,3.0,7.0,0.28571427210884415,2.0816659994661326,3.830046264206858,4,0.5,4.0,25.333333333333332,0.24,0.28055555555555556,-0.1773161948242933,0.03144103294696674,2,0.025,0,4.5,8,0.0125,-1.06389716894576
6,7,Cristian de la Fuente,Cheryl Burke,Actor/Actress,Chile,34,3,23.0,0.1718475699307729,6.0,3.0,6.0,0.09523809070294806,2.3094010767585025,3.830046264206858,4,0.5,4.0,24.333333333333332,0.24,0.28055555555555556,-0.1773161948242933,0.03144103294696674,2,0.025,0,4.5,8,0.0125,-1.241213363770053
6,8,Cristian de la Fuente,Cheryl Burke,Actor/Actress,Chile,34,3,28.5,0.1925916260170352,1.0,3.0,5.0,0.35714284013605524,2.843120351538663,3.830046264206858,4,0.5,4.0,26.166666666666668,0.24,0.28055555555555556,-0.1773161948242933,0.03144103294696674,2,0.025,0,4.5,8,0.0125,-1.4185295585943465
6,9,Cristian de la Fuente,Cheryl Burke,Actor/Actress,Chile,34,3,28.0,0.2120161401735677,2.0,3.0,4.0,0.3333333174603182,3.0413812651491097,3.830046264206858,4,0.5,4.0,26.5,0.24,0.28055555555555556,-0.1773161948242933,0.03144103294696674,2,0.025,0,4.5,8,0.0125,-1.5958457534186399
6,10,Cristian de la Fuente,Cheryl Burke,Actor/Actress,Chile,34,3,26.0,0.2584939753655467,3.0,3.0,3.0,0.23809522675737013,1.3228756555322947,3.830046264206858,4,0.5,4.0,27.5,0.24,0.28055555555555556,-0.1773161948242933,0.03144103294696674,2,0.025,0,4.5,8,0.0125,-1.773161948242933
6,1,Steve Guttenberg,Anna Trebunskaya,Actor/Actress,United States,49,10,18.0,0.2049802425099351,8.5,1.0,12.0,0.0,0.0,3.830046264206858,2,0.5,6.5,18.0,0.2727272727272727,0.28055555555555556,0.9880523907556901,0.9762475268780348,2,0.025,1,-7.5,4,0.0125,0.9880523907556901
6,2,Steve Guttenberg,Anna Trebunskaya,Actor/Actress,United States,49,10,16.0,0.0973731078480977,11.0,5.0,12.0,-0.11111110493827195,1.4142135623730951,3.830046264206858,2,0.5,6.5,17.0,0.2727272727272727,0.28055555555555556,0.9880523907556901,0.9762475268780348,2,0.025,1,-7.5,4,0.0125,1.9761047815113801
6,3,Steve Guttenberg,Anna Trebunskaya,Actor/Actress,United States,49,10,21.0,0.0919898841114066,7.5,7.0,10.0,0.1666666574074079,2.5166114784235836,3.830046264206858,2,0.5,6.5,18.333333333333332,0.2727272727272727,0.28055555555555556,0.9880523907556901,0.9762475268780348,2,0.025,1,-7.5,4,0.0125,2.96415717226707
6,1,Priscilla Presley,Louis van Amstel,Actor/Actress,United States,62,8,24.0,0.0893009854965034,2.5,6.0,12.0,0.0,0.0,3.830046264206858,3,0.0,4.666666666666667,24.0,0.5454545454545454,0.28055555555555556,1.9980384982583423,3.992157840522452,2,0.025,1,3.5,6,0.0,1.9980384982583423
6,2,Priscilla Presley,Louis van Amstel,Actor/Actress,United States,62,8,21.0,0.2036746706724573,6.5,1.0,12.0,-0.12499999479166687,2.1213203435596424,3.830046264206858,3,0.0,4.666666666666667,22.5,0.5454545454545454,0.28055555555555556,1.9980384982583423,3.992157840522452,2,0.025,1,3.5,6,0.0,3.9960769965166847
6,3,Priscilla Presley,Louis van Amstel,Actor/Actress,United States,62,8,26.0,0.089593777321535,2.0,8.0,10.0,0.08333332986111125,2.5166114784235827,3.830046264206858,3,0.0,4.666666666666667,23.666666666666668,0.5454545454545454,0.28055555555555556,1.9980384982583423,3.992157840522452,2,0.025,1,3.5,6,0.0,5.994115494775027
6,4,Priscilla Presley,Louis van Amstel,Actor/Actress,United States,62,8,22.0,0.1379120960580039,8.0,1.0,9.0,-0.08333332986111125,2.6457513110645903,3.830046264206858,3,0.0,4.666666666666667,23.0,0.5454545454545454,0.28055555555555556,1.9980384982583423,3.992157840522452,2,0.025,1,3.5,6,0.0,7.992153993033369
6,5,Priscilla Presley,Louis van Amstel,Actor/Actress,United States,62,8,21.0,0.1225909364436556,8.0,6.0,8.0,-0.12499999479166687,2.6457513110645903,3.830046264206858,3,0.0,4.666666666666667,23.0,0.5454545454545454,0.28055555555555556,1.9980384982583423,3.992157840522452,2,0.025,1,3.5,6,0.0,9.990192491291712
6,1,Marlee Matlin,Fabian Sanchez,Actor/Actress,United States,42,7,22.0,0.1487211543570618,4.5,2.0,12.0,0.0,0.0,3.830046264206858,0,0.0,6.0,22.0,1.0,0.28055555555555556,0.44421371748503113,0.19732582680187105,2,0.025,1,-2.5,0,0.0,0.44421371748503113
6,2,Marlee Matlin,Fabian Sanchez,Actor/Actress,United States,42,7,24.0,0.0391948260861545,4.5,9.0,12.0,0.09090908677685969,1.4142135623730951,3.830046264206858,0,0.0,6.0,23.0,1.0,0.28055555555555556,0.44421371748503113,0.19732582680187105,2,0.025,1,-2.5,0,0.0,0.8884274349700623
6,3,Marlee Matlin,Fabian Sanchez,Actor/Actress,United States,42,7,21.0,0.1039917314629954,7.5,4.0,10.0,-0.045454543388429844,1.5275252316519463,3.830046264206858,0,0.0,6.0,22.333333333333332,1.0,0.28055555555555556,0.44421371748503113,0.19732582680187105,2,0.025,1,-2.5,0,0.0,1.3326411524550934
6,4,Marlee Matlin,Fabian Sanchez,Actor/Actress,United States,42,7,24.0,0.1120597803952238,6.0,4.0,9.0,0.09090908677685969,1.732050807568877,3.830046264206858,0,0.0,6.0,23.0,1.0,0.28055555555555556,0.44421371748503113,0.19732582680187105,2,0.025,1,-2.5,0,0.0,1.7768548699401245
6,5,Marlee Matlin,Fabian Sanchez,Actor/Actress,United States,42,7,22.0,0.1321823386206296,7.0,2.0,8.0,0.0,1.5275252316519463,3.830046264206858,0,0.0,6.0,22.333333333333332,1.0,0.28055555555555556,0.44421371748503113,0.19732582680187105,2,0.025,1,-2.5,0,0.0,2.2210685874251554
6,6,Marlee Matlin,Fabian Sanchez,Actor/Actress,United States,42,7,21.0,0.1264361725009104,7.0,7.0,7.0,-0.045454543388429844,1.5275252316519463,3.830046264206858,0,0.0,6.0,22.333333333333332,1.0,0.28055555555555556,0.44421371748503113,0.19732582680187105,2,0.025,1,-2.5,0,0.0,2.665282304910187
6,1,Shannon Elizabeth,Derek Hough,Actor/Actress,United States,34,6,21.0,0.0531176690880544,6.5,8.0,12.0,0.0,0.0,3.830046264206858,1,0.0,4.0,21.0,0.35294117647058826,0.28055555555555556,-0.1773161948242933,0.03144103294696674,2,0.025,1,1.5,2,0.0,-0.1773161948242933
6,2,Shannon Elizabeth,Derek Hough,Actor/Actress,United States,34,6,24.0,0.163006396753965,4.5,2.0,12.0,0.14285713605442207,2.1213203435596424,3.830046264206858,1,0.0,4.0,22.5,0.35294117647058826,0.28055555555555556,-0.1773161948242933,0.03144103294696674,2,0.025,1,1.5,2,0.0,-0.3546323896485866
6,3,Shannon Elizabeth,Derek Hough,Actor/Actress,United States,34,6,24.0,0.0862096202186353,4.0,9.0,10.0,0.14285713605442207,1.7320508075688772,3.830046264206858,1,0.0,4.0,23.0,0.35294117647058826,0.28055555555555556,-0.1773161948242933,0.03144103294696674,2,0.025,1,1.5,2,0.0,-0.53194858447288
6,4,Shannon Elizabeth,Derek Hough,Actor/Actress,United States,34,6,28.0,0.1287514519258245,3.0,2.0,9.0,0.3333333174603182,2.3094010767585034,3.830046264206858,1,0.0,4.0,25.333333333333332,0.35294117647058826,0.28055555555555556,-0.1773161948242933,0.03144103294696674,2,0.025,1,1.5,2,0.0,-0.7092647792971732
6,5,Shannon Elizabeth,Derek Hough,Actor/Actress,United States,34,6,23.0,0.1345981263730138,5.5,1.0,8.0,0.09523809070294806,2.645751311064591,3.830046264206858,1,0.0,4.0,25.0,0.35294117647058826,0.28055555555555556,-0.1773161948242933,0.03144103294696674,2,0.025,1,1.5,2,0.0,-0.8865809741214665
6,6,Shannon Elizabeth,Derek Hough,Actor/Actress,United States,34,6,24.0,0.1483424325297378,5.5,4.0,7.0,0.14285713605442207,2.645751311064591,3.830046264206858,1,0.0,4.0,25.0,0.35294117647058826,0.28055555555555556,-0.1773161948242933,0.03144103294696674,2,0.025,1,1.5,2,0.0,-1.06389716894576
6,7,Shannon Elizabeth,Derek Hough,Actor/Actress,United States,34,6,25.5,0.1337834487248872,4.5,6.0,6.0,0.21428570408163314,1.2583057392117925,3.830046264206858,1,0.0,4.0,24.166666666666668,0.35294117647058826,0.28055555555555556,-0.1773161948242933,0.03144103294696674,2,0.025,1,1.5,2,0.0,-1.241213363770053
6,1,Marissa Jaret Winokur,Tony Dovolani,Actor/Actress,United States,35,4,18.0,0.1135287221768757,8.5,4.0,12.0,0.0,0.0,3.830046264206858,4,0.25,6.0,18.0,0.23809523809523808,0.28055555555555556,-0.09962495578562776,0.009925131815288285,2,0.025,1,-4.5,8,0.00625,-0.09962495578562776
6,2,Marissa Jaret Winokur,Tony Dovolani,Actor/Actress,United States,35,4,21.0,0.1213561778547324,6.5,4.0,12.0,0.1666666574074079,2.1213203435596424,3.830046264206858,4,0.25,6.0,19.5,0.23809523809523808,0.28055555555555556,-0.09962495578562776,0.009925131815288285,2,0.025,1,-4.5,8,0.00625,-0.19924991157125552
6,3,Marissa Jaret Winokur,Tony Dovolani,Actor/Actress,United States,35,4,19.0,0.1225092465557217,10.0,1.0,10.0,0.055555552469135974,1.5275252316519465,3.830046264206858,4,0.25,6.0,19.333333333333332,0.23809523809523808,0.28055555555555556,-0.09962495578562776,0.009925131815288285,2,0.025,1,-4.5,8,0.00625,-0.2988748673568833
6,4,Marissa Jaret Winokur,Tony Dovolani,Actor/Actress,United States,35,4,24.0,0.1130710900717163,6.0,3.0,9.0,0.3333333148148158,2.516611478423584,3.830046264206858,4,0.25,6.0,21.333333333333332,0.23809523809523808,0.28055555555555556,-0.09962495578562776,0.009925131815288285,2,0.025,1,-4.5,8,0.00625,-0.39849982314251103
6,5,Marissa Jaret Winokur,Tony Dovolani,Actor/Actress,United States,35,4,24.0,0.1273923282624254,4.0,3.0,8.0,0.3333333148148158,2.88675134594813,3.830046264206858,4,0.25,6.0,22.333333333333332,0.23809523809523808,0.28055555555555556,-0.09962495578562776,0.009925131815288285,2,0.025,1,-4.5,8,0.00625,-0.4981247789281388
6,6,Marissa Jaret Winokur,Tony Dovolani,Actor/Actress,United States,35,4,26.0,0.158046616616863,4.0,1.0,7.0,0.4444444197530878,1.1547005383792548,3.830046264206858,4,0.25,6.0,24.666666666666668,0.23809523809523808,0.28055555555555556,-0.09962495578562776,0.009925131815288285,2,0.025,1,-4.5,8,0.00625,-0.5977497347137666
6,7,Marissa Jaret Winokur,Tony Dovolani,Actor/Actress,United States,35,4,26.0,0.1652499017132995,3.0,5.0,6.0,0.4444444197530878,1.1547005383792548,3.830046264206858,4,0.25,6.0,25.333333333333332,0.23809523809523808,0.28055555555555556,-0.09962495578562776,0.009925131815288285,2,0.025,1,-4.5,8,0.00625,-0.6973746904993943
6,8,Marissa Jaret Winokur,Tony Dovolani,Actor/Actress,United States,35,4,25.0,0.1896323099724985,5.0,4.0,5.0,0.3888888672839518,0.577350269189634,3.830046264206858,4,0.25,6.0,25.666666666666668,0.23809523809523808,0.28055555555555556,-0.09962495578562776,0.009925131815288285,2,0.025,1,-4.5,8,0.00625,-0.7969996462850221
6,9,Marissa Jaret Winokur,Tony Dovolani,Actor/Actress,United States,35,4,26.0,0.2052901218228094,4.0,4.0,4.0,0.4444444197530878,0.577350269189634,3.830046264206858,4,0.25,6.0,25.666666666666668,0.23809523809523808,0.28055555555555556,-0.09962495578562776,0.009925131815288285,2,0.025,1,-4.5,8,0.00625,-0.8966246020706499
6,1,Jason Taylor,Edyta Sliwinska,Athlete,United States,33,2,22.0,0.0005524088894244,4.5,12.0,12.0,0.0,0.0,3.830046264206858,5,0.2,4.8,22.0,0.2727272727272727,0.28055555555555556,-0.2550074338629589,0.06502879132537134,3,0.045454545454545456,1,7.5,15,0.009090909090909092,-0.2550074338629589
6,2,Jason Taylor,Edyta Sliwinska,Athlete,United States,33,2,27.0,0.0424999891664549,1.5,8.0,12.0,0.2272727169421492,3.5355339059327378,3.830046264206858,5,0.2,4.8,24.5,0.2727272727272727,0.28055555555555556,-0.2550074338629589,0.06502879132537134,3,0.045454545454545456,1,7.5,15,0.009090909090909092,-0.5100148677259178
6,3,Jason Taylor,Edyta Sliwinska,Athlete,United States,33,2,23.0,0.1147056051894745,5.0,2.0,10.0,0.045454543388429844,2.6457513110645907,3.830046264206858,5,0.2,4.8,24.0,0.2727272727272727,0.28055555555555556,-0.2550074338629589,0.06502879132537134,3,0.045454545454545456,1,7.5,15,0.009090909090909092,-0.7650223015888766
6,4,Jason Taylor,Edyta Sliwinska,Athlete,United States,33,2,29.0,0.0940163870458629,1.5,9.0,9.0,0.3181818037190089,3.0550504633038935,3.830046264206858,5,0.2,4.8,26.333333333333332,0.2727272727272727,0.28055555555555556,-0.2550074338629589,0.06502879132537134,3,0.045454545454545456,1,7.5,15,0.009090909090909092,-1.0200297354518355
6,5,Jason Taylor,Edyta Sliwinska,Athlete,United States,33,2,27.0,0.124843276565922,2.5,5.0,8.0,0.2272727169421492,3.0550504633038935,3.830046264206858,5,0.2,4.8,26.333333333333332,0.2727272727272727,0.28055555555555556,-0.2550074338629589,0.06502879132537134,3,0.045454545454545456,1,7.5,15,0.009090909090909092,-1.2750371693147944
6,6,Jason Taylor,Edyta Sliwinska,Athlete,United States,33,2,24.0,0.1303487432139242,5.5,6.0,7.0,0.09090908677685969,2.516611478423585,3.830046264206858,5,0.2,4.8,26.666666666666668,0.2727272727272727,0.28055555555555556,-0.2550074338629589,0.06502879132537134,3,0.045454545454545456,1,7.5,15,0.009090909090909092,-1.5300446031777533
6,7,Jason Taylor,Edyta Sliwinska,Athlete,United States,33,2,27.5,0.1788732744858241,1.0,2.0,6.0,0.24999998863636413,1.8929694486000934,3.830046264206858,5,0.2,4.8,26.166666666666668,0.2727272727272727,0.28055555555555556,-0.2550074338629589,0.06502879132537134,3,0.045454545454545456,1,7.5,15,0.009090909090909092,-1.7850520370407121
6,8,Jason Taylor,Edyta Sliwinska,Athlete,United States,33,2,26.0,0.2225209944448294,4.0,2.0,5.0,0.18181817355371938,1.755942292142126,3.830046264206858,5,0.2,4.8,25.833333333333332,0.2727272727272727,0.28055555555555556,-0.2550074338629589,0.06502879132537134,3,0.045454545454545456,1,7.5,15,0.009090909090909092,-2.040059470903671
6,9,Jason Taylor,Edyta Sliwinska,Athlete,United States,33,2,27.5,0.2863937220022379,3.0,2.0,4.0,0.24999998863636413,0.866025403784445,3.830046264206858,5,0.2,4.8,27.0,0.2727272727272727,0.28055555555555556,-0.2550074338629589,0.06502879132537134,3,0.045454545454545456,1,7.5,15,0.009090909090909092,-2.29506690476663
6,10,Jason Taylor,Edyta Sliwinska,Athlete,United States,33,2,28.5,0.3730686476901628,2.0,1.0,3.0,0.295454532024794,1.2583057392117964,3.830046264206858,5,0.2,4.8,27.333333333333332,0.2727272727272727,0.28055555555555556,-0.2550074338629589,0.06502879132537134,3,0.045454545454545456,1,7.5,15,0.009090909090909092,-2.5500743386295888
6,1,Kristi Yamaguchi,Mark Ballas,Athlete,United States,36,1,27.0,0.098124928906386,1.0,5.0,12.0,0.0,0.0,3.830046264206858,1,0.0,7.0,27.0,0.19047619047619047,0.28055555555555556,-0.021933716746962203,0.0004810879303359702,3,0.045454545454545456,1,4.0,3,0.0,-0.021933716746962203
6,2,Kristi Yamaguchi,Mark Ballas,Athlete,United States,36,1,27.0,0.1469734773983437,1.5,3.0,12.0,0.0,0.0,3.830046264206858,1,0.0,7.0,27.0,0.19047619047619047,0.28055555555555556,-0.021933716746962203,0.0004810879303359702,3,0.045454545454545456,1,4.0,3,0.0,-0.043867433493924406
6,3,Kristi Yamaguchi,Mark Ballas,Athlete,United States,36,1,27.0,0.1023930066454876,1.0,5.0,10.0,0.0,0.0,3.830046264206858,1,0.0,7.0,27.0,0.19047619047619047,0.28055555555555556,-0.021933716746962203,0.0004810879303359702,3,0.045454545454545456,1,4.0,3,0.0,-0.0658011502408866
6,4,Kristi Yamaguchi,Mark Ballas,Athlete,United States,36,1,29.0,0.101707961717936,1.5,7.0,9.0,0.07407407133058995,1.154700538379251,3.830046264206858,1,0.0,7.0,27.666666666666668,0.19047619047619047,0.28055555555555556,-0.021933716746962203,0.0004810879303359702,3,0.045454545454545456,1,4.0,3,0.0,-0.08773486698784881
6,5,Kristi Yamaguchi,Mark Ballas,Athlete,United States,36,1,29.0,0.1123904132372919,1.0,8.0,8.0,0.07407407133058995,1.154700538379251,3.830046264206858,1,0.0,7.0,28.333333333333332,0.19047619047619047,0.28055555555555556,-0.021933716746962203,0.0004810879303359702,3,0.045454545454545456,1,4.0,3,0.0,-0.10966858373481102
6,6,Kristi Yamaguchi,Mark Ballas,Athlete,United States,36,1,30.0,0.1507829379890077,1.0,2.0,7.0,0.11111110699588492,0.5773502691896263,3.830046264206858,1,0.0,7.0,29.333333333333332,0.19047619047619047,0.28055555555555556,-0.021933716746962203,0.0004810879303359702,3,0.045454545454545456,1,4.0,3,0.0,-0.1316023004817732
6,7,Kristi Yamaguchi,Mark Ballas,Athlete,United States,36,1,27.0,0.1790552878218458,2.0,1.0,6.0,0.0,1.5275252316519474,3.830046264206858,1,0.0,7.0,28.666666666666668,0.19047619047619047,0.28055555555555556,-0.021933716746962203,0.0004810879303359702,3,0.045454545454545456,1,4.0,3,0.0,-0.15353601722873542
6,8,Kristi Yamaguchi,Mark Ballas,Athlete,United States,36,1,27.5,0.2436075063244931,2.0,1.0,5.0,0.018518517832647487,1.6072751268321601,3.830046264206858,1,0.0,7.0,28.166666666666668,0.19047619047619047,0.28055555555555556,-0.021933716746962203,0.0004810879303359702,3,0.045454545454545456,1,4.0,3,0.0,-0.17546973397569762
6,9,Kristi Yamaguchi,Mark Ballas,Athlete,United States,36,1,28.5,0.296300016001385,1.0,1.0,4.0,0.05555555349794246,0.763762615825976,3.830046264206858,1,0.0,7.0,27.666666666666668,0.19047619047619047,0.28055555555555556,-0.021933716746962203,0.0004810879303359702,3,0.045454545454545456,1,4.0,3,0.0,-0.19740345072265983
6,10,Kristi Yamaguchi,Mark Ballas,Athlete,United States,36,1,30.0,0.3684373769442904,1.0,2.0,3.0,0.11111110699588492,1.2583057392117925,3.830046264206858,1,0.0,7.0,28.666666666666668,0.19047619047619047,0.28055555555555556,-0.021933716746962203,0.0004810879303359702,3,0.045454545454545456,1,4.0,3,0.0,-0.21933716746962204
6,1,Monica Seles,Jonathan Roberts,Athlete,Yugoslavia,34,11,15.0,0.0452443029440818,11.5,9.0,12.0,0.0,0.0,3.830046264206858,4,0.25,5.5,15.0,0.14285714285714285,0.28055555555555556,-0.1773161948242933,0.03144103294696674,3,0.045454545454545456,0,-2.5,12,0.011363636363636364,-0.1773161948242933
6,2,Monica Seles,Jonathan Roberts,Athlete,Yugoslavia,34,11,15.0,0.0320844371624675,12.0,10.0,12.0,0.0,0.0,3.830046264206858,4,0.25,5.5,15.0,0.14285714285714285,0.28055555555555556,-0.1773161948242933,0.03144103294696674,3,0.045454545454545456,0,-2.5,12,0.011363636363636364,-0.3546323896485866
6,1,Penn Jillette,Kym Johnson,Magician,United States,53,12,16.0,0.1285909343137322,10.0,3.0,12.0,0.0,0.0,3.830046264206858,3,0.3333333333333333,5.0,16.0,0.07142857142857142,0.28055555555555556,1.2988173469103523,1.6869265006352465,2,0.5,1,-7.0,6,0.16666666666666666,1.2988173469103523
6,2,Penn Jillette,Kym Johnson,Magician,United States,53,12,17.0,0.0242980323497582,10.0,11.0,12.0,0.06249999609375024,0.0,3.830046264206858,3,0.3333333333333333,5.0,16.5,0.07142857142857142,0.28055555555555556,1.2988173469103523,1.6869265006352465,2,0.5,1,-7.0,6,0.16666666666666666,2.5976346938207047
6,1,Adam Carolla,Julianne Hough,Radio Personality,United States,43,9,15.0,0.0407281569106637,11.5,10.0,12.0,0.0,0.0,3.830046264206858,2,1.0,1.0,15.0,0.2,0.28055555555555556,0.5219049565236967,0.27238478364400176,1,0.25,1,-1.5,2,0.25,0.5219049565236967
6,2,Adam Carolla,Julianne Hough,Radio Personality,United States,43,9,19.0,0.0565955290467967,9.0,7.0,12.0,0.2666666488888901,2.8284271247461903,3.830046264206858,2,1.0,1.0,17.0,0.2,0.28055555555555556,0.5219049565236967,0.27238478364400176,1,0.25,1,-1.5,2,0.25,1.0438099130473935
6,3,Adam Carolla,Julianne Hough,Radio Personality,United States,43,9,21.0,0.0921665720803215,7.5,6.0,10.0,0.39999997333333515,3.0550504633038935,3.830046264206858,2,1.0,1.0,18.333333333333332,0.2,0.28055555555555556,0.5219049565236967,0.27238478364400176,1,0.25,1,-1.5,2,0.25,1.56571486957109
6,4,Adam Carolla,Julianne Hough,Radio Personality,United States,43,9,19.0,0.0973186845179172,9.0,8.0,9.0,0.2666666488888901,1.1547005383792541,3.830046264206858,2,1.0,1.0,19.666666666666668,0.2,0.28055555555555556,0.5219049565236967,0.27238478364400176,1,0.25,1,-1.5,2,0.25,2.087619826094787
6,1,Mario,Karina Smirnoff,Singer/Rapper,United States,21,5,24.0,0.0616271401700457,2.5,7.0,12.0,0.0,0.0,3.830046264206858,3,0.3333333333333333,5.333333333333333,24.0,0.2222222222222222,0.28055555555555556,-1.1873023023269456,1.4096867571108656,2,0.125,1,4.5,6,0.041666666666666664,-1.1873023023269456
6,2,Mario,Karina Smirnoff,Singer/Rapper,United States,21,5,26.0,0.0580360489052606,3.0,6.0,12.0,0.08333332986111125,1.4142135623730951,3.830046264206858,3,0.3333333333333333,5.333333333333333,25.0,0.2222222222222222,0.28055555555555556,-1.1873023023269456,1.4096867571108656,2,0.125,1,4.5,6,0.041666666666666664,-2.374604604653891
6,3,Mario,Karina Smirnoff,Singer/Rapper,United States,21,5,21.0,0.1126991602723304,7.5,3.0,10.0,-0.12499999479166687,2.5166114784235836,3.830046264206858,3,0.3333333333333333,5.333333333333333,23.666666666666668,0.2222222222222222,0.28055555555555556,-1.1873023023269456,1.4096867571108656,2,0.125,1,4.5,6,0.041666666666666664,-3.5619069069808367
6,4,Mario,Karina Smirnoff,Singer/Rapper,United States,21,5,24.0,0.10718577712328,6.0,6.0,9.0,0.0,2.5166114784235836,3.830046264206858,3,0.3333333333333333,5.333333333333333,23.666666666666668,0.2222222222222222,0.28055555555555556,-1.1873023023269456,1.4096867571108656,2,0.125,1,4.5,6,0.041666666666666664,-4.749209209307782
6,5,Mario,Karina Smirnoff,Singer/Rapper,United States,21,5,27.0,0.1267360791854467,2.5,4.0,8.0,0.12499999479166687,3.0000000000000004,3.830046264206858,3,0.3333333333333333,5.333333333333333,24.0,0.2222222222222222,0.28055555555555556,-1.1873023023269456,1.4096867571108656,2,0.125,1,4.5,6,0.041666666666666664,-5.936511511634728
6,6,Mario,Karina Smirnoff,Singer/Rapper,United States,21,5,28.0,0.1374038489457969,2.0,5.0,7.0,0.1666666597222225,2.081665999466134,3.830046264206858,3,0.3333333333333333,5.333333333333333,26.333333333333332,0.2222222222222222,0.28055555555555556,-1.1873023023269456,1.4096867571108656,2,0.125,1,4.5,6,0.041666666666666664,-7.123813813961673
6,7,Mario,Karina Smirnoff,Singer/Rapper,United States,21,5,25.5,0.1711905173233702,4.5,4.0,6.0,0.06249999739583344,1.258305739211794,3.830046264206858,3,0.3333333333333333,5.333333333333333,26.833333333333332,0.2222222222222222,0.28055555555555556,-1.1873023023269456,1.4096867571108656,2,0.125,1,4.5,6,0.041666666666666664,-8.31111611628862
6,8,Mario,Karina Smirnoff,Singer/Rapper,United States,21,5,26.5,0.1516475632411436,3.0,5.0,5.0,0.10416666232638906,1.258305739211794,3.830046264206858,3,0.3333333333333333,5.333333333333333,26.666666666666668,0.2222222222222222,0.28055555555555556,-1.1873023023269456,1.4096867571108656,2,0.125,1,4.5,6,0.041666666666666664,-9.498418418615564
7,1,Ted McGinley,Inna Brayer,Actor/Actress,United States,50,12,18.5,0.0224596639899704,9.0,13.0,13.0,0.0,0.0,3.737441433449959,0,0.0,6.0,0.0,1.0,0.2794871794871795,1.0657436297943557,1.1358094844472486,2,0.043478260869565216,1,4.0,0,0.0,1.0657436297943557
7,1,Cloris Leachman,Corky Ballas,Actor/Actress,United States,82,7,16.0,0.0551758226716249,12.0,8.0,13.0,0.0,0.0,3.737441433449959,0,0.0,6.0,16.0,1.0,0.2794871794871795,3.5518632790316533,12.61573275293349,2,0.043478260869565216,1,-4.0,0,0.0,3.5518632790316533
7,2,Cloris Leachman,Corky Ballas,Actor/Actress,United States,82,7,15.0,0.0941399468815594,11.0,7.0,11.0,-0.06249999609375024,0.7071067811865476,3.737441433449959,0,0.0,6.0,15.5,1.0,0.2794871794871795,3.5518632790316533,12.61573275293349,2,0.043478260869565216,1,-4.0,0,0.0,7.103726558063307
7,3,Cloris Leachman,Corky Ballas,Actor/Actress,United States,82,7,16.0,0.1161905369029107,9.0,5.0,9.0,0.0,0.5773502691896258,3.737441433449959,0,0.0,6.0,15.666666666666666,1.0,0.2794871794871795,3.5518632790316533,12.61573275293349,2,0.043478260869565216,1,-4.0,0,0.0,10.65558983709496
7,4,Cloris Leachman,Corky Ballas,Actor/Actress,United States,82,7,22.0,0.1029455074471798,6.0,6.0,9.0,0.37499997656250145,3.785938897200182,3.737441433449959,0,0.0,6.0,17.666666666666668,1.0,0.2794871794871795,3.5518632790316533,12.61573275293349,2,0.043478260869565216,1,-4.0,0,0.0,14.207453116126613
7,5,Cloris Leachman,Corky Ballas,Actor/Actress,United States,82,7,21.0,0.123770839547613,7.5,5.0,8.0,0.3124999804687512,3.214550253664317,3.737441433449959,0,0.0,6.0,19.666666666666668,1.0,0.2794871794871795,3.5518632790316533,12.61573275293349,2,0.043478260869565216,1,-4.0,0,0.0,17.759316395158265
7,6,Cloris Leachman,Corky Ballas,Actor/Actress,United States,82,7,15.0,0.1265055754280616,7.0,7.0,7.0,-0.06249999609375024,3.78593889720018,3.737441433449959,0,0.0,6.0,19.333333333333332,1.0,0.2794871794871795,3.5518632790316533,12.61573275293349,2,0.043478260869565216,1,-4.0,0,0.0,21.31117967418992
7,1,Susan Lucci,Tony Dovolani,Actor/Actress,United States,61,6,18.5,0.0327527451959435,9.0,11.0,13.0,0.0,0.0,3.737441433449959,5,0.2,5.6,18.5,0.23809523809523808,0.2794871794871795,1.9203472592196766,3.687733595992524,2,0.043478260869565216,1,2.0,10,0.008695652173913044,1.9203472592196766
7,2,Susan Lucci,Tony Dovolani,Actor/Actress,United States,61,6,21.0,0.1064238508658409,5.0,3.0,11.0,0.13513512783053364,1.7677669529663689,3.737441433449959,5,0.2,5.6,19.75,0.23809523809523808,0.2794871794871795,1.9203472592196766,3.687733595992524,2,0.043478260869565216,1,2.0,10,0.008695652173913044,3.8406945184393533
7,3,Susan Lucci,Tony Dovolani,Actor/Actress,United States,61,6,21.0,0.1396470408004136,6.5,3.0,9.0,0.13513512783053364,1.443375672974064,3.737441433449959,5,0.2,5.6,20.166666666666668,0.23809523809523808,0.2794871794871795,1.9203472592196766,3.687733595992524,2,0.043478260869565216,1,2.0,10,0.008695652173913044,5.76104177765903
7,4,Susan Lucci,Tony Dovolani,Actor/Actress,United States,61,6,24.0,0.1221729677404607,3.0,4.0,9.0,0.29729728122717397,1.7320508075688767,3.737441433449959,5,0.2,5.6,22.0,0.23809523809523808,0.2794871794871795,1.9203472592196766,3.687733595992524,2,0.043478260869565216,1,2.0,10,0.008695652173913044,7.6813890368787066
7,5,Susan Lucci,Tony Dovolani,Actor/Actress,United States,61,6,22.0,0.1378916974578622,5.5,2.0,8.0,0.18918917896274706,1.5275252316519459,3.737441433449959,5,0.2,5.6,22.333333333333332,0.23809523809523808,0.2794871794871795,1.9203472592196766,3.687733595992524,2,0.043478260869565216,1,2.0,10,0.008695652173913044,9.601736296098384
7,6,Susan Lucci,Tony Dovolani,Actor/Actress,United States,61,6,23.0,0.1393394444984684,4.5,5.0,7.0,0.24324323009496052,0.9999999999999993,3.737441433449959,5,0.2,5.6,23.0,0.23809523809523808,0.2794871794871795,1.9203472592196766,3.687733595992524,2,0.043478260869565216,1,2.0,10,0.008695652173913044,11.52208355531806
7,7,Susan Lucci,Tony Dovolani,Actor/Actress,United States,61,6,24.0,0.1490952662857024,4.0,6.0,6.0,0.29729728122717397,0.9999999999999993,3.737441433449959,5,0.2,5.6,23.0,0.23809523809523808,0.2794871794871795,1.9203472592196766,3.687733595992524,2,0.043478260869565216,1,2.0,10,0.008695652173913044,13.442430814537737
7,1,Cody Linley,Julianne Hough,Actor/Actress,United States,18,4,20.5,0.0275571592523256,6.0,12.0,13.0,0.0,0.0,3.737441433449959,3,0.6666666666666666,3.6666666666666665,20.5,0.2,0.2794871794871795,-1.4203760194429422,2.0174680366085775,2,0.043478260869565216,1,6.0,6,0.02898550724637681,-1.4203760194429422
7,2,Cody Linley,Julianne Hough,Actor/Actress,United States,18,4,21.0,0.085383487908587,5.0,8.0,11.0,0.024390242712671085,0.3535533905932738,3.737441433449959,3,0.6666666666666666,3.6666666666666665,20.75,0.2,0.2794871794871795,-1.4203760194429422,2.0174680366085775,2,0.043478260869565216,1,6.0,6,0.02898550724637681,-2.8407520388858845
7,3,Cody Linley,Julianne Hough,Actor/Actress,United States,18,4,21.0,0.0518441076423227,6.5,8.0,9.0,0.024390242712671085,0.28867513459481314,3.737441433449959,3,0.6666666666666666,3.6666666666666665,20.833333333333332,0.2,0.2794871794871795,-1.4203760194429422,2.0174680366085775,2,0.043478260869565216,1,6.0,6,0.02898550724637681,-4.2611280583288265
7,4,Cody Linley,Julianne Hough,Actor/Actress,United States,18,4,23.0,0.071793261980266,4.0,9.0,9.0,0.12195121356335543,1.1547005383792512,3.737441433449959,3,0.6666666666666666,3.6666666666666665,21.666666666666668,0.2,0.2794871794871795,-1.4203760194429422,2.0174680366085775,2,0.043478260869565216,1,6.0,6,0.02898550724637681,-5.681504077771769
7,5,Cody Linley,Julianne Hough,Actor/Actress,United States,18,4,28.0,0.1038453179847571,2.0,7.0,8.0,0.36585364069006626,3.605551275463989,3.737441433449959,3,0.6666666666666666,3.6666666666666665,24.0,0.2,0.2794871794871795,-1.4203760194429422,2.0174680366085775,2,0.043478260869565216,1,6.0,6,0.02898550724637681,-7.101880097214711
7,6,Cody Linley,Julianne Hough,Actor/Actress,United States,18,4,23.0,0.1306532472728172,4.5,6.0,7.0,0.12195121356335543,2.8867513459481287,3.737441433449959,3,0.6666666666666666,3.6666666666666665,24.666666666666668,0.2,0.2794871794871795,-1.4203760194429422,2.0174680366085775,2,0.043478260869565216,1,6.0,6,0.02898550724637681,-8.522256116657653
7,7,Cody Linley,Julianne Hough,Actor/Actress,United States,18,4,22.0,0.1674528131312687,5.0,3.0,6.0,0.07317072813801326,3.2145502536643176,3.737441433449959,3,0.6666666666666666,3.6666666666666665,24.333333333333332,0.2,0.2794871794871795,-1.4203760194429422,2.0174680366085775,2,0.043478260869565216,1,6.0,6,0.02898550724637681,-9.942632136100595
7,8,Cody Linley,Julianne Hough,Actor/Actress,United States,18,4,24.0,0.1819978112581106,4.5,4.0,5.0,0.1707316989886976,0.9999999999999964,3.737441433449959,3,0.6666666666666666,3.6666666666666665,23.0,0.2,0.2794871794871795,-1.4203760194429422,2.0174680366085775,2,0.043478260869565216,1,6.0,6,0.02898550724637681,-11.363008155543538
7,9,Cody Linley,Julianne Hough,Actor/Actress,United States,18,4,23.0,0.2003739043120521,4.0,4.0,4.0,0.12195121356335543,0.9999999999999964,3.737441433449959,3,0.6666666666666666,3.6666666666666665,23.0,0.2,0.2794871794871795,-1.4203760194429422,2.0174680366085775,2,0.043478260869565216,1,6.0,6,0.02898550724637681,-12.78338417498648
7,1,Misty May-Treanor,Maksim Chmerkoskiy,Athlete,United States,31,10,21.0,0.1635001032419648,5.0,2.0,13.0,0.0,0.0,3.737441433449959,4,0.5,4.5,21.0,0.23529411764705882,0.2794871794871795,-0.41038991194028995,0.16841987982235895,3,0.05,1,-3.0,12,0.025,-0.41038991194028995
7,2,Misty May-Treanor,Maksim Chmerkoskiy,Athlete,United States,31,10,21.0,0.0632904864491107,5.0,11.0,11.0,0.0,0.0,3.737441433449959,4,0.5,4.5,21.0,0.23529411764705882,0.2794871794871795,-0.41038991194028995,0.16841987982235895,3,0.05,1,-3.0,12,0.025,-0.8207798238805799
7,1,Maurice Greene,Cheryl Burke,Athlete,United States,34,5,19.5,0.2044633159795458,7.0,1.0,13.0,0.0,0.0,3.737441433449959,5,0.6,3.8,19.5,0.36,0.2794871794871795,-0.1773161948242933,0.03144103294696674,3,0.05,1,-6.0,15,0.03,-0.1773161948242933
7,2,Maurice Greene,Cheryl Burke,Athlete,United States,34,5,19.0,0.1035579566386696,8.0,4.0,11.0,-0.025641024326101314,0.3535533905932738,3.737441433449959,5,0.6,3.8,19.25,0.36,0.2794871794871795,-0.1773161948242933,0.03144103294696674,3,0.05,1,-6.0,15,0.03,-0.3546323896485866
7,3,Maurice Greene,Cheryl Burke,Athlete,United States,34,5,24.0,0.1201136991257109,3.0,4.0,9.0,0.23076921893491184,2.7537852736430515,3.737441433449959,5,0.6,3.8,20.833333333333332,0.36,0.2794871794871795,-0.1773161948242933,0.03144103294696674,3,0.05,1,-6.0,15,0.03,-0.53194858447288
7,4,Maurice Greene,Cheryl Burke,Athlete,United States,34,5,20.0,0.1376040293157545,8.0,2.0,9.0,0.025641024326101314,2.645751311064591,3.737441433449959,5,0.6,3.8,21.0,0.36,0.2794871794871795,-0.1773161948242933,0.03144103294696674,3,0.05,1,-6.0,15,0.03,-0.7092647792971732
7,5,Maurice Greene,Cheryl Burke,Athlete,United States,34,5,27.0,0.1377084861639071,3.0,3.0,8.0,0.3846153648915197,3.5118845842842465,3.737441433449959,5,0.6,3.8,23.666666666666668,0.36,0.2794871794871795,-0.1773161948242933,0.03144103294696674,3,0.05,1,-6.0,15,0.03,-0.8865809741214665
7,6,Maurice Greene,Cheryl Burke,Athlete,United States,34,5,21.0,0.1525294699605683,6.0,3.0,7.0,0.07692307297830395,3.785938897200183,3.737441433449959,5,0.6,3.8,22.666666666666668,0.36,0.2794871794871795,-0.1773161948242933,0.03144103294696674,3,0.05,1,-6.0,15,0.03,-1.06389716894576
7,7,Maurice Greene,Cheryl Burke,Athlete,United States,34,5,25.0,0.1639470621866006,2.5,4.0,6.0,0.28205126758711446,3.0550504633038935,3.737441433449959,5,0.6,3.8,24.333333333333332,0.36,0.2794871794871795,-0.1773161948242933,0.03144103294696674,3,0.05,1,-6.0,15,0.03,-1.241213363770053
7,8,Maurice Greene,Cheryl Burke,Athlete,United States,34,5,24.0,0.1616426410646605,4.5,5.0,5.0,0.23076921893491184,2.0816659994661326,3.737441433449959,5,0.6,3.8,23.333333333333332,0.36,0.2794871794871795,-0.1773161948242933,0.03144103294696674,3,0.05,1,-6.0,15,0.03,-1.4185295585943465
7,1,Warren Sapp,Kym Johnson,Athlete,United States,35,2,21.5,0.0565393160200713,3.5,7.0,13.0,0.0,0.0,3.737441433449959,4,0.25,6.75,21.5,0.14285714285714285,0.2794871794871795,-0.09962495578562776,0.009925131815288285,3,0.05,1,3.5,12,0.0125,-0.09962495578562776
7,2,Warren Sapp,Kym Johnson,Athlete,United States,35,2,24.0,0.0694742943486591,1.5,9.0,11.0,0.11627906435911328,1.7677669529663689,3.737441433449959,4,0.25,6.75,22.75,0.14285714285714285,0.2794871794871795,-0.09962495578562776,0.009925131815288285,3,0.05,1,3.5,12,0.0125,-0.19924991157125552
7,3,Warren Sapp,Kym Johnson,Athlete,United States,35,2,25.0,0.0422078981042659,2.0,9.0,9.0,0.1627906901027586,1.8027756377319946,3.737441433449959,4,0.25,6.75,23.5,0.14285714285714285,0.2794871794871795,-0.09962495578562776,0.009925131815288285,3,0.05,1,3.5,12,0.0125,-0.2988748673568833
7,4,Warren Sapp,Kym Johnson,Athlete,United States,35,2,22.0,0.0798947384518974,6.0,8.0,9.0,0.023255812871822656,1.5275252316519472,3.737441433449959,4,0.25,6.75,23.666666666666668,0.14285714285714285,0.2794871794871795,-0.09962495578562776,0.009925131815288285,3,0.05,1,3.5,12,0.0125,-0.39849982314251103
7,5,Warren Sapp,Kym Johnson,Athlete,United States,35,2,25.0,0.110549135444986,4.0,6.0,8.0,0.1627906901027586,1.7320508075688779,3.737441433449959,4,0.25,6.75,24.0,0.14285714285714285,0.2794871794871795,-0.09962495578562776,0.009925131815288285,3,0.05,1,3.5,12,0.0125,-0.4981247789281388
7,6,Warren Sapp,Kym Johnson,Athlete,United States,35,2,25.0,0.1533320558653868,3.0,2.0,7.0,0.1627906901027586,1.7320508075688779,3.737441433449959,4,0.25,6.75,24.0,0.14285714285714285,0.2794871794871795,-0.09962495578562776,0.009925131815288285,3,0.05,1,3.5,12,0.0125,-0.5977497347137666
7,7,Warren Sapp,Kym Johnson,Athlete,United States,35,2,21.0,0.171899295430066,6.0,2.0,6.0,-0.023255812871822656,2.309401076758504,3.737441433449959,4,0.25,6.75,23.666666666666668,0.14285714285714285,0.2794871794871795,-0.09962495578562776,0.009925131815288285,3,0.05,1,3.5,12,0.0125,-0.6973746904993943
7,8,Warren Sapp,Kym Johnson,Athlete,United States,35,2,27.0,0.2184923257383084,2.0,2.0,5.0,0.2558139415900492,3.0550504633038944,3.737441433449959,4,0.25,6.75,24.333333333333332,0.14285714285714285,0.2794871794871795,-0.09962495578562776,0.009925131815288285,3,0.05,1,3.5,12,0.0125,-0.7969996462850221
7,9,Warren Sapp,Kym Johnson,Athlete,United States,35,2,24.5,0.2683742334934981,2.5,2.0,4.0,0.13953487723093594,3.013856886670855,3.737441433449959,4,0.25,6.75,24.166666666666668,0.14285714285714285,0.2794871794871795,-0.09962495578562776,0.009925131815288285,3,0.05,1,3.5,12,0.0125,-0.8966246020706499
7,10,Warren Sapp,Kym Johnson,Athlete,United States,35,2,27.5,0.3549075437623724,2.5,1.0,3.0,0.2790697544618719,1.6072751268321606,3.737441433449959,4,0.25,6.75,26.333333333333332,0.14285714285714285,0.2794871794871795,-0.09962495578562776,0.009925131815288285,3,0.05,1,3.5,12,0.0125,-0.9962495578562776
7,1,Jeffrey Ross,Edyta Sliwinska,Comedian,United States,43,13,12.0,0.0482481811281137,13.0,9.0,13.0,0.0,0.0,3.737441433449959,6,0.3333333333333333,4.333333333333333,0.0,0.09090909090909091,0.2794871794871795,0.5219049565236967,0.27238478364400176,1,1.0,1,-4.0,6,0.3333333333333333,0.5219049565236967
7,1,Toni Braxton,Alec Mazo,Singer/Rapper,United States,40,8,22.5,0.0731842191890403,2.0,6.0,13.0,0.0,0.0,3.737441433449959,3,0.3333333333333333,8.0,22.5,0.2,0.2794871794871795,0.2888312394077,0.08342348485778811,2,0.06666666666666667,1,4.0,6,0.02222222222222222,0.2888312394077
7,2,Toni Braxton,Alec Mazo,Singer/Rapper,United States,40,8,23.0,0.1070040595838704,3.0,2.0,11.0,0.022222221234567945,0.3535533905932738,3.737441433449959,3,0.3333333333333333,8.0,22.75,0.2,0.2794871794871795,0.2888312394077,0.08342348485778811,2,0.06666666666666667,1,4.0,6,0.02222222222222222,0.5776624788154
7,3,Toni Braxton,Alec Mazo,Singer/Rapper,United States,40,8,22.0,0.1638692019456364,4.5,2.0,9.0,-0.022222221234567945,0.5,3.737441433449959,3,0.3333333333333333,8.0,22.5,0.2,0.2794871794871795,0.2888312394077,0.08342348485778811,2,0.06666666666666667,1,4.0,6,0.02222222222222222,0.8664937182231001
7,4,Toni Braxton,Alec Mazo,Singer/Rapper,United States,40,8,22.0,0.1161849489753731,6.0,5.0,9.0,-0.022222221234567945,0.5773502691896255,3.737441433449959,3,0.3333333333333333,8.0,22.333333333333332,0.2,0.2794871794871795,0.2888312394077,0.08342348485778811,2,0.06666666666666667,1,4.0,6,0.02222222222222222,1.1553249576308
7,5,Toni Braxton,Alec Mazo,Singer/Rapper,United States,40,8,22.0,0.0945830224180561,5.5,8.0,8.0,-0.022222221234567945,0.0,3.737441433449959,3,0.3333333333333333,8.0,22.0,0.2,0.2794871794871795,0.2888312394077,0.08342348485778811,2,0.06666666666666667,1,4.0,6,0.02222222222222222,1.4441561970385
7,1,Lance Bass,Lacey Schwimmer,Singer/Rapper,United States,29,3,21.5,0.1022117739297681,3.5,3.0,13.0,0.0,0.0,3.737441433449959,0,0.0,6.0,21.5,0.16666666666666666,0.2794871794871795,-0.5657723900176211,0.3200983973062512,2,0.06666666666666667,1,-0.5,0,0.0,-0.5657723900176211
7,2,Lance Bass,Lacey Schwimmer,Singer/Rapper,United States,29,3,20.0,0.0950730387297865,7.0,6.0,11.0,-0.06976743861546797,1.0606601717798212,3.737441433449959,0,0.0,6.0,20.75,0.16666666666666666,0.2794871794871795,-0.5657723900176211,0.3200983973062512,2,0.06666666666666667,1,-0.5,0,0.0,-1.1315447800352423
7,3,Lance Bass,Lacey Schwimmer,Singer/Rapper,United States,29,3,22.0,0.0669973848535996,4.5,7.0,9.0,0.023255812871822656,1.040832999733066,3.737441433449959,0,0.0,6.0,21.166666666666668,0.16666666666666666,0.2794871794871795,-0.5657723900176211,0.3200983973062512,2,0.06666666666666667,1,-0.5,0,0.0,-1.6973171700528633
7,4,Lance Bass,Lacey Schwimmer,Singer/Rapper,United States,29,3,26.0,0.1264293057105249,1.5,3.0,9.0,0.2093023158464039,3.055050463303893,3.737441433449959,0,0.0,6.0,22.666666666666668,0.16666666666666666,0.2794871794871795,-0.5657723900176211,0.3200983973062512,2,0.06666666666666667,1,-0.5,0,0.0,-2.2630895600704846
7,5,Lance Bass,Lacey Schwimmer,Singer/Rapper,United States,29,3,21.0,0.1364527666293067,7.5,4.0,8.0,-0.023255812871822656,2.6457513110645894,3.737441433449959,0,0.0,6.0,23.0,0.16666666666666666,0.2794871794871795,-0.5657723900176211,0.3200983973062512,2,0.06666666666666667,1,-0.5,0,0.0,-2.828861950088106
7,6,Lance Bass,Lacey Schwimmer,Singer/Rapper,United States,29,3,27.0,0.1405098919821195,1.0,4.0,7.0,0.2558139415900492,3.214550253664317,3.737441433449959,0,0.0,6.0,24.666666666666668,0.16666666666666666,0.2794871794871795,-0.5657723900176211,0.3200983973062512,2,0.06666666666666667,1,-0.5,0,0.0,-3.3946343401057266
7,7,Lance Bass,Lacey Schwimmer,Singer/Rapper,United States,29,3,25.0,0.1525339864812666,2.5,5.0,6.0,0.1627906901027586,3.055050463303892,3.737441433449959,0,0.0,6.0,24.333333333333332,0.16666666666666666,0.2794871794871795,-0.5657723900176211,0.3200983973062512,2,0.06666666666666667,1,-0.5,0,0.0,-3.960406730123348
7,8,Lance Bass,Lacey Schwimmer,Singer/Rapper,United States,29,3,25.0,0.2018677479519624,3.0,3.0,5.0,0.1627906901027586,1.1547005383792504,3.737441433449959,0,0.0,6.0,25.666666666666668,0.16666666666666666,0.2794871794871795,-0.5657723900176211,0.3200983973062512,2,0.06666666666666667,1,-0.5,0,0.0,-4.526179120140969
7,9,Lance Bass,Lacey Schwimmer,Singer/Rapper,United States,29,3,28.5,0.2564321001680544,1.0,3.0,4.0,0.3255813802055172,2.0207259421636894,3.737441433449959,0,0.0,6.0,26.166666666666668,0.16666666666666666,0.2794871794871795,-0.5657723900176211,0.3200983973062512,2,0.06666666666666667,1,-0.5,0,0.0,-5.09195151015859
7,10,Lance Bass,Lacey Schwimmer,Singer/Rapper,United States,29,3,27.5,0.3066730462724188,2.5,3.0,3.0,0.2790697544618719,1.8027756377319932,3.737441433449959,0,0.0,6.0,27.0,0.16666666666666666,0.2794871794871795,-0.5657723900176211,0.3200983973062512,2,0.06666666666666667,1,-0.5,0,0.0,-5.657723900176212
7,1,Kim Kardashian,Mark Ballas,TV Personality,United States,27,11,18.5,0.0783551867318529,9.0,5.0,13.0,0.0,0.0,3.737441433449959,2,0.5,4.0,18.5,0.2857142857142857,0.2794871794871795,-0.7211548680949522,0.5200643437770479,1,0.0625,1,-4.0,2,0.03125,-0.7211548680949522
7,2,Kim Kardashian,Mark Ballas,TV Personality,United States,27,11,17.0,0.0663528052056802,9.0,10.0,11.0,-0.08108107669832017,0.0,3.737441433449959,2,0.5,4.0,17.75,0.2857142857142857,0.2794871794871795,-0.7211548680949522,0.5200643437770479,1,0.0625,1,-4.0,2,0.03125,-1.4423097361899044
7,1,Rocco DiSpirito,Karina Smirnoff,TV Personality,United States,41,9,17.5,0.035974258978206,11.0,10.0,13.0,0.0,0.0,3.737441433449959,4,0.25,5.25,17.5,0.1111111111111111,0.2794871794871795,0.3665224784463656,0.13433872720646653,1,0.0625,1,-1.0,4,0.015625,0.3665224784463656
7,2,Rocco DiSpirito,Karina Smirnoff,TV Personality,United States,41,9,16.0,0.1016270358559039,10.0,5.0,11.0,-0.0857142808163268,1.0606601717798212,3.737441433449959,4,0.25,5.25,16.75,0.1111111111111111,0.2794871794871795,0.3665224784463656,0.13433872720646653,1,0.0625,1,-1.0,4,0.015625,0.7330449568927312
7,3,Rocco DiSpirito,Karina Smirnoff,TV Personality,United States,41,9,20.0,0.0950630984062808,8.0,6.0,9.0,0.142857134693878,2.0207259421636907,3.737441433449959,4,0.25,5.25,17.833333333333332,0.1111111111111111,0.2794871794871795,0.3665224784463656,0.13433872720646653,1,0.0625,1,-1.0,4,0.015625,1.0995674353390967
7,4,Rocco DiSpirito,Karina Smirnoff,TV Personality,United States,41,9,18.0,0.0821515234881981,9.0,7.0,9.0,0.028571426938775603,2.0000000000000004,3.737441433449959,4,0.25,5.25,18.0,0.1111111111111111,0.2794871794871795,0.3665224784463656,0.13433872720646653,1,0.0625,1,-1.0,4,0.015625,1.4660899137854624
7,1,Brooke Burke,Derek Hough,TV Personality,United States,37,1,24.5,0.0995782536915721,1.0,4.0,13.0,0.0,0.0,3.737441433449959,2,0.0,5.0,24.5,0.17647058823529413,0.2794871794871795,0.05575752229170335,0.0031089012921097963,1,0.0625,1,3.0,2,0.0,0.05575752229170335
7,2,Brooke Burke,Derek Hough,TV Personality,United States,37,1,24.0,0.1076730375323318,1.5,1.0,11.0,-0.0204081624323199,0.3535533905932738,3.737441433449959,2,0.0,5.0,24.25,0.17647058823529413,0.2794871794871795,0.05575752229170335,0.0031089012921097963,1,0.0625,1,3.0,2,0.0,0.1115150445834067
7,3,Brooke Burke,Derek Hough,TV Personality,United States,37,1,28.0,0.2040670322188591,1.0,1.0,9.0,0.1428571370262393,2.179449471770337,3.737441433449959,2,0.0,5.0,25.5,0.17647058823529413,0.2794871794871795,0.05575752229170335,0.0031089012921097963,1,0.0625,1,3.0,2,0.0,0.16727256687511005
7,4,Brooke Burke,Derek Hough,TV Personality,United States,37,1,26.0,0.160823716890345,1.5,1.0,9.0,0.0612244872969597,2.0,3.737441433449959,2,0.0,5.0,26.0,0.17647058823529413,0.2794871794871795,0.05575752229170335,0.0031089012921097963,1,0.0625,1,3.0,2,0.0,0.2230300891668134
7,5,Brooke Burke,Derek Hough,TV Personality,United States,37,1,29.0,0.1551987343535115,1.0,1.0,8.0,0.1836734618908791,1.5275252316519463,3.737441433449959,2,0.0,5.0,27.666666666666668,0.17647058823529413,0.2794871794871795,0.05575752229170335,0.0031089012921097963,1,0.0625,1,3.0,2,0.0,0.27878761145851677
7,6,Brooke Burke,Derek Hough,TV Personality,United States,37,1,26.0,0.157130314992578,2.0,1.0,7.0,0.0612244872969597,1.732050807568877,3.737441433449959,2,0.0,5.0,27.0,0.17647058823529413,0.2794871794871795,0.05575752229170335,0.0031089012921097963,1,0.0625,1,3.0,2,0.0,0.3345451337502201
7,7,Brooke Burke,Derek Hough,TV Personality,United States,37,1,30.0,0.1950715764850953,1.0,1.0,6.0,0.2244897867555189,2.081665999466133,3.737441433449959,2,0.0,5.0,28.333333333333332,0.17647058823529413,0.2794871794871795,0.05575752229170335,0.0031089012921097963,1,0.0625,1,3.0,2,0.0,0.3903026560419235
7,8,Brooke Burke,Derek Hough,TV Personality,United States,37,1,27.5,0.235999473986958,1.0,1.0,5.0,0.1224489745939194,2.0207259421636903,3.737441433449959,2,0.0,5.0,27.833333333333332,0.17647058823529413,0.2794871794871795,0.05575752229170335,0.0031089012921097963,1,0.0625,1,3.0,2,0.0,0.4460601783336268
7,9,Brooke Burke,Derek Hough,TV Personality,United States,37,1,24.5,0.2748197620263954,2.5,1.0,4.0,0.0,2.7537852736430506,3.737441433449959,2,0.0,5.0,27.333333333333332,0.17647058823529413,0.2794871794871795,0.05575752229170335,0.0031089012921097963,1,0.0625,1,3.0,2,0.0,0.5018177006253302
7,10,Brooke Burke,Derek Hough,TV Personality,United States,37,1,30.0,0.3384194099652088,1.0,2.0,3.0,0.2244897867555189,2.7537852736430506,3.737441433449959,2,0.0,5.0,27.333333333333332,0.17647058823529413,0.2794871794871795,0.05575752229170335,0.0031089012921097963,1,0.0625,1,3.0,2,0.0,0.5575752229170335
8,1,Gilles Marini,Cheryl Burke,Actor/Actress,France,33,2,24.0,0.0325367378232027,1.0,11.0,13.0,0.0,0.0,4.811622325339905,6,0.5,4.0,24.0,0.24,0.3322344322344323,-0.2550074338629589,0.06502879132537134,2,0.05263157894736842,0,10.0,12,0.02631578947368421,-0.2550074338629589
8,2,Gilles Marini,Cheryl Burke,Actor/Actress,France,33,2,27.0,0.0669206605619803,1.0,9.0,13.0,0.12499999479166687,2.1213203435596424,4.811622325339905,6,0.5,4.0,25.5,0.24,0.3322344322344323,-0.2550074338629589,0.06502879132537134,2,0.05263157894736842,0,10.0,12,0.02631578947368421,-0.5100148677259178
8,3,Gilles Marini,Cheryl Burke,Actor/Actress,France,33,2,27.0,0.0868857617882353,2.0,4.0,12.0,0.12499999479166687,1.7320508075688772,4.811622325339905,6,0.5,4.0,26.0,0.24,0.3322344322344323,-0.2550074338629589,0.06502879132537134,2,0.05263157894736842,0,10.0,12,0.02631578947368421,-0.7650223015888766
8,4,Gilles Marini,Cheryl Burke,Actor/Actress,France,33,2,30.0,0.0909090909090909,1.0,6.0,11.0,0.24999998958333375,1.7320508075688772,4.811622325339905,6,0.5,4.0,28.0,0.24,0.3322344322344323,-0.2550074338629589,0.06502879132537134,2,0.05263157894736842,0,10.0,12,0.02631578947368421,-1.0200297354518355
8,5,Gilles Marini,Cheryl Burke,Actor/Actress,France,33,2,29.0,0.1389141795563487,1.0,1.0,9.0,0.20833332465277812,1.5275252316519465,4.811622325339905,6,0.5,4.0,28.666666666666668,0.24,0.3322344322344323,-0.2550074338629589,0.06502879132537134,2,0.05263157894736842,0,10.0,12,0.02631578947368421,-1.2750371693147944
8,6,Gilles Marini,Cheryl Burke,Actor/Actress,France,33,2,26.0,0.1488244020956928,3.5,1.0,8.0,0.08333332986111125,2.0816659994661317,4.811622325339905,6,0.5,4.0,28.333333333333332,0.24,0.3322344322344323,-0.2550074338629589,0.06502879132537134,2,0.05263157894736842,0,10.0,12,0.02631578947368421,-1.5300446031777533
8,7,Gilles Marini,Cheryl Burke,Actor/Actress,France,33,2,27.0,0.1738970014365699,3.5,1.0,7.0,0.12499999479166687,1.5275252316519448,4.811622325339905,6,0.5,4.0,27.333333333333332,0.24,0.3322344322344323,-0.2550074338629589,0.06502879132537134,2,0.05263157894736842,0,10.0,12,0.02631578947368421,-1.7850520370407121
8,8,Gilles Marini,Cheryl Burke,Actor/Actress,France,33,2,27.5,0.1735518904908089,2.0,3.0,6.0,0.1458333272569447,0.763762615825969,4.811622325339905,6,0.5,4.0,26.833333333333332,0.24,0.3322344322344323,-0.2550074338629589,0.06502879132537134,2,0.05263157894736842,0,10.0,12,0.02631578947368421,-2.040059470903671
8,9,Gilles Marini,Cheryl Burke,Actor/Actress,France,33,2,28.0,0.2131060964480343,2.5,3.0,5.0,0.1666666597222225,0.4999999999999942,4.811622325339905,6,0.5,4.0,27.5,0.24,0.3322344322344323,-0.2550074338629589,0.06502879132537134,2,0.05263157894736842,0,10.0,12,0.02631578947368421,-2.29506690476663
8,10,Gilles Marini,Cheryl Burke,Actor/Actress,France,33,2,30.0,0.2501925575597905,1.0,3.0,4.0,0.24999998958333375,1.3228756555322931,4.811622325339905,6,0.5,4.0,28.5,0.24,0.3322344322344323,-0.2550074338629589,0.06502879132537134,2,0.05263157894736842,0,10.0,12,0.02631578947368421,-2.5500743386295888
8,11,Gilles Marini,Cheryl Burke,Actor/Actress,France,33,2,29.0,0.3230989125804474,2.0,3.0,3.0,0.20833332465277812,0.9999999999999971,4.811622325339905,6,0.5,4.0,29.0,0.24,0.3322344322344323,-0.2550074338629589,0.06502879132537134,2,0.05263157894736842,0,10.0,12,0.02631578947368421,-2.8050817724925476
8,1,Denise Richards,Maksim Chmerkoskiy,Actor/Actress,United States,38,12,18.0,0.0370225813997469,7.5,10.0,13.0,0.0,0.0,4.811622325339905,5,0.4,5.6,18.0,0.4117647058823529,0.3322344322344323,0.1334487613303689,0.017808571900609763,2,0.05263157894736842,1,2.5,10,0.021052631578947368,0.1334487613303689
8,2,Denise Richards,Maksim Chmerkoskiy,Actor/Actress,United States,38,12,21.0,0.0569819793431025,5.0,13.0,13.0,0.1666666574074079,2.1213203435596424,4.811622325339905,5,0.4,5.6,19.5,0.4117647058823529,0.3322344322344323,0.1334487613303689,0.017808571900609763,2,0.05263157894736842,1,2.5,10,0.021052631578947368,0.2668975226607378
8,3,Denise Richards,Maksim Chmerkoskiy,Actor/Actress,United States,38,12,16.0,0.0612886696306514,10.0,12.0,12.0,-0.11111110493827195,2.5166114784235827,4.811622325339905,5,0.4,5.6,18.333333333333332,0.4117647058823529,0.3322344322344323,0.1334487613303689,0.017808571900609763,2,0.05263157894736842,1,2.5,10,0.021052631578947368,0.4003462839911067
8,1,David Alan Grier,Kym Johnson,Actor/Actress,United States,52,9,19.0,0.0744318646189646,6.0,7.0,13.0,0.0,0.0,4.811622325339905,5,0.4,5.8,19.0,0.35714285714285715,0.3322344322344323,1.2211261078716866,1.4911489713258541,2,0.05263157894736842,1,1.0,10,0.021052631578947368,1.2211261078716866
8,2,David Alan Grier,Kym Johnson,Actor/Actress,United States,52,9,17.0,0.0861970357885877,11.5,4.0,13.0,-0.10526315235457093,1.4142135623730951,4.811622325339905,5,0.4,5.8,18.0,0.35714285714285715,0.3322344322344323,1.2211261078716866,1.4911489713258541,2,0.05263157894736842,1,1.0,10,0.021052631578947368,2.4422522157433733
8,3,David Alan Grier,Kym Johnson,Actor/Actress,United States,52,9,24.0,0.0843518095338159,5.0,6.0,12.0,0.26315788088642733,3.605551275463989,4.811622325339905,5,0.4,5.8,20.0,0.35714285714285715,0.3322344322344323,1.2211261078716866,1.4911489713258541,2,0.05263157894736842,1,1.0,10,0.021052631578947368,3.66337832361506
8,4,David Alan Grier,Kym Johnson,Actor/Actress,United States,52,9,22.0,0.0909090909090909,6.5,6.0,11.0,0.15789472853185638,3.605551275463989,4.811622325339905,5,0.4,5.8,21.0,0.35714285714285715,0.3322344322344323,1.2211261078716866,1.4911489713258541,2,0.05263157894736842,1,1.0,10,0.021052631578947368,4.8845044314867465
8,5,David Alan Grier,Kym Johnson,Actor/Actress,United States,52,9,22.0,0.0801810975546802,6.0,9.0,9.0,0.15789472853185638,1.1547005383792517,4.811622325339905,5,0.4,5.8,22.666666666666668,0.35714285714285715,0.3322344322344323,1.2211261078716866,1.4911489713258541,2,0.05263157894736842,1,1.0,10,0.021052631578947368,6.105630539358433
8,1,Lawrence Taylor,Edyta Sliwinska,Athlete,United States,50,7,16.0,0.1300092757574124,11.0,2.0,13.0,0.0,0.0,4.811622325339905,7,0.2857142857142857,5.571428571428571,16.0,0.2727272727272727,0.3322344322344323,1.0657436297943557,1.1358094844472486,3,0.03571428571428571,1,-9.0,21,0.01020408163265306,1.0657436297943557
8,2,Lawrence Taylor,Edyta Sliwinska,Athlete,United States,50,7,20.0,0.0939857091291465,7.0,2.0,13.0,0.24999998437500096,2.8284271247461903,4.811622325339905,7,0.2857142857142857,5.571428571428571,18.0,0.2727272727272727,0.3322344322344323,1.0657436297943557,1.1358094844472486,3,0.03571428571428571,1,-9.0,21,0.01020408163265306,2.1314872595887113
8,3,Lawrence Taylor,Edyta Sliwinska,Athlete,United States,50,7,20.0,0.0739313875986566,8.0,9.0,12.0,0.24999998437500096,2.309401076758503,4.811622325339905,7,0.2857142857142857,5.571428571428571,18.666666666666668,0.2727272727272727,0.3322344322344323,1.0657436297943557,1.1358094844472486,3,0.03571428571428571,1,-9.0,21,0.01020408163265306,3.197230889383067
8,4,Lawrence Taylor,Edyta Sliwinska,Athlete,United States,50,7,19.0,0.0909090909090909,8.0,6.0,11.0,0.18749998828125072,0.5773502691896232,4.811622325339905,7,0.2857142857142857,5.571428571428571,19.666666666666668,0.2727272727272727,0.3322344322344323,1.0657436297943557,1.1358094844472486,3,0.03571428571428571,1,-9.0,21,0.01020408163265306,4.262974519177423
8,5,Lawrence Taylor,Edyta Sliwinska,Athlete,United States,50,7,20.0,0.1144313142100281,8.0,3.0,9.0,0.24999998437500096,0.5773502691896232,4.811622325339905,7,0.2857142857142857,5.571428571428571,19.666666666666668,0.2727272727272727,0.3322344322344323,1.0657436297943557,1.1358094844472486,3,0.03571428571428571,1,-9.0,21,0.01020408163265306,5.328718148971778
8,6,Lawrence Taylor,Edyta Sliwinska,Athlete,United States,50,7,22.0,0.1127696221387276,6.0,6.0,8.0,0.37499997656250145,1.5275252316519463,4.811622325339905,7,0.2857142857142857,5.571428571428571,20.333333333333332,0.2727272727272727,0.3322344322344323,1.0657436297943557,1.1358094844472486,3,0.03571428571428571,1,-9.0,21,0.01020408163265306,6.394461778766134
8,7,Lawrence Taylor,Edyta Sliwinska,Athlete,United States,50,7,21.0,0.1125558101257964,7.0,6.0,7.0,0.3124999804687512,1.0,4.811622325339905,7,0.2857142857142857,5.571428571428571,21.0,0.2727272727272727,0.3322344322344323,1.0657436297943557,1.1358094844472486,3,0.03571428571428571,1,-9.0,21,0.01020408163265306,7.46020540856049
8,1,Ty Murray,Chelsie Hightower,Athlete,United States,39,4,14.0,0.026192763287005,12.0,12.0,13.0,0.0,0.0,4.811622325339905,0,0.0,6.0,14.0,0.2857142857142857,0.3322344322344323,0.21114000036903446,0.04458009975583587,3,0.03571428571428571,1,0.0,0,0.0,0.21114000036903446
8,2,Ty Murray,Chelsie Hightower,Athlete,United States,39,4,20.0,0.0640509810277979,7.0,11.0,13.0,0.42857139795918586,4.242640687119285,4.811622325339905,0,0.0,6.0,17.0,0.2857142857142857,0.3322344322344323,0.21114000036903446,0.04458009975583587,3,0.03571428571428571,1,0.0,0,0.0,0.42228000073806893
8,3,Ty Murray,Chelsie Hightower,Athlete,United States,39,4,23.0,0.0702374869329912,6.5,10.0,12.0,0.6428570969387788,4.58257569495584,4.811622325339905,0,0.0,6.0,19.0,0.2857142857142857,0.3322344322344323,0.21114000036903446,0.04458009975583587,3,0.03571428571428571,1,0.0,0,0.0,0.6334200011071034
8,4,Ty Murray,Chelsie Hightower,Athlete,United States,39,4,25.0,0.0909090909090909,4.5,6.0,11.0,0.7857142295918408,2.5166114784235827,4.811622325339905,0,0.0,6.0,22.666666666666668,0.2857142857142857,0.3322344322344323,0.21114000036903446,0.04458009975583587,3,0.03571428571428571,1,0.0,0,0.0,0.8445600014761379
8,5,Ty Murray,Chelsie Hightower,Athlete,United States,39,4,21.0,0.1284678510118588,7.0,2.0,9.0,0.49999996428571686,1.999999999999999,4.811622325339905,0,0.0,6.0,23.0,0.2857142857142857,0.3322344322344323,0.21114000036903446,0.04458009975583587,3,0.03571428571428571,1,0.0,0,0.0,1.0557000018451723
8,6,Ty Murray,Chelsie Hightower,Athlete,United States,39,4,18.0,0.1133315552428726,7.0,5.0,8.0,0.2857142653061239,3.511884584284245,4.811622325339905,0,0.0,6.0,21.333333333333332,0.2857142857142857,0.3322344322344323,0.21114000036903446,0.04458009975583587,3,0.03571428571428571,1,0.0,0,0.0,1.2668400022142068
8,7,Ty Murray,Chelsie Hightower,Athlete,United States,39,4,24.0,0.1007476479335468,6.0,7.0,7.0,0.7142856632653098,2.9999999999999982,4.811622325339905,0,0.0,6.0,21.0,0.2857142857142857,0.3322344322344323,0.21114000036903446,0.04458009975583587,3,0.03571428571428571,1,0.0,0,0.0,1.4779800025832412
8,8,Ty Murray,Chelsie Hightower,Athlete,United States,39,4,26.0,0.1515288839303905,3.5,4.0,6.0,0.8571427959183717,4.163331998932264,4.811622325339905,0,0.0,6.0,22.666666666666668,0.2857142857142857,0.3322344322344323,0.21114000036903446,0.04458009975583587,3,0.03571428571428571,1,0.0,0,0.0,1.6891200029522757
8,9,Ty Murray,Chelsie Hightower,Athlete,United States,39,4,23.0,0.1733332514571544,5.0,4.0,5.0,0.6428570969387788,1.5275252316519417,4.811622325339905,0,0.0,6.0,24.333333333333332,0.2857142857142857,0.3322344322344323,0.21114000036903446,0.04458009975583587,3,0.03571428571428571,1,0.0,0,0.0,1.9002600033213102
8,10,Ty Murray,Chelsie Hightower,Athlete,United States,39,4,24.0,0.1803735456691635,4.0,4.0,4.0,0.7142856632653098,1.5275252316519417,4.811622325339905,0,0.0,6.0,24.333333333333332,0.2857142857142857,0.3322344322344323,0.21114000036903446,0.04458009975583587,3,0.03571428571428571,1,0.0,0,0.0,2.1114000036903446
8,1,Shawn Johnson,Mark Ballas,Athlete,United States,17,1,23.0,0.0831721342865596,2.5,6.0,13.0,0.0,0.0,4.811622325339905,3,0.3333333333333333,6.333333333333333,23.0,0.19047619047619047,0.3322344322344323,-1.4980672584816077,2.2442055109346,3,0.03571428571428571,1,3.5,9,0.011904761904761904,-1.4980672584816077
8,2,Shawn Johnson,Mark Ballas,Athlete,United States,17,1,24.0,0.074912193603588,3.0,7.0,13.0,0.04347825897920613,0.7071067811865476,4.811622325339905,3,0.3333333333333333,6.333333333333333,23.5,0.19047619047619047,0.3322344322344323,-1.4980672584816077,2.2442055109346,3,0.03571428571428571,1,3.5,9,0.011904761904761904,-2.9961345169632154
8,3,Shawn Johnson,Mark Ballas,Athlete,United States,17,1,27.0,0.082346427578651,2.0,8.0,12.0,0.17391303591682453,2.081665999466132,4.811622325339905,3,0.3333333333333333,6.333333333333333,24.666666666666668,0.19047619047619047,0.3322344322344323,-1.4980672584816077,2.2442055109346,3,0.03571428571428571,1,3.5,9,0.011904761904761904,-4.494201775444823
8,4,Shawn Johnson,Mark Ballas,Athlete,United States,17,1,25.0,0.0909090909090909,4.5,6.0,11.0,0.08695651795841226,1.5275252316519454,4.811622325339905,3,0.3333333333333333,6.333333333333333,25.333333333333332,0.19047619047619047,0.3322344322344323,-1.4980672584816077,2.2442055109346,3,0.03571428571428571,1,3.5,9,0.011904761904761904,-5.992269033926431
8,5,Shawn Johnson,Mark Ballas,Athlete,United States,17,1,26.0,0.1066775720644192,2.5,7.0,9.0,0.1304347769376184,0.9999999999999987,4.811622325339905,3,0.3333333333333333,6.333333333333333,26.0,0.19047619047619047,0.3322344322344323,-1.4980672584816077,2.2442055109346,3,0.03571428571428571,1,3.5,9,0.011904761904761904,-7.490336292408038
8,6,Shawn Johnson,Mark Ballas,Athlete,United States,17,1,26.0,0.1440415674828659,3.5,3.0,8.0,0.1304347769376184,0.5773502691896232,4.811622325339905,3,0.3333333333333333,6.333333333333333,25.666666666666668,0.19047619047619047,0.3322344322344323,-1.4980672584816077,2.2442055109346,3,0.03571428571428571,1,3.5,9,0.011904761904761904,-8.988403550889647
8,7,Shawn Johnson,Mark Ballas,Athlete,United States,17,1,28.0,0.1666913650542452,2.0,3.0,7.0,0.21739129489603065,1.1547005383792495,4.811622325339905,3,0.3333333333333333,6.333333333333333,26.666666666666668,0.19047619047619047,0.3322344322344323,-1.4980672584816077,2.2442055109346,3,0.03571428571428571,1,3.5,9,0.011904761904761904,-10.486470809371253
8,8,Shawn Johnson,Mark Ballas,Athlete,United States,17,1,26.0,0.1924655679296913,3.5,2.0,6.0,0.1304347769376184,1.1547005383792495,4.811622325339905,3,0.3333333333333333,6.333333333333333,26.666666666666668,0.19047619047619047,0.3322344322344323,-1.4980672584816077,2.2442055109346,3,0.03571428571428571,1,3.5,9,0.011904761904761904,-11.984538067852862
8,9,Shawn Johnson,Mark Ballas,Athlete,United States,17,1,28.0,0.2234002014932021,2.5,2.0,5.0,0.21739129489603065,1.1547005383792495,4.811622325339905,3,0.3333333333333333,6.333333333333333,27.333333333333332,0.19047619047619047,0.3322344322344323,-1.4980672584816077,2.2442055109346,3,0.03571428571428571,1,3.5,9,0.011904761904761904,-13.48260532633447
8,10,Shawn Johnson,Mark Ballas,Athlete,United States,17,1,28.0,0.2865176972341146,2.0,1.0,4.0,0.21739129489603065,1.1547005383792495,4.811622325339905,3,0.3333333333333333,6.333333333333333,27.333333333333332,0.19047619047619047,0.3322344322344323,-1.4980672584816077,2.2442055109346,3,0.03571428571428571,1,3.5,9,0.011904761904761904,-14.980672584816077
8,11,Shawn Johnson,Mark Ballas,Athlete,United States,17,1,30.0,0.3512608237835035,1.0,1.0,3.0,0.3043478128544429,1.1547005383792495,4.811622325339905,3,0.3333333333333333,6.333333333333333,28.666666666666668,0.19047619047619047,0.3322344322344323,-1.4980672584816077,2.2442055109346,3,0.03571428571428571,1,3.5,9,0.011904761904761904,-16.478739843297685
8,1,Steve Wozniak,Karina Smirnoff,Entrepreneur,United States,58,10,13.0,0.1554147573253625,13.0,1.0,13.0,0.0,0.0,4.811622325339905,5,0.2,6.0,13.0,0.05555555555555555,0.3322344322344323,1.68727354210368,2.846892005883099,1,0.25,1,-12.0,5,0.05,1.68727354210368
8,2,Steve Wozniak,Karina Smirnoff,Entrepreneur,United States,58,10,17.0,0.1043416646651418,11.5,1.0,13.0,0.3076922840236705,2.8284271247461903,4.811622325339905,5,0.2,6.0,15.0,0.05555555555555555,0.3322344322344323,1.68727354210368,2.846892005883099,1,0.25,1,-12.0,5,0.05,3.37454708420736
8,3,Steve Wozniak,Karina Smirnoff,Entrepreneur,United States,58,10,10.0,0.1203353658522826,12.0,1.0,12.0,-0.23076921301775286,3.5118845842842465,4.811622325339905,5,0.2,6.0,13.333333333333334,0.05555555555555555,0.3322344322344323,1.68727354210368,2.846892005883099,1,0.25,1,-12.0,5,0.05,5.0618206263110395
8,4,Steve Wozniak,Karina Smirnoff,Entrepreneur,United States,58,10,12.0,0.0909090909090909,11.0,6.0,11.0,-0.07692307100591762,3.6055512754639896,4.811622325339905,5,0.2,6.0,13.0,0.05555555555555555,0.3322344322344323,1.68727354210368,2.846892005883099,1,0.25,1,-12.0,5,0.05,6.74909416841472
8,1,Belinda Carlisle,Jonathan Roberts,Singer/Rapper,United States,50,13,17.0,0.0605465765068872,9.5,8.0,13.0,0.0,0.0,4.811622325339905,5,0.2,6.6,17.0,0.42857142857142855,0.3322344322344323,1.0657436297943557,1.1358094844472486,2,0.05263157894736842,1,-1.5,10,0.010526315789473684,1.0657436297943557
8,2,Belinda Carlisle,Jonathan Roberts,Singer/Rapper,United States,50,13,18.0,0.0618078706976418,9.5,12.0,13.0,0.05882352595155729,0.0,4.811622325339905,5,0.2,6.6,17.5,0.42857142857142855,0.3322344322344323,1.0657436297943557,1.1358094844472486,2,0.05263157894736842,1,-1.5,10,0.010526315789473684,2.1314872595887113
8,1,Chuck Wicks,Julianne Hough,Singer/Rapper,United States,29,6,20.0,0.100083631814003,5.0,5.0,13.0,0.0,0.0,4.811622325339905,4,0.5,3.75,20.0,0.2,0.3322344322344323,-0.5657723900176211,0.3200983973062512,2,0.05263157894736842,1,0.0,8,0.02631578947368421,-0.5657723900176211
8,2,Chuck Wicks,Julianne Hough,Singer/Rapper,United States,29,6,20.0,0.0805579327696898,7.0,6.0,13.0,0.0,0.0,4.811622325339905,4,0.5,3.75,20.0,0.2,0.3322344322344323,-0.5657723900176211,0.3200983973062512,2,0.05263157894736842,1,0.0,8,0.02631578947368421,-1.1315447800352423
8,3,Chuck Wicks,Julianne Hough,Singer/Rapper,United States,29,6,23.0,0.0954976693419714,6.5,2.0,12.0,0.14999999250000037,1.7320508075688772,4.811622325339905,4,0.5,3.75,21.0,0.2,0.3322344322344323,-0.5657723900176211,0.3200983973062512,2,0.05263157894736842,1,0.0,8,0.02631578947368421,-1.6973171700528633
8,4,Chuck Wicks,Julianne Hough,Singer/Rapper,United States,29,6,22.0,0.0909090909090909,6.5,6.0,11.0,0.09999999500000024,1.5275252316519465,4.811622325339905,4,0.5,3.75,21.666666666666668,0.2,0.3322344322344323,-0.5657723900176211,0.3200983973062512,2,0.05263157894736842,1,0.0,8,0.02631578947368421,-2.2630895600704846
8,5,Chuck Wicks,Julianne Hough,Singer/Rapper,United States,29,6,23.0,0.108289378278885,5.0,5.0,9.0,0.14999999250000037,0.577350269189624,4.811622325339905,4,0.5,3.75,22.666666666666668,0.2,0.3322344322344323,-0.5657723900176211,0.3200983973062512,2,0.05263157894736842,1,0.0,8,0.02631578947368421,-2.828861950088106
8,6,Chuck Wicks,Julianne Hough,Singer/Rapper,United States,29,6,23.0,0.1057573795521195,5.0,7.0,8.0,0.14999999250000037,0.577350269189624,4.811622325339905,4,0.5,3.75,22.666666666666668,0.2,0.3322344322344323,-0.5657723900176211,0.3200983973062512,2,0.05263157894736842,1,0.0,8,0.02631578947368421,-3.3946343401057266
8,7,Chuck Wicks,Julianne Hough,Singer/Rapper,United States,29,6,27.0,0.1162088807864097,3.5,5.0,7.0,0.34999998250000086,2.309401076758503,4.811622325339905,4,0.5,3.75,24.333333333333332,0.2,0.3322344322344323,-0.5657723900176211,0.3200983973062512,2,0.05263157894736842,1,0.0,8,0.02631578947368421,-3.960406730123348
8,8,Chuck Wicks,Julianne Hough,Singer/Rapper,United States,29,6,25.5,0.1218501941526238,5.0,6.0,6.0,0.27499998625000066,2.0207259421636903,4.811622325339905,4,0.5,3.75,25.166666666666668,0.2,0.3322344322344323,-0.5657723900176211,0.3200983973062512,2,0.05263157894736842,1,0.0,8,0.02631578947368421,-4.526179120140969
8,1,Lil' Kim,Derek Hough,Singer/Rapper,United States,34,5,21.0,0.121846464491599,4.0,3.0,13.0,0.0,0.0,4.811622325339905,3,0.3333333333333333,3.6666666666666665,21.0,0.17647058823529413,0.3322344322344323,-0.1773161948242933,0.03144103294696674,2,0.05263157894736842,1,-1.0,6,0.017543859649122806,-0.1773161948242933
8,2,Lil' Kim,Derek Hough,Singer/Rapper,United States,34,5,23.0,0.0733506190992117,4.0,8.0,13.0,0.09523809070294806,1.4142135623730951,4.811622325339905,3,0.3333333333333333,3.6666666666666665,22.0,0.17647058823529413,0.3322344322344323,-0.1773161948242933,0.03144103294696674,2,0.05263157894736842,1,-1.0,6,0.017543859649122806,-0.3546323896485866
8,3,Lil' Kim,Derek Hough,Singer/Rapper,United States,34,5,25.0,0.0847229528296693,4.0,5.0,12.0,0.19047618140589612,2.0,4.811622325339905,3,0.3333333333333333,3.6666666666666665,23.0,0.17647058823529413,0.3322344322344323,-0.1773161948242933,0.03144103294696674,2,0.05263157894736842,1,-1.0,6,0.017543859649122806,-0.53194858447288
8,4,Lil' Kim,Derek Hough,Singer/Rapper,United States,34,5,27.0,0.0909090909090909,3.0,6.0,11.0,0.28571427210884415,2.0,4.811622325339905,3,0.3333333333333333,3.6666666666666665,25.0,0.17647058823529413,0.3322344322344323,-0.1773161948242933,0.03144103294696674,2,0.05263157894736842,1,-1.0,6,0.017543859649122806,-0.7092647792971732
8,5,Lil' Kim,Derek Hough,Singer/Rapper,United States,34,5,26.0,0.1098546641338927,2.5,4.0,9.0,0.23809522675737013,1.0,4.811622325339905,3,0.3333333333333333,3.6666666666666665,26.0,0.17647058823529413,0.3322344322344323,-0.1773161948242933,0.03144103294696674,2,0.05263157894736842,1,-1.0,6,0.017543859649122806,-0.8865809741214665
8,6,Lil' Kim,Derek Hough,Singer/Rapper,United States,34,5,28.0,0.1280068032693161,1.0,4.0,8.0,0.3333333174603182,1.0,4.811622325339905,3,0.3333333333333333,3.6666666666666665,27.0,0.17647058823529413,0.3322344322344323,-0.1773161948242933,0.03144103294696674,2,0.05263157894736842,1,-1.0,6,0.017543859649122806,-1.06389716894576
8,7,Lil' Kim,Derek Hough,Singer/Rapper,United States,34,5,26.0,0.1564951617437773,5.0,4.0,7.0,0.23809522675737013,1.1547005383792517,4.811622325339905,3,0.3333333333333333,3.6666666666666665,26.666666666666668,0.17647058823529413,0.3322344322344323,-0.1773161948242933,0.03144103294696674,2,0.05263157894736842,1,-1.0,6,0.017543859649122806,-1.241213363770053
8,8,Lil' Kim,Derek Hough,Singer/Rapper,United States,34,5,28.0,0.1371391809851315,1.0,5.0,6.0,0.3333333174603182,1.1547005383792517,4.811622325339905,3,0.3333333333333333,3.6666666666666665,27.333333333333332,0.17647058823529413,0.3322344322344323,-0.1773161948242933,0.03144103294696674,2,0.05263157894736842,1,-1.0,6,0.017543859649122806,-1.4185295585943465
8,9,Lil' Kim,Derek Hough,Singer/Rapper,United States,34,5,26.0,0.1420066777117815,4.0,5.0,5.0,0.23809522675737013,1.1547005383792517,4.811622325339905,3,0.3333333333333333,3.6666666666666665,26.666666666666668,0.17647058823529413,0.3322344322344323,-0.1773161948242933,0.03144103294696674,2,0.05263157894736842,1,-1.0,6,0.017543859649122806,-1.5958457534186399
8,1,Steve-O,Lacey Schwimmer,TV Personality,England,34,8,17.0,0.0205899831369092,9.5,13.0,13.0,0.0,0.0,4.811622325339905,1,1.0,3.0,17.0,0.3333333333333333,0.3322344322344323,-0.1773161948242933,0.03144103294696674,1,0.047619047619047616,0,3.5,1,0.047619047619047616,-0.1773161948242933
8,2,Steve-O,Lacey Schwimmer,TV Personality,England,34,8,14.0,0.081437109859272,13.0,5.0,13.0,-0.17647057785467188,2.1213203435596424,4.811622325339905,1,1.0,3.0,15.5,0.3333333333333333,0.3322344322344323,-0.1773161948242933,0.03144103294696674,1,0.047619047619047616,0,3.5,1,0.047619047619047616,-0.3546323896485866
8,3,Steve-O,Lacey Schwimmer,TV Personality,England,34,8,15.0,0.0655056026360427,11.0,11.0,12.0,-0.11764705190311459,1.5275252316519468,4.811622325339905,1,1.0,3.0,15.333333333333334,0.3333333333333333,0.3322344322344323,-0.1773161948242933,0.03144103294696674,1,0.047619047619047616,0,3.5,1,0.047619047619047616,-0.53194858447288
8,4,Steve-O,Lacey Schwimmer,TV Personality,England,34,8,15.0,0.0909090909090909,10.0,6.0,11.0,-0.11764705190311459,0.5773502691896266,4.811622325339905,1,1.0,3.0,14.666666666666666,0.3333333333333333,0.3322344322344323,-0.1773161948242933,0.03144103294696674,1,0.047619047619047616,0,3.5,1,0.047619047619047616,-0.7092647792971732
8,5,Steve-O,Lacey Schwimmer,TV Personality,England,34,8,18.0,0.1052660055651727,9.0,8.0,9.0,0.05882352595155729,1.7320508075688776,4.811622325339905,1,1.0,3.0,16.0,0.3333333333333333,0.3322344322344323,-0.1773161948242933,0.03144103294696674,1,0.047619047619047616,0,3.5,1,0.047619047619047616,-0.8865809741214665
8,6,Steve-O,Lacey Schwimmer,TV Personality,England,34,8,16.0,0.1014401082507084,8.0,8.0,8.0,-0.05882352595155729,1.527525231651947,4.811622325339905,1,1.0,3.0,16.333333333333332,0.3333333333333333,0.3322344322344323,-0.1773161948242933,0.03144103294696674,1,0.047619047619047616,0,3.5,1,0.047619047619047616,-1.06389716894576
8,1,Holly Madison,Dmitry Chaplin,TV Personality,United States,30,11,18.0,0.0487095510490767,7.5,9.0,13.0,0.0,0.0,4.811622325339905,0,0.0,6.0,18.0,0.3333333333333333,0.3322344322344323,-0.48808115097895555,0.238223209940942,1,0.047619047619047616,1,1.5,0,0.0,-0.48808115097895555
8,2,Holly Madison,Dmitry Chaplin,TV Personality,United States,30,11,18.0,0.0662408348695829,9.5,10.0,13.0,0.0,0.0,4.811622325339905,0,0.0,6.0,18.0,0.3333333333333333,0.3322344322344323,-0.48808115097895555,0.238223209940942,1,0.047619047619047616,1,1.5,0,0.0,-0.9761623019579111
8,3,Holly Madison,Dmitry Chaplin,TV Personality,United States,30,11,17.0,0.0831835143417783,9.0,7.0,12.0,-0.055555552469135974,0.5773502691896263,4.811622325339905,0,0.0,6.0,17.666666666666668,0.3333333333333333,0.3322344322344323,-0.48808115097895555,0.238223209940942,1,0.047619047619047616,1,1.5,0,0.0,-1.4642434529368666
8,4,Holly Madison,Dmitry Chaplin,TV Personality,United States,30,11,16.0,0.0909090909090909,9.0,6.0,11.0,-0.11111110493827195,1.0000000000000004,4.811622325339905,0,0.0,6.0,17.0,0.3333333333333333,0.3322344322344323,-0.48808115097895555,0.238223209940942,1,0.047619047619047616,1,1.5,0,0.0,-1.9523246039158222
8,1,Melissa Rycroft,Tony Dovolani,TV Personality,United States,26,3,23.0,0.1094436785032707,2.5,4.0,13.0,0.0,0.0,4.811622325339905,6,0.16666666666666666,5.666666666666667,23.0,0.42857142857142855,0.3322344322344323,-0.7988461071336178,0.6381551028825356,1,0.047619047619047616,1,1.5,6,0.007936507936507936,-0.7988461071336178
8,2,Melissa Rycroft,Tony Dovolani,TV Personality,United States,26,3,26.0,0.0892154085852564,2.0,3.0,13.0,0.1304347769376184,2.1213203435596424,4.811622325339905,6,0.16666666666666666,5.666666666666667,24.5,0.42857142857142855,0.3322344322344323,-0.7988461071336178,0.6381551028825356,1,0.047619047619047616,1,1.5,6,0.007936507936507936,-1.5976922142672356
8,3,Melissa Rycroft,Tony Dovolani,TV Personality,United States,26,3,27.0,0.0917133519352536,2.0,3.0,12.0,0.17391303591682453,2.081665999466133,4.811622325339905,6,0.16666666666666666,5.666666666666667,25.333333333333332,0.42857142857142855,0.3322344322344323,-0.7988461071336178,0.6381551028825356,1,0.047619047619047616,1,1.5,6,0.007936507936507936,-2.3965383214008535
8,4,Melissa Rycroft,Tony Dovolani,TV Personality,United States,26,3,29.0,0.0909090909090909,2.0,6.0,11.0,0.2608695538752368,1.5275252316519483,4.811622325339905,6,0.16666666666666666,5.666666666666667,27.333333333333332,0.42857142857142855,0.3322344322344323,-0.7988461071336178,0.6381551028825356,1,0.047619047619047616,1,1.5,6,0.007936507936507936,-3.1953844285344712
8,5,Melissa Rycroft,Tony Dovolani,TV Personality,United States,26,3,25.0,0.1079179376247143,4.0,6.0,9.0,0.08695651795841226,2.0000000000000013,4.811622325339905,6,0.16666666666666666,5.666666666666667,27.0,0.42857142857142855,0.3322344322344323,-0.7988461071336178,0.6381551028825356,1,0.047619047619047616,1,1.5,6,0.007936507936507936,-3.994230535668089
8,6,Melissa Rycroft,Tony Dovolani,TV Personality,United States,26,3,27.0,0.1458285619676967,2.0,2.0,8.0,0.17391303591682453,2.0000000000000013,4.811622325339905,6,0.16666666666666666,5.666666666666667,27.0,0.42857142857142855,0.3322344322344323,-0.7988461071336178,0.6381551028825356,1,0.047619047619047616,1,1.5,6,0.007936507936507936,-4.793076642801707
8,7,Melissa Rycroft,Tony Dovolani,TV Personality,United States,26,3,29.0,0.1734041329196545,1.0,2.0,7.0,0.2608695538752368,2.0000000000000013,4.811622325339905,6,0.16666666666666666,5.666666666666667,27.0,0.42857142857142855,0.3322344322344323,-0.7988461071336178,0.6381551028825356,1,0.047619047619047616,1,1.5,6,0.007936507936507936,-5.591922749935325
8,8,Melissa Rycroft,Tony Dovolani,TV Personality,United States,26,3,23.0,0.223464282511354,6.0,1.0,6.0,0.0,3.0550504633038935,4.811622325339905,6,0.16666666666666666,5.666666666666667,26.333333333333332,0.42857142857142855,0.3322344322344323,-0.7988461071336178,0.6381551028825356,1,0.047619047619047616,1,1.5,6,0.007936507936507936,-6.3907688570689425
8,9,Melissa Rycroft,Tony Dovolani,TV Personality,United States,26,3,28.5,0.2481537728898274,1.0,1.0,5.0,0.2391304243856337,3.3291640592396967,4.811622325339905,6,0.16666666666666666,5.666666666666667,26.833333333333332,0.42857142857142855,0.3322344322344323,-0.7988461071336178,0.6381551028825356,1,0.047619047619047616,1,1.5,6,0.007936507936507936,-7.18961496420256
8,10,Melissa Rycroft,Tony Dovolani,TV Personality,United States,26,3,27.5,0.2829161995369313,3.0,2.0,4.0,0.19565216540642758,2.9297326385411577,4.811622325339905,6,0.16666666666666666,5.666666666666667,26.333333333333332,0.42857142857142855,0.3322344322344323,-0.7988461071336178,0.6381551028825356,1,0.047619047619047616,1,1.5,6,0.007936507936507936,-7.988461071336178
8,11,Melissa Rycroft,Tony Dovolani,TV Personality,United States,26,3,28.5,0.3256402636360491,3.0,2.0,3.0,0.2391304243856337,0.5773502691896286,4.811622325339905,6,0.16666666666666666,5.666666666666667,28.166666666666668,0.42857142857142855,0.3322344322344323,-0.7988461071336178,0.6381551028825356,1,0.047619047619047616,1,1.5,6,0.007936507936507936,-8.787307178469796
9,1,Ashley Hamiliton,Edyta Sliwinska,Actor/Actress,United States,34,16,18.9999,0.0169105143676301,15.5,15.0,16.0,0.0,0.0,4.686073884886515,8,0.25,5.75,0.0,0.5454545454545454,0.24627976190476192,-0.1773161948242933,0.03144103294696674,2,0.058823529411764705,1,-0.5,16,0.014705882352941176,-0.1773161948242933
9,1,Debi Mazar,Maksim Chmerkoskiy,Actor/Actress,United States,45,12,22.0,0.0744721010022501,10.5,3.0,16.0,0.0,0.0,4.686073884886515,6,0.3333333333333333,6.666666666666667,22.0,0.4117647058823529,0.24627976190476192,0.6772874346010278,0.45871826906844154,2,0.058823529411764705,1,-7.5,12,0.0196078431372549,0.6772874346010278
9,2,Debi Mazar,Maksim Chmerkoskiy,Actor/Actress,United States,45,12,21.0,0.0672401952386912,5.0,10.0,14.0,-0.045454543388429844,0.7071067811865476,4.686073884886515,6,0.3333333333333333,6.666666666666667,21.5,0.4117647058823529,0.24627976190476192,0.6772874346010278,0.45871826906844154,2,0.058823529411764705,1,-7.5,12,0.0196078431372549,1.3545748692020556
9,3,Debi Mazar,Maksim Chmerkoskiy,Actor/Actress,United States,45,12,17.0,0.0572612595364668,10.5,13.0,13.0,-0.2272727169421492,2.6457513110645907,4.686073884886515,6,0.3333333333333333,6.666666666666667,20.0,0.4117647058823529,0.24627976190476192,0.6772874346010278,0.45871826906844154,2,0.058823529411764705,1,-7.5,12,0.0196078431372549,2.0318623038030834
9,1,Melissa Joan Hart,Mark Ballas,Actor/Actress,United States,33,9,24.0,0.0713440946065085,9.0,7.0,16.0,0.0,0.0,4.686073884886515,4,0.5,5.0,24.0,0.3333333333333333,0.24627976190476192,-0.2550074338629589,0.06502879132537134,2,0.058823529411764705,1,-2.0,8,0.029411764705882353,-0.2550074338629589
9,2,Melissa Joan Hart,Mark Ballas,Actor/Actress,United States,33,9,19.0,0.0755022837480372,10.5,4.0,14.0,-0.20833332465277812,3.5355339059327378,4.686073884886515,4,0.5,5.0,21.5,0.3333333333333333,0.24627976190476192,-0.2550074338629589,0.06502879132537134,2,0.058823529411764705,1,-2.0,8,0.029411764705882353,-0.5100148677259178
9,3,Melissa Joan Hart,Mark Ballas,Actor/Actress,United States,33,9,19.0,0.065272445380496,8.0,12.0,13.0,-0.20833332465277812,2.886751345948129,4.686073884886515,4,0.5,5.0,20.666666666666668,0.3333333333333333,0.24627976190476192,-0.2550074338629589,0.06502879132537134,2,0.058823529411764705,1,-2.0,8,0.029411764705882353,-0.7650223015888766
9,4,Melissa Joan Hart,Mark Ballas,Actor/Actress,United States,33,9,28.0,0.1020908615479861,1.5,4.0,11.0,0.1666666597222225,5.196152422706633,4.686073884886515,4,0.5,5.0,22.0,0.3333333333333333,0.24627976190476192,-0.2550074338629589,0.06502879132537134,2,0.058823529411764705,1,-2.0,8,0.029411764705882353,-1.0200297354518355
9,5,Melissa Joan Hart,Mark Ballas,Actor/Actress,United States,33,9,23.0,0.0958659748752304,7.0,7.0,10.0,-0.041666664930555625,4.509249752822895,4.686073884886515,4,0.5,5.0,23.333333333333332,0.3333333333333333,0.24627976190476192,-0.2550074338629589,0.06502879132537134,2,0.058823529411764705,1,-2.0,8,0.029411764705882353,-1.2750371693147944
9,6,Melissa Joan Hart,Mark Ballas,Actor/Actress,United States,33,9,23.9999,0.0168171966469563,8.0,9.0,9.0,-4.166666493045852e-06,2.645770209850686,4.686073884886515,4,0.5,5.0,24.999966666666666,0.3333333333333333,0.24627976190476192,-0.2550074338629589,0.06502879132537134,2,0.058823529411764705,1,-2.0,8,0.029411764705882353,-1.5300446031777533
9,1,Mark Dacascos,Lacey Schwimmer,Actor/Actress,United States,45,6,28.9998,0.0561953945276151,6.0,14.0,16.0,0.0,0.0,4.686073884886515,2,0.5,5.5,28.9998,0.3333333333333333,0.24627976190476192,0.6772874346010278,0.45871826906844154,2,0.058823529411764705,1,8.0,4,0.029411764705882353,0.6772874346010278
9,2,Mark Dacascos,Lacey Schwimmer,Actor/Actress,United States,45,6,21.0,0.0617562828062815,5.0,13.0,14.0,-0.27585706536400023,5.656712828136143,4.686073884886515,2,0.5,5.5,24.9999,0.3333333333333333,0.24627976190476192,0.6772874346010278,0.45871826906844154,2,0.058823529411764705,1,8.0,4,0.029411764705882353,1.3545748692020556
9,3,Mark Dacascos,Lacey Schwimmer,Actor/Actress,United States,45,6,18.0,0.0694667810212467,9.0,9.0,13.0,-0.37930605110014376,5.68612932318638,4.686073884886515,2,0.5,5.5,22.6666,0.3333333333333333,0.24627976190476192,0.6772874346010278,0.45871826906844154,2,0.058823529411764705,1,8.0,4,0.029411764705882353,2.0318623038030834
9,4,Mark Dacascos,Lacey Schwimmer,Actor/Actress,United States,45,6,22.0,0.0826798191456985,7.0,8.0,11.0,-0.24137407011861908,2.0816659994661304,4.686073884886515,2,0.5,5.5,20.333333333333332,0.3333333333333333,0.24627976190476192,0.6772874346010278,0.45871826906844154,2,0.058823529411764705,1,8.0,4,0.029411764705882353,2.709149738404111
9,5,Mark Dacascos,Lacey Schwimmer,Actor/Actress,United States,45,6,26.0,0.1229096522791943,3.0,1.0,10.0,-0.10344208913709443,3.9999999999999987,4.686073884886515,2,0.5,5.5,22.0,0.3333333333333333,0.24627976190476192,0.6772874346010278,0.45871826906844154,2,0.058823529411764705,1,8.0,4,0.029411764705882353,3.386437173005139
9,6,Mark Dacascos,Lacey Schwimmer,Actor/Actress,United States,45,6,32.0,0.1149999443088039,4.0,7.0,9.0,0.10345588233519255,5.033222956847165,4.686073884886515,2,0.5,5.5,26.666666666666668,0.3333333333333333,0.24627976190476192,0.6772874346010278,0.45871826906844154,2,0.058823529411764705,1,8.0,4,0.029411764705882353,4.063724607606167
9,7,Mark Dacascos,Lacey Schwimmer,Actor/Actress,United States,45,6,21.5,0.0299327711459739,7.0,6.0,7.0,-0.25861556774130967,5.267826876426367,4.686073884886515,2,0.5,5.5,26.5,0.3333333333333333,0.24627976190476192,0.6772874346010278,0.45871826906844154,2,0.058823529411764705,1,8.0,4,0.029411764705882353,4.741012042207195
9,1,Chuck Liddell,Anna Trebunskaya,Athlete,United States,39,11,22.0,0.0735389447801953,10.5,5.0,16.0,0.0,0.0,4.686073884886515,3,0.3333333333333333,7.666666666666667,22.0,0.45454545454545453,0.24627976190476192,0.21114000036903446,0.04458009975583587,3,0.045454545454545456,1,-5.5,9,0.015151515151515152,0.21114000036903446
9,2,Chuck Liddell,Anna Trebunskaya,Athlete,United States,39,11,19.0,0.0743104590513696,10.5,6.0,14.0,-0.13636363016528952,2.1213203435596424,4.686073884886515,3,0.3333333333333333,7.666666666666667,20.5,0.45454545454545453,0.24627976190476192,0.21114000036903446,0.04458009975583587,3,0.045454545454545456,1,-5.5,9,0.015151515151515152,0.42228000073806893
9,3,Chuck Liddell,Anna Trebunskaya,Athlete,United States,39,11,17.0,0.0708708454016561,10.5,8.0,13.0,-0.2272727169421492,2.5166114784235827,4.686073884886515,3,0.3333333333333333,7.666666666666667,19.333333333333332,0.45454545454545453,0.24627976190476192,0.21114000036903446,0.04458009975583587,3,0.045454545454545456,1,-5.5,9,0.015151515151515152,0.6334200011071034
9,4,Chuck Liddell,Anna Trebunskaya,Athlete,United States,39,11,17.0,0.0709475527277368,9.0,11.0,11.0,-0.2272727169421492,1.15470053837925,4.686073884886515,3,0.3333333333333333,7.666666666666667,17.666666666666668,0.45454545454545453,0.24627976190476192,0.21114000036903446,0.04458009975583587,3,0.045454545454545456,1,-5.5,9,0.015151515151515152,0.8445600014761379
9,1,Natalie Coughlin,Alec Mazo,Athlete,United States,27,10,26.9998,0.0702850152265132,7.5,9.0,16.0,0.0,0.0,4.686073884886515,4,0.25,8.0,26.9998,0.2,0.24627976190476192,-0.7211548680949522,0.5200643437770479,3,0.045454545454545456,1,1.5,12,0.011363636363636364,-0.7211548680949522
9,2,Natalie Coughlin,Alec Mazo,Athlete,United States,27,10,21.0,0.0645262808604115,5.0,12.0,14.0,-0.2222164526323731,4.2424992657630485,4.686073884886515,4,0.25,8.0,23.9999,0.2,0.24627976190476192,-0.7211548680949522,0.5200643437770479,3,0.045454545454545456,1,1.5,12,0.011363636363636364,-1.4423097361899044
9,3,Natalie Coughlin,Alec Mazo,Athlete,United States,27,10,26.0,0.0724017616284138,2.0,7.0,13.0,-0.03702990255372624,3.214477668300093,4.686073884886515,4,0.25,8.0,24.6666,0.2,0.24627976190476192,-0.7211548680949522,0.5200643437770479,3,0.045454545454545456,1,1.5,12,0.011363636363636364,-2.1634646042848567
9,4,Natalie Coughlin,Alec Mazo,Athlete,United States,27,10,24.0,0.0779562913155956,4.5,9.0,11.0,-0.111104522585185,2.516611478423583,4.686073884886515,4,0.25,8.0,23.666666666666668,0.2,0.24627976190476192,-0.7211548680949522,0.5200643437770479,3,0.045454545454545456,1,1.5,12,0.011363636363636364,-2.884619472379809
9,5,Natalie Coughlin,Alec Mazo,Athlete,United States,27,10,22.0,0.066095992294096,8.5,10.0,10.0,-0.18517914261664373,1.9999999999999991,4.686073884886515,4,0.25,8.0,24.0,0.2,0.24627976190476192,-0.7211548680949522,0.5200643437770479,3,0.045454545454545456,1,1.5,12,0.011363636363636364,-3.605774340474761
9,1,Louie Vito,Chelsie Hightower,Athlete,United States,21,8,26.9998,0.0743216159253755,7.5,4.0,16.0,0.0,0.0,4.686073884886515,1,0.0,4.0,26.9998,0.2857142857142857,0.24627976190476192,-1.1873023023269456,1.4096867571108656,3,0.045454545454545456,1,-3.5,3,0.0,-1.1873023023269456
9,2,Louie Vito,Chelsie Hightower,Athlete,United States,21,8,19.0,0.0747442785750019,10.5,5.0,14.0,-0.29629107266383187,5.656712828136143,4.686073884886515,1,0.0,4.0,22.9999,0.2857142857142857,0.24627976190476192,-1.1873023023269456,1.4096867571108656,3,0.045454545454545456,1,-3.5,3,0.0,-2.374604604653891
9,3,Louie Vito,Chelsie Hightower,Athlete,United States,21,8,20.0,0.0735919803509222,6.5,6.0,13.0,-0.25925376264810246,4.3587842356938635,4.686073884886515,1,0.0,4.0,21.99993333333333,0.2857142857142857,0.24627976190476192,-1.1873023023269456,1.4096867571108656,3,0.045454545454545456,1,-3.5,3,0.0,-3.5619069069808367
9,4,Louie Vito,Chelsie Hightower,Athlete,United States,21,8,16.0,0.0766819511719713,10.5,10.0,11.0,-0.40740300271102,2.081665999466134,4.686073884886515,1,0.0,4.0,18.333333333333332,0.2857142857142857,0.24627976190476192,-1.1873023023269456,1.4096867571108656,3,0.045454545454545456,1,-3.5,3,0.0,-4.749209209307782
9,5,Louie Vito,Chelsie Hightower,Athlete,United States,21,8,22.0,0.1125129076083563,8.5,3.0,10.0,-0.18517914261664373,3.0550504633038944,4.686073884886515,1,0.0,4.0,19.333333333333332,0.2857142857142857,0.24627976190476192,-1.1873023023269456,1.4096867571108656,3,0.045454545454545456,1,-3.5,3,0.0,-5.936511511634728
9,6,Louie Vito,Chelsie Hightower,Athlete,United States,21,8,24.0,0.0168188388586716,7.0,8.0,9.0,-0.111104522585185,4.163331998932266,4.686073884886515,1,0.0,4.0,20.666666666666668,0.2857142857142857,0.24627976190476192,-1.1873023023269456,1.4096867571108656,3,0.045454545454545456,1,-3.5,3,0.0,-7.123813813961673
9,1,Michael Irvin,Anna Demidova,Athlete,United States,43,7,19.0,0.0705413250656628,14.0,8.0,16.0,0.0,0.0,4.686073884886515,0,0.0,6.0,19.0,1.0,0.24627976190476192,0.5219049565236967,0.27238478364400176,3,0.045454545454545456,1,-6.0,0,0.0,0.5219049565236967
9,2,Michael Irvin,Anna Demidova,Athlete,United States,43,7,20.0,0.0738348498605884,7.5,7.0,14.0,0.05263157617728546,0.7071067811865476,4.686073884886515,0,0.0,6.0,19.5,1.0,0.24627976190476192,0.5219049565236967,0.27238478364400176,3,0.045454545454545456,1,-6.0,0,0.0,1.0438099130473935
9,3,Michael Irvin,Anna Demidova,Athlete,United States,43,7,14.0,0.1021777266397328,13.0,1.0,13.0,-0.26315788088642733,3.214550253664319,4.686073884886515,0,0.0,6.0,17.666666666666668,1.0,0.24627976190476192,0.5219049565236967,0.27238478364400176,3,0.045454545454545456,1,-6.0,0,0.0,1.56571486957109
9,4,Michael Irvin,Anna Demidova,Athlete,United States,43,7,16.0,0.1023808937510549,10.5,2.0,11.0,-0.15789472853185638,3.055050463303894,4.686073884886515,0,0.0,6.0,16.666666666666668,1.0,0.24627976190476192,0.5219049565236967,0.27238478364400176,3,0.045454545454545456,1,-6.0,0,0.0,2.087619826094787
9,5,Michael Irvin,Anna Demidova,Athlete,United States,43,7,21.0,0.101334040473678,10.0,5.0,10.0,0.10526315235457093,3.6055512754639905,4.686073884886515,0,0.0,6.0,17.0,1.0,0.24627976190476192,0.5219049565236967,0.27238478364400176,3,0.045454545454545456,1,-6.0,0,0.0,2.6095247826184838
9,6,Michael Irvin,Anna Demidova,Athlete,United States,43,7,21.9998,0.16485381279692,9.0,1.0,9.0,0.15788420221662094,3.214477668300094,4.686073884886515,0,0.0,6.0,19.6666,1.0,0.24627976190476192,0.5219049565236967,0.27238478364400176,3,0.045454545454545456,1,-6.0,0,0.0,3.13142973914218
9,7,Michael Irvin,Anna Demidova,Athlete,United States,43,7,23.5,0.0185345555560003,6.0,7.0,7.0,0.23684209279778456,1.2583189897637332,4.686073884886515,0,0.0,6.0,22.1666,1.0,0.24627976190476192,0.5219049565236967,0.27238478364400176,3,0.045454545454545456,1,-6.0,0,0.0,3.653334695665877
9,1,Joanna Krupa,Derek Hough,Model,Poland,30,4,33.9999,0.0720806468980706,1.0,6.0,16.0,0.0,0.0,4.686073884886515,4,0.25,4.0,33.9999,0.058823529411764705,0.24627976190476192,-0.48808115097895555,0.238223209940942,2,0.09090909090909091,0,5.0,8,0.022727272727272728,-0.48808115097895555
9,2,Joanna Krupa,Derek Hough,Model,Poland,30,4,20.0,0.0796245760243938,7.5,2.0,14.0,-0.4117629636627471,9.899424225933544,4.686073884886515,4,0.25,4.0,26.99995,0.058823529411764705,0.24627976190476192,-0.48808115097895555,0.238223209940942,2,0.09090909090909091,0,5.0,8,0.022727272727272728,-0.9761623019579111
9,3,Joanna Krupa,Derek Hough,Model,Poland,30,4,23.0,0.0813961354585095,3.0,5.0,13.0,-0.3235274126239367,7.3710582688874,4.686073884886515,4,0.25,4.0,25.666633333333333,0.058823529411764705,0.24627976190476192,-0.48808115097895555,0.238223209940942,2,0.09090909090909091,0,5.0,8,0.022727272727272728,-1.4642434529368666
9,4,Joanna Krupa,Derek Hough,Model,Poland,30,4,26.0,0.0963086505352026,3.0,6.0,11.0,-0.23529186158512633,3.0000000000000013,4.686073884886515,4,0.25,4.0,23.0,0.058823529411764705,0.24627976190476192,-0.48808115097895555,0.238223209940942,2,0.09090909090909091,0,5.0,8,0.022727272727272728,-1.9523246039158222
9,5,Joanna Krupa,Derek Hough,Model,Poland,30,4,24.0,0.1179047764502351,5.0,2.0,10.0,-0.2941155622776666,1.527525231651949,4.686073884886515,4,0.25,4.0,24.333333333333332,0.058823529411764705,0.24627976190476192,-0.48808115097895555,0.238223209940942,2,0.09090909090909091,0,5.0,8,0.022727272727272728,-2.440405754894778
9,6,Joanna Krupa,Derek Hough,Model,Poland,30,4,35.9999,0.1420733744708866,1.0,3.0,9.0,0.05882370069254026,6.429043474991697,4.686073884886515,4,0.25,4.0,28.666633333333333,0.058823529411764705,0.24627976190476192,-0.48808115097895555,0.238223209940942,2,0.09090909090909091,0,5.0,8,0.022727272727272728,-2.9284869058737333
9,7,Joanna Krupa,Derek Hough,Model,Poland,30,4,27.5,0.1944063298427695,1.0,2.0,7.0,-0.19117408606572112,6.17111416223467,4.686073884886515,4,0.25,4.0,29.166633333333333,0.058823529411764705,0.24627976190476192,-0.48808115097895555,0.238223209940942,2,0.09090909090909091,0,5.0,8,0.022727272727272728,-3.4165680568526886
9,8,Joanna Krupa,Derek Hough,Model,Poland,30,4,26.0,0.1799908511931655,2.0,5.0,5.0,-0.23529186158512633,5.392839388485436,4.686073884886515,4,0.25,4.0,29.833299999999998,0.058823529411764705,0.24627976190476192,-0.48808115097895555,0.238223209940942,2,0.09090909090909091,0,5.0,8,0.022727272727272728,-3.9046492078316444
9,9,Joanna Krupa,Derek Hough,Model,Poland,30,4,27.0,0.1835088917564886,2.0,4.0,4.0,-0.2058800112388562,0.7637626158259665,4.686073884886515,4,0.25,4.0,26.833333333333332,0.058823529411764705,0.24627976190476192,-0.48808115097895555,0.238223209940942,2,0.09090909090909091,0,5.0,8,0.022727272727272728,-4.3927303588106
9,1,Kathy Ireland,Tony Dovolani,Model,United States,46,14,19.9999,0.0614135649702127,12.5,11.0,16.0,0.0,0.0,4.686073884886515,7,0.2857142857142857,5.285714285714286,19.9999,0.047619047619047616,0.24627976190476192,0.7549786736396934,0.5699927976507507,2,0.09090909090909091,1,-1.5,14,0.025974025974025972,0.7549786736396934
9,2,Kathy Ireland,Tony Dovolani,Model,United States,46,14,18.0,0.0601999519209231,13.5,14.0,14.0,-0.09999549497770015,0.0,4.686073884886515,7,0.2857142857142857,5.285714285714286,18.99995,0.047619047619047616,0.24627976190476192,0.7549786736396934,0.5699927976507507,2,0.09090909090909091,1,-1.5,14,0.025974025974025972,1.5099573472793868
9,1,Tom DeLay,Cheryl Burke,Politician,United States,62,13,19.9999,0.0697544026424405,12.5,10.0,16.0,0.0,0.0,4.686073884886515,7,0.5714285714285714,3.7142857142857144,19.9999,0.04,0.24627976190476192,1.9980384982583423,3.992157840522452,2,0.3333333333333333,1,-2.5,14,0.19047619047619047,1.9980384982583423
9,2,Tom DeLay,Cheryl Burke,Politician,United States,62,13,18.0,0.0692278402134198,13.5,9.0,14.0,-0.09999549497770015,1.4141428516949752,4.686073884886515,7,0.5714285714285714,3.7142857142857144,18.99995,0.04,0.24627976190476192,1.9980384982583423,3.992157840522452,2,0.3333333333333333,1,-2.5,14,0.19047619047619047,3.9960769965166847
9,3,Tom DeLay,Cheryl Burke,Politician,United States,62,13,15.0,0.0658025944705972,12.0,11.0,13.0,-0.24999623748137553,2.5165651200263683,4.686073884886515,7,0.5714285714285714,3.7142857142857144,17.666633333333333,0.04,0.24627976190476192,1.9980384982583423,3.992157840522452,2,0.3333333333333333,1,-2.5,14,0.19047619047619047,5.994115494775027
9,1,Macy Gray,Jonathan Roberts,Singer/Rapper,United States,42,15,18.9999,0.0169093976458246,15.5,16.0,16.0,0.0,0.0,4.686073884886515,6,0.16666666666666666,7.666666666666667,0.0,0.42857142857142855,0.24627976190476192,0.44421371748503113,0.19732582680187105,2,0.034482758620689655,1,0.5,12,0.005747126436781609,0.44421371748503113
9,1,Aaron Carter,Karina Smirnoff,Singer/Rapper,United States,21,5,31.999899999999997,0.0748976481582231,2.0,1.0,16.0,0.0,0.0,4.686073884886515,6,0.16666666666666666,6.666666666666667,31.999899999999997,0.2222222222222222,0.24627976190476192,-1.1873023023269456,1.4096867571108656,2,0.034482758620689655,1,-1.0,12,0.005747126436781609,-1.1873023023269456
9,2,Aaron Carter,Karina Smirnoff,Singer/Rapper,United States,21,5,27.0,0.0873588324115199,1.5,1.0,14.0,-0.15624735839026493,3.5354631952546165,4.686073884886515,6,0.16666666666666666,6.666666666666667,29.49995,0.2222222222222222,0.24627976190476192,-1.1873023023269456,1.4096867571108656,2,0.034482758620689655,1,-1.0,12,0.005747126436781609,-2.374604604653891
9,3,Aaron Carter,Karina Smirnoff,Singer/Rapper,United States,21,5,21.0,0.0976077747824379,4.5,2.0,13.0,-0.3437479384701846,5.5075221291732745,4.686073884886515,6,0.16666666666666666,6.666666666666667,26.666633333333333,0.2222222222222222,0.24627976190476192,-1.1873023023269456,1.4096867571108656,2,0.034482758620689655,1,-1.0,12,0.005747126436781609,-3.5619069069808367
9,4,Aaron Carter,Karina Smirnoff,Singer/Rapper,United States,21,5,18.0,0.1021768083772577,8.0,3.0,11.0,-0.43749822851014436,4.582575694955841,4.686073884886515,6,0.16666666666666666,6.666666666666667,22.0,0.2222222222222222,0.24627976190476192,-1.1873023023269456,1.4096867571108656,2,0.034482758620689655,1,-1.0,12,0.005747126436781609,-4.749209209307782
9,5,Aaron Carter,Karina Smirnoff,Singer/Rapper,United States,21,5,24.0,0.0994554219244217,5.0,6.0,10.0,-0.24999764843022473,3.0000000000000013,4.686073884886515,6,0.16666666666666666,6.666666666666667,21.0,0.2222222222222222,0.24627976190476192,-1.1873023023269456,1.4096867571108656,2,0.034482758620689655,1,-1.0,12,0.005747126436781609,-5.936511511634728
9,6,Aaron Carter,Karina Smirnoff,Singer/Rapper,United States,21,5,32.9998,0.1294095608658911,3.0,5.0,9.0,0.031246971670318726,7.549728472821611,4.686073884886515,6,0.16666666666666666,6.666666666666667,24.99993333333333,0.2222222222222222,0.24627976190476192,-1.1873023023269456,1.4096867571108656,2,0.034482758620689655,1,-1.0,12,0.005747126436781609,-7.123813813961673
9,7,Aaron Carter,Karina Smirnoff,Singer/Rapper,United States,21,5,26.5,0.1892955217452852,2.0,3.0,7.0,-0.17187240673025822,4.645675409812154,4.686073884886515,6,0.16666666666666666,6.666666666666667,27.833266666666663,0.2222222222222222,0.24627976190476192,-1.1873023023269456,1.4096867571108656,2,0.034482758620689655,1,-1.0,12,0.005747126436781609,-8.31111611628862
9,8,Aaron Carter,Karina Smirnoff,Singer/Rapper,United States,21,5,25.0,0.1816921703677837,4.5,4.0,5.0,-0.21874755175023813,4.252336614145214,4.686073884886515,6,0.16666666666666666,6.666666666666667,28.1666,0.2222222222222222,0.24627976190476192,-1.1873023023269456,1.4096867571108656,2,0.034482758620689655,1,-1.0,12,0.005747126436781609,-9.498418418615564
9,1,Mya,Dmitry Chaplin,Singer/Rapper,United States,29,2,30.999899999999997,0.061383740322734,3.0,12.0,16.0,0.0,0.0,4.686073884886515,1,0.0,11.0,30.999899999999997,0.3333333333333333,0.24627976190476192,-0.5657723900176211,0.3200983973062512,2,0.034482758620689655,1,9.0,2,0.0,-0.5657723900176211
9,2,Mya,Dmitry Chaplin,Singer/Rapper,United States,29,2,27.0,0.0706282876554707,1.5,8.0,14.0,-0.1290294443198382,2.828356414068069,4.686073884886515,1,0.0,11.0,28.99995,0.3333333333333333,0.24627976190476192,-0.5657723900176211,0.3200983973062512,2,0.034482758620689655,1,9.0,2,0.0,-1.1315447800352423
9,3,Mya,Dmitry Chaplin,Singer/Rapper,United States,29,2,27.0,0.0678243758294774,1.0,10.0,13.0,-0.1290294443198382,2.309343341731582,4.686073884886515,1,0.0,11.0,28.333299999999998,0.3333333333333333,0.24627976190476192,-0.5657723900176211,0.3200983973062512,2,0.034482758620689655,1,9.0,2,0.0,-1.6973171700528633
9,4,Mya,Dmitry Chaplin,Singer/Rapper,United States,29,2,28.0,0.0856984087780897,1.5,7.0,11.0,-0.09677127678569028,0.5773502691896232,4.686073884886515,1,0.0,11.0,27.333333333333332,0.3333333333333333,0.24627976190476192,-0.5657723900176211,0.3200983973062512,2,0.034482758620689655,1,9.0,2,0.0,-2.2630895600704846
9,5,Mya,Dmitry Chaplin,Singer/Rapper,United States,29,2,27.0,0.0829386087502643,2.0,9.0,10.0,-0.1290294443198382,0.5773502691896232,4.686073884886515,1,0.0,11.0,27.333333333333332,0.3333333333333333,0.24627976190476192,-0.5657723900176211,0.3200983973062512,2,0.034482758620689655,1,9.0,2,0.0,-2.828861950088106
9,6,Mya,Dmitry Chaplin,Singer/Rapper,United States,29,2,33.0,0.1295243715337445,2.0,4.0,9.0,0.06451956088504938,3.214550253664318,4.686073884886515,1,0.0,11.0,29.333333333333332,0.3333333333333333,0.24627976190476192,-0.5657723900176211,0.3200983973062512,2,0.034482758620689655,1,9.0,2,0.0,-3.3946343401057266
9,7,Mya,Dmitry Chaplin,Singer/Rapper,United States,29,2,24.5,0.1961468035561822,5.0,1.0,7.0,-0.20967486315520806,4.368447474027053,4.686073884886515,1,0.0,11.0,28.166666666666668,0.3333333333333333,0.24627976190476192,-0.5657723900176211,0.3200983973062512,2,0.034482758620689655,1,9.0,2,0.0,-3.960406730123348
9,8,Mya,Dmitry Chaplin,Singer/Rapper,United States,29,2,29.5,0.2202166285678269,1.0,1.0,5.0,-0.04838402548446838,4.272001872658765,4.686073884886515,1,0.0,11.0,29.0,0.3333333333333333,0.24627976190476192,-0.5657723900176211,0.3200983973062512,2,0.034482758620689655,1,9.0,2,0.0,-4.526179120140969
9,9,Mya,Dmitry Chaplin,Singer/Rapper,United States,29,2,28.9999,0.2767879558204615,1.0,2.0,4.0,-0.06451633506829575,2.7537610650405626,4.686073884886515,1,0.0,11.0,27.666633333333333,0.3333333333333333,0.24627976190476192,-0.5657723900176211,0.3200983973062512,2,0.034482758620689655,1,9.0,2,0.0,-5.09195151015859
9,10,Mya,Dmitry Chaplin,Singer/Rapper,United States,29,2,28.333199999999998,0.3231028638278684,2.0,2.0,3.0,-0.08602285536331225,0.5853789570298337,4.686073884886515,1,0.0,11.0,28.944366666666667,0.3333333333333333,0.24627976190476192,-0.5657723900176211,0.3200983973062512,2,0.034482758620689655,1,9.0,2,0.0,-5.657723900176212
9,1,Donny Osmond,Kym Johnson,Singer/Rapper,United States,51,1,29.999899999999997,0.0746505132222405,5.0,2.0,16.0,0.0,0.0,4.686073884886515,6,0.3333333333333333,6.333333333333333,29.999899999999997,0.21428571428571427,0.24627976190476192,1.1434348688330211,1.3074432992631884,2,0.034482758620689655,1,-3.0,12,0.011494252873563218,1.1434348688330211
9,2,Donny Osmond,Kym Johnson,Singer/Rapper,United States,51,1,25.0,0.0651349953651173,3.0,11.0,14.0,-0.1666638833241482,3.5354631952546165,4.686073884886515,6,0.3333333333333333,6.333333333333333,27.49995,0.21428571428571427,0.24627976190476192,1.1434348688330211,1.3074432992631884,2,0.034482758620689655,1,-3.0,12,0.011494252873563218,2.2868697376660423
9,3,Donny Osmond,Kym Johnson,Singer/Rapper,United States,51,1,21.0,0.0842796216076275,4.5,4.0,13.0,-0.2999976566589336,4.509198007406637,4.686073884886515,6,0.3333333333333333,6.333333333333333,25.333299999999998,0.21428571428571427,0.24627976190476192,1.1434348688330211,1.3074432992631884,2,0.034482758620689655,1,-3.0,12,0.011494252873563218,3.4303046064990634
9,4,Donny Osmond,Kym Johnson,Singer/Rapper,United States,51,1,24.0,0.0973060996224556,4.5,5.0,11.0,-0.19999732665784453,2.0816659994661313,4.686073884886515,6,0.3333333333333333,6.333333333333333,23.333333333333332,0.21428571428571427,0.24627976190476192,1.1434348688330211,1.3074432992631884,2,0.034482758620689655,1,-3.0,12,0.011494252873563218,4.573739475332085
9,5,Donny Osmond,Kym Johnson,Singer/Rapper,United States,51,1,29.0,0.1075175453157164,1.0,4.0,10.0,-0.03333010998936286,4.041451884327379,4.686073884886515,6,0.3333333333333333,6.333333333333333,24.666666666666668,0.21428571428571427,0.24627976190476192,1.1434348688330211,1.3074432992631884,2,0.034482758620689655,1,-3.0,12,0.011494252873563218,5.717174344165105
9,6,Donny Osmond,Kym Johnson,Singer/Rapper,United States,51,1,30.999899999999997,0.1226378864147247,5.0,6.0,9.0,0.03333344333369634,3.6055096731715075,4.686073884886515,6,0.3333333333333333,6.333333333333333,27.999966666666666,0.21428571428571427,0.24627976190476192,1.1434348688330211,1.3074432992631884,2,0.034482758620689655,1,-3.0,12,0.011494252873563218,6.860609212998127
9,7,Donny Osmond,Kym Johnson,Singer/Rapper,United States,51,1,26.0,0.1880432927172443,3.5,4.0,7.0,-0.13333043999045185,2.5165651200263652,4.686073884886515,6,0.3333333333333333,6.333333333333333,28.666633333333333,0.21428571428571427,0.24627976190476192,1.1434348688330211,1.3074432992631884,2,0.034482758620689655,1,-3.0,12,0.011494252873563218,8.004044081831148
9,8,Donny Osmond,Kym Johnson,Singer/Rapper,United States,51,1,25.0,0.1981365502364187,4.5,3.0,5.0,-0.1666638833241482,3.2144932213336483,4.686073884886515,6,0.3333333333333333,6.333333333333333,27.333299999999998,0.21428571428571427,0.24627976190476192,1.1434348688330211,1.3074432992631884,2,0.034482758620689655,1,-3.0,12,0.011494252873563218,9.14747895066417
9,9,Donny Osmond,Kym Johnson,Singer/Rapper,United States,51,1,24.6666,0.24629913831992,4.0,3.0,4.0,-0.1777772533316026,0.6939153550686028,4.686073884886515,6,0.3333333333333333,6.333333333333333,25.2222,0.21428571428571427,0.24627976190476192,1.1434348688330211,1.3074432992631884,2,0.034482758620689655,1,-3.0,12,0.011494252873563218,10.29091381949719
9,10,Donny Osmond,Kym Johnson,Singer/Rapper,United States,51,1,28.9998,0.2956571108219259,1.0,3.0,3.0,-0.03333677667802958,2.411299021965819,4.686073884886515,6,0.3333333333333333,6.333333333333333,26.222133333333332,0.21428571428571427,0.24627976190476192,1.1434348688330211,1.3074432992631884,2,0.034482758620689655,1,-3.0,12,0.011494252873563218,11.43434868833021
9,1,Kelly Osbourne,Louis van Amstel,TV Personality,England,24,3,30.9998,0.0613010806385029,4.0,13.0,16.0,0.0,0.0,4.686073884886515,4,0.0,5.5,30.9998,0.36363636363636365,0.24627976190476192,-0.9542285852109489,0.9105521928336892,1,0.1,0,9.0,4,0.0,-0.9542285852109489
9,2,Kelly Osbourne,Louis van Amstel,TV Personality,England,24,3,19.0,0.0759108862687736,10.5,3.0,14.0,-0.3870928074667318,8.485139952882333,4.686073884886515,4,0.0,5.5,24.9999,0.36363636363636365,0.24627976190476192,-0.9542285852109489,0.9105521928336892,1,0.1,0,9.0,4,0.0,-1.9084571704218978
9,3,Kelly Osbourne,Louis van Amstel,TV Personality,England,24,3,20.0,0.0920466978924156,6.5,3.0,13.0,-0.35483453587331093,6.658212974464945,4.686073884886515,4,0.0,5.5,23.333266666666663,0.36363636363636365,0.24627976190476192,-0.9542285852109489,0.9105521928336892,1,0.1,0,9.0,4,0.0,-2.862685755632847
9,4,Kelly Osbourne,Louis van Amstel,TV Personality,England,24,3,23.0,0.1057726630269505,6.0,1.0,11.0,-0.2580597210930483,2.081665999466132,4.686073884886515,4,0.0,5.5,20.666666666666668,0.36363636363636365,0.24627976190476192,-0.9542285852109489,0.9105521928336892,1,0.1,0,9.0,4,0.0,-3.8169143408437956
9,5,Kelly Osbourne,Louis van Amstel,TV Personality,England,24,3,24.0,0.093465080028807,5.0,8.0,10.0,-0.22580144949962744,2.081665999466132,4.686073884886515,4,0.0,5.5,22.333333333333332,0.36363636363636365,0.24627976190476192,-0.9542285852109489,0.9105521928336892,1,0.1,0,9.0,4,0.0,-4.771142926054744
9,6,Kelly Osbourne,Louis van Amstel,TV Personality,England,24,3,24.9998,0.162865014103401,6.0,2.0,9.0,-0.19354962956052524,0.9999000016668331,4.686073884886515,4,0.0,5.5,23.99993333333333,0.36363636363636365,0.24627976190476192,-0.9542285852109489,0.9105521928336892,1,0.1,0,9.0,4,0.0,-5.725371511265694
9,7,Kelly Osbourne,Louis van Amstel,TV Personality,England,24,3,26.0,0.1836407254365443,3.5,5.0,7.0,-0.1612849063127857,1.0000000066666634,4.686073884886515,4,0.0,5.5,24.99993333333333,0.36363636363636365,0.24627976190476192,-0.9542285852109489,0.9105521928336892,1,0.1,0,9.0,4,0.0,-6.679600096476642
9,8,Kelly Osbourne,Louis van Amstel,TV Personality,England,24,3,25.5,0.2199637996348049,3.0,2.0,5.0,-0.17741404210949613,0.5001000033326576,4.686073884886515,4,0.0,5.5,25.49993333333333,0.36363636363636365,0.24627976190476192,-0.9542285852109489,0.9105521928336892,1,0.1,0,9.0,4,0.0,-7.633828681687591
9,9,Kelly Osbourne,Louis van Amstel,TV Personality,England,24,3,25.9998,0.2934040141031297,3.0,1.0,4.0,-0.16129135796710437,0.28861741689185016,4.686073884886515,4,0.0,5.5,25.833266666666663,0.36363636363636365,0.24627976190476192,-0.9542285852109489,0.9105521928336892,1,0.1,0,9.0,4,0.0,-8.58805726689854
9,10,Kelly Osbourne,Louis van Amstel,TV Personality,England,24,3,25.2222,0.3812400253502057,3.0,1.0,3.0,-0.18637538995814842,0.3940462409413276,4.686073884886515,4,0.0,5.5,25.574,0.36363636363636365,0.24627976190476192,-0.9542285852109489,0.9105521928336892,1,0.1,0,9.0,4,0.0,-9.542285852109488
10,1,Aiden Turner,Edyta Sliwinska,Actor/Actress,England,32,9,15.0,0.0781659645005453,10.0,6.0,11.0,0.0,0.0,5.038766310970719,9,0.2222222222222222,6.888888888888889,15.0,0.5454545454545454,0.24011544011544006,-0.3326986729016244,0.11068840695050207,2,0.07142857142857142,0,-4.0,18,0.015873015873015872,-0.3326986729016244
10,2,Aiden Turner,Edyta Sliwinska,Actor/Actress,England,32,9,19.0,0.0983903954599909,8.0,3.0,11.0,0.2666666488888901,2.8284271247461903,5.038766310970719,9,0.2222222222222222,6.888888888888889,17.0,0.5454545454545454,0.24011544011544006,-0.3326986729016244,0.11068840695050207,2,0.07142857142857142,0,-4.0,18,0.015873015873015872,-0.6653973458032488
10,3,Aiden Turner,Edyta Sliwinska,Actor/Actress,England,32,9,20.0,0.1035183358921094,7.5,5.0,10.0,0.3333333111111126,2.6457513110645907,5.038766310970719,9,0.2222222222222222,6.888888888888889,18.0,0.5454545454545454,0.24011544011544006,-0.3326986729016244,0.11068840695050207,2,0.07142857142857142,0,-4.0,18,0.015873015873015872,-0.9980960187048733
10,4,Aiden Turner,Edyta Sliwinska,Actor/Actress,England,32,9,16.5,0.0862524231308787,8.0,9.0,9.0,0.09999999333333379,1.8027756377319946,5.038766310970719,9,0.2222222222222222,6.888888888888889,18.5,0.5454545454545454,0.24011544011544006,-0.3326986729016244,0.11068840695050207,2,0.07142857142857142,0,-4.0,18,0.015873015873015872,-1.3307946916064977
10,1,Shannen Doherty,Mark Ballas,Actor/Actress,United States,38,11,18.0,0.0869553856239848,7.0,5.0,11.0,0.0,0.0,5.038766310970719,5,0.4,5.8,18.0,0.3333333333333333,0.24011544011544006,0.1334487613303689,0.017808571900609763,2,0.07142857142857142,1,-2.0,10,0.02857142857142857,0.1334487613303689
10,2,Shannen Doherty,Mark Ballas,Actor/Actress,United States,38,11,20.0,0.0553467349525605,6.5,11.0,11.0,0.11111110493827195,0.0,5.038766310970719,5,0.4,5.8,19.0,0.3333333333333333,0.24011544011544006,0.1334487613303689,0.017808571900609763,2,0.07142857142857142,1,-2.0,10,0.02857142857142857,0.2668975226607378
10,1,Niecy Nash,Louis van Amstel,Actor/Actress,United States,40,5,18.0,0.0971121008781801,7.0,4.0,11.0,0.0,0.0,5.038766310970719,5,0.2,5.0,18.0,0.5454545454545454,0.24011544011544006,0.2888312394077,0.08342348485778811,2,0.07142857142857142,1,-3.0,10,0.014285714285714285,0.2888312394077
10,2,Niecy Nash,Louis van Amstel,Actor/Actress,United States,40,5,21.0,0.0939309690554636,5.0,5.0,11.0,0.1666666574074079,2.1213203435596424,5.038766310970719,5,0.2,5.0,19.5,0.5454545454545454,0.24011544011544006,0.2888312394077,0.08342348485778811,2,0.07142857142857142,1,-3.0,10,0.014285714285714285,0.5776624788154
10,3,Niecy Nash,Louis van Amstel,Actor/Actress,United States,40,5,21.0,0.0843598074963326,5.0,8.0,10.0,0.1666666574074079,1.7320508075688772,5.038766310970719,5,0.2,5.0,20.0,0.5454545454545454,0.24011544011544006,0.2888312394077,0.08342348485778811,2,0.07142857142857142,1,-3.0,10,0.014285714285714285,0.8664937182231001
10,4,Niecy Nash,Louis van Amstel,Actor/Actress,United States,40,5,18.0,0.1117628369631953,7.0,5.0,9.0,0.0,1.7320508075688772,5.038766310970719,5,0.2,5.0,20.0,0.5454545454545454,0.24011544011544006,0.2888312394077,0.08342348485778811,2,0.07142857142857142,1,-3.0,10,0.014285714285714285,1.1553249576308
10,5,Niecy Nash,Louis van Amstel,Actor/Actress,United States,40,5,18.0,0.141966562613653,6.5,1.0,8.0,0.0,1.7320508075688772,5.038766310970719,5,0.2,5.0,19.0,0.5454545454545454,0.24011544011544006,0.2888312394077,0.08342348485778811,2,0.07142857142857142,1,-3.0,10,0.014285714285714285,1.4441561970385
10,6,Niecy Nash,Louis van Amstel,Actor/Actress,United States,40,5,25.9998,0.1424820922903659,6.0,3.0,7.0,0.44443330864259395,4.618686683463169,5.038766310970719,5,0.2,5.0,20.6666,0.5454545454545454,0.24011544011544006,0.2888312394077,0.08342348485778811,2,0.07142857142857142,1,-3.0,10,0.014285714285714285,1.7329874364462001
10,7,Niecy Nash,Louis van Amstel,Actor/Actress,United States,40,5,24.5,0.1576104333713823,6.0,4.0,6.0,0.3611110910493838,4.2523758081022605,5.038766310970719,5,0.2,5.0,22.833266666666663,0.5454545454545454,0.24011544011544006,0.2888312394077,0.08342348485778811,2,0.07142857142857142,1,-3.0,10,0.014285714285714285,2.0218186758539
10,8,Niecy Nash,Louis van Amstel,Actor/Actress,United States,40,5,21.5,0.1674794650311345,5.0,5.0,5.0,0.1944444336419759,2.2912005615688398,5.038766310970719,5,0.2,5.0,23.99993333333333,0.5454545454545454,0.24011544011544006,0.2888312394077,0.08342348485778811,2,0.07142857142857142,1,-3.0,10,0.014285714285714285,2.3106499152616
10,1,Buzz Aldrin,Ashly DelGrosso,Astronaut,United States,80,10,14.0,0.0443118660009137,11.0,9.0,11.0,0.0,0.0,5.038766310970719,3,0.3333333333333333,6.333333333333333,14.0,0.25,0.24011544011544006,3.3964808009543224,11.536081831251316,2,0.3333333333333333,1,-2.0,6,0.1111111111111111,3.3964808009543224
10,2,Buzz Aldrin,Ashly DelGrosso,Astronaut,United States,80,10,12.0,0.0970232349339579,11.0,4.0,11.0,-0.14285713265306196,1.4142135623730951,5.038766310970719,3,0.3333333333333333,6.333333333333333,13.0,0.25,0.24011544011544006,3.3964808009543224,11.536081831251316,2,0.3333333333333333,1,-2.0,6,0.1111111111111111,6.792961601908645
10,3,Buzz Aldrin,Ashly DelGrosso,Astronaut,United States,80,10,13.0,0.1016807163934405,10.0,6.0,10.0,-0.07142856632653098,1.0,5.038766310970719,3,0.3333333333333333,6.333333333333333,13.0,0.25,0.24011544011544006,3.3964808009543224,11.536081831251316,2,0.3333333333333333,1,-2.0,6,0.1111111111111111,10.189442402862968
10,1,Chad Ochocinco,Cheryl Burke,Athlete,United States,32,4,18.0,0.0207060610784853,7.0,11.0,11.0,0.0,0.0,5.038766310970719,8,0.5,4.875,18.0,0.36,0.24011544011544006,-0.3326986729016244,0.11068840695050207,3,0.05263157894736842,1,4.0,24,0.02631578947368421,-0.3326986729016244
10,2,Chad Ochocinco,Cheryl Burke,Athlete,United States,32,4,16.0,0.0898810029064312,9.0,6.0,11.0,-0.11111110493827195,1.4142135623730951,5.038766310970719,8,0.5,4.875,17.0,0.36,0.24011544011544006,-0.3326986729016244,0.11068840695050207,3,0.05263157894736842,1,4.0,24,0.02631578947368421,-0.6653973458032488
10,3,Chad Ochocinco,Cheryl Burke,Athlete,United States,32,4,20.0,0.1222097837214439,7.5,1.0,10.0,0.11111110493827195,2.0,5.038766310970719,8,0.5,4.875,18.0,0.36,0.24011544011544006,-0.3326986729016244,0.11068840695050207,3,0.05263157894736842,1,4.0,24,0.02631578947368421,-0.9980960187048733
10,4,Chad Ochocinco,Cheryl Burke,Athlete,United States,32,4,22.0,0.1393251658262667,4.0,1.0,9.0,0.2222222098765439,3.0550504633038935,5.038766310970719,8,0.5,4.875,19.333333333333332,0.36,0.24011544011544006,-0.3326986729016244,0.11068840695050207,3,0.05263157894736842,1,4.0,24,0.02631578947368421,-1.3307946916064977
10,5,Chad Ochocinco,Cheryl Burke,Athlete,United States,32,4,18.0,0.1180700407986507,6.5,6.0,8.0,0.0,2.0000000000000013,5.038766310970719,8,0.5,4.875,20.0,0.36,0.24011544011544006,-0.3326986729016244,0.11068840695050207,3,0.05263157894736842,1,4.0,24,0.02631578947368421,-1.663493364508122
10,6,Chad Ochocinco,Cheryl Burke,Athlete,United States,32,4,30.999899999999997,0.1356131241303736,3.0,5.0,7.0,0.7222166265435205,6.6582730496228,5.038766310970719,8,0.5,4.875,23.666633333333333,0.36,0.24011544011544006,-0.3326986729016244,0.11068840695050207,3,0.05263157894736842,1,4.0,24,0.02631578947368421,-1.9961920374097466
10,7,Chad Ochocinco,Cheryl Burke,Athlete,United States,32,4,26.0,0.1639004750309464,3.0,3.0,6.0,0.4444444197530878,6.557392774825473,5.038766310970719,8,0.5,4.875,24.999966666666666,0.36,0.24011544011544006,-0.3326986729016244,0.11068840695050207,3,0.05263157894736842,1,4.0,24,0.02631578947368421,-2.328890710311371
10,8,Chad Ochocinco,Cheryl Burke,Athlete,United States,32,4,22.5,0.1948341743990153,4.0,3.0,5.0,0.24999998611111188,4.271949204207995,5.038766310970719,8,0.5,4.875,26.499966666666666,0.36,0.24011544011544006,-0.3326986729016244,0.11068840695050207,3,0.05263157894736842,1,4.0,24,0.02631578947368421,-2.6615893832129953
10,9,Chad Ochocinco,Cheryl Burke,Athlete,United States,32,4,26.0,0.2177442249974606,4.0,4.0,4.0,0.4444444197530878,2.0207259421636903,5.038766310970719,8,0.5,4.875,24.833333333333332,0.36,0.24011544011544006,-0.3326986729016244,0.11068840695050207,3,0.05263157894736842,1,4.0,24,0.02631578947368421,-2.9942880561146197
10,1,Evan Lysacek,Anna Trebunskaya,Athlete,United States,24,2,23.0,0.174943535209744,2.0,2.0,11.0,0.0,0.0,5.038766310970719,4,0.25,8.5,23.0,0.45454545454545453,0.24011544011544006,-0.9542285852109489,0.9105521928336892,3,0.05263157894736842,1,0.0,12,0.013157894736842105,-0.9542285852109489
10,2,Evan Lysacek,Anna Trebunskaya,Athlete,United States,24,2,24.0,0.0842319415454223,2.0,9.0,11.0,0.04347825897920613,0.7071067811865476,5.038766310970719,4,0.25,8.5,23.5,0.45454545454545453,0.24011544011544006,-0.9542285852109489,0.9105521928336892,3,0.05263157894736842,1,0.0,12,0.013157894736842105,-1.9084571704218978
10,3,Evan Lysacek,Anna Trebunskaya,Athlete,United States,24,2,26.0,0.0721352974464074,1.0,10.0,10.0,0.1304347769376184,1.5275252316519472,5.038766310970719,4,0.25,8.5,24.333333333333332,0.45454545454545453,0.24011544011544006,-0.9542285852109489,0.9105521928336892,3,0.05263157894736842,1,0.0,12,0.013157894736842105,-2.862685755632847
10,4,Evan Lysacek,Anna Trebunskaya,Athlete,United States,24,2,26.0,0.1357705557091195,1.0,2.0,9.0,0.1304347769376184,1.154700538379253,5.038766310970719,4,0.25,8.5,25.333333333333332,0.45454545454545453,0.24011544011544006,-0.9542285852109489,0.9105521928336892,3,0.05263157894736842,1,0.0,12,0.013157894736842105,-3.8169143408437956
10,5,Evan Lysacek,Anna Trebunskaya,Athlete,United States,24,2,27.0,0.1301842811403699,2.0,3.0,8.0,0.17391303591682453,0.5773502691896302,5.038766310970719,4,0.25,8.5,26.333333333333332,0.45454545454545453,0.24011544011544006,-0.9542285852109489,0.9105521928336892,3,0.05263157894736842,1,0.0,12,0.013157894736842105,-4.771142926054744
10,6,Evan Lysacek,Anna Trebunskaya,Athlete,United States,24,2,27.0,0.1655386545478369,5.0,2.0,7.0,0.17391303591682453,0.5773502691896302,5.038766310970719,4,0.25,8.5,26.666666666666668,0.45454545454545453,0.24011544011544006,-0.9542285852109489,0.9105521928336892,3,0.05263157894736842,1,0.0,12,0.013157894736842105,-5.725371511265694
10,7,Evan Lysacek,Anna Trebunskaya,Athlete,United States,24,2,27.0,0.1812080517165277,1.5,2.0,6.0,0.17391303591682453,0.0,5.038766310970719,4,0.25,8.5,27.0,0.45454545454545453,0.24011544011544006,-0.9542285852109489,0.9105521928336892,3,0.05263157894736842,1,0.0,12,0.013157894736842105,-6.679600096476642
10,8,Evan Lysacek,Anna Trebunskaya,Athlete,United States,24,2,26.5,0.2237740917549998,2.5,2.0,5.0,0.15217390642722145,0.2886751345948201,5.038766310970719,4,0.25,8.5,26.833333333333332,0.45454545454545453,0.24011544011544006,-0.9542285852109489,0.9105521928336892,3,0.05263157894736842,1,0.0,12,0.013157894736842105,-7.633828681687591
10,9,Evan Lysacek,Anna Trebunskaya,Athlete,United States,24,2,29.5,0.2728089550173148,1.5,2.0,4.0,0.28260868336483985,1.60727512683216,5.038766310970719,4,0.25,8.5,27.666666666666668,0.45454545454545453,0.24011544011544006,-0.9542285852109489,0.9105521928336892,3,0.05263157894736842,1,0.0,12,0.013157894736842105,-8.58805726689854
10,10,Evan Lysacek,Anna Trebunskaya,Athlete,United States,24,2,26.8887,0.3618282823992186,3.0,2.0,3.0,0.16907390569243888,1.6314602549045853,5.038766310970719,4,0.25,8.5,27.629566666666665,0.45454545454545453,0.24011544011544006,-0.9542285852109489,0.9105521928336892,3,0.05263157894736842,1,0.0,12,0.013157894736842105,-9.542285852109488
10,1,Pamela Anderson,Damian Whitewood,Model,Canada,42,6,21.0,0.0412174001539566,3.5,10.0,11.0,0.0,0.0,5.038766310970719,0,0.0,6.0,21.0,1.0,0.24011544011544006,0.44421371748503113,0.19732582680187105,2,0.14285714285714285,0,6.5,0,0.0,0.44421371748503113
10,2,Pamela Anderson,Damian Whitewood,Model,Canada,42,6,22.0,0.1121722637115059,4.0,2.0,11.0,0.04761904535147403,0.7071067811865476,5.038766310970719,0,0.0,6.0,21.5,1.0,0.24011544011544006,0.44421371748503113,0.19732582680187105,2,0.14285714285714285,0,6.5,0,0.0,0.8884274349700623
10,3,Pamela Anderson,Damian Whitewood,Model,Canada,42,6,21.0,0.1181414920058841,5.0,2.0,10.0,0.0,0.5773502691896255,5.038766310970719,0,0.0,6.0,21.333333333333332,1.0,0.24011544011544006,0.44421371748503113,0.19732582680187105,2,0.14285714285714285,0,6.5,0,0.0,1.3326411524550934
10,4,Pamela Anderson,Damian Whitewood,Model,Canada,42,6,23.5,0.0886100569220495,3.0,8.0,9.0,0.11904761337868507,1.2583057392117911,5.038766310970719,0,0.0,6.0,22.166666666666668,1.0,0.24011544011544006,0.44421371748503113,0.19732582680187105,2,0.14285714285714285,0,6.5,0,0.0,1.7768548699401245
10,5,Pamela Anderson,Damian Whitewood,Model,Canada,42,6,21.0,0.1272236804946233,5.0,4.0,8.0,0.0,1.4433756729740637,5.038766310970719,0,0.0,6.0,21.833333333333332,1.0,0.24011544011544006,0.44421371748503113,0.19732582680187105,2,0.14285714285714285,0,6.5,0,0.0,2.2210685874251554
10,6,Pamela Anderson,Damian Whitewood,Model,Canada,42,6,29.9998,0.1400705502846839,4.0,4.0,7.0,0.428561884354196,4.645675409812155,5.038766310970719,0,0.0,6.0,24.833266666666663,1.0,0.24011544011544006,0.44421371748503113,0.19732582680187105,2,0.14285714285714285,0,6.5,0,0.0,2.665282304910187
10,7,Pamela Anderson,Damian Whitewood,Model,Canada,42,6,25.5,0.1358944115523962,4.5,6.0,6.0,0.21428570408163314,4.499900000370379,5.038766310970719,0,0.0,6.0,25.49993333333333,1.0,0.24011544011544006,0.44421371748503113,0.19732582680187105,2,0.14285714285714285,0,6.5,0,0.0,3.109496022395218
10,1,Nicole Scherzinger,Derek Hough,Singer/Rapper,United States,31,1,25.0,0.0566668501074691,1.0,7.0,11.0,0.0,0.0,5.038766310970719,5,0.2,4.0,25.0,0.17647058823529413,0.24011544011544006,-0.41038991194028995,0.16841987982235895,2,0.1,1,6.0,10,0.020000000000000004,-0.41038991194028995
10,2,Nicole Scherzinger,Derek Hough,Singer/Rapper,United States,31,1,28.0,0.0695170843262184,1.0,10.0,11.0,0.11999999520000018,2.1213203435596424,5.038766310970719,5,0.2,4.0,26.5,0.17647058823529413,0.24011544011544006,-0.41038991194028995,0.16841987982235895,2,0.1,1,6.0,10,0.020000000000000004,-0.8207798238805799
10,3,Nicole Scherzinger,Derek Hough,Singer/Rapper,United States,31,1,23.0,0.0890466914324142,2.5,7.0,10.0,-0.07999999680000013,2.5166114784235827,5.038766310970719,5,0.2,4.0,25.333333333333332,0.17647058823529413,0.24011544011544006,-0.41038991194028995,0.16841987982235895,2,0.1,1,6.0,10,0.020000000000000004,-1.23116973582087
10,4,Nicole Scherzinger,Derek Hough,Singer/Rapper,United States,31,1,25.0,0.1048435248499798,2.0,6.0,9.0,0.0,2.5166114784235827,5.038766310970719,5,0.2,4.0,25.333333333333332,0.17647058823529413,0.24011544011544006,-0.41038991194028995,0.16841987982235895,2,0.1,1,6.0,10,0.020000000000000004,-1.6415596477611598
10,5,Nicole Scherzinger,Derek Hough,Singer/Rapper,United States,31,1,29.0,0.1159004915473901,1.0,7.0,8.0,0.15999999360000025,3.055050463303892,5.038766310970719,5,0.2,4.0,25.666666666666668,0.17647058823529413,0.24011544011544006,-0.41038991194028995,0.16841987982235895,2,0.1,1,6.0,10,0.020000000000000004,-2.0519495597014497
10,6,Nicole Scherzinger,Derek Hough,Singer/Rapper,United States,31,1,35.9999,0.1254213488787825,1.0,6.0,7.0,0.4399959824001606,5.567710481278036,5.038766310970719,5,0.2,4.0,29.999966666666666,0.17647058823529413,0.24011544011544006,-0.41038991194028995,0.16841987982235895,2,0.1,1,6.0,10,0.020000000000000004,-2.46233947164174
10,7,Nicole Scherzinger,Derek Hough,Singer/Rapper,United States,31,1,27.0,0.1532687266525648,1.5,5.0,6.0,0.07999999680000013,4.725759198619129,5.038766310970719,5,0.2,4.0,30.666633333333333,0.17647058823529413,0.24011544011544006,-0.41038991194028995,0.16841987982235895,2,0.1,1,6.0,10,0.020000000000000004,-2.87272938358203
10,8,Nicole Scherzinger,Derek Hough,Singer/Rapper,United States,31,1,29.5,0.1752784951444354,1.0,4.0,5.0,0.17999999280000029,4.645731015674495,5.038766310970719,5,0.2,4.0,30.833299999999998,0.17647058823529413,0.24011544011544006,-0.41038991194028995,0.16841987982235895,2,0.1,1,6.0,10,0.020000000000000004,-3.2831192955223196
10,9,Nicole Scherzinger,Derek Hough,Singer/Rapper,United States,31,1,29.5,0.2218966441983129,1.5,3.0,4.0,0.17999999280000029,1.4433756729740606,5.038766310970719,5,0.2,4.0,28.666666666666668,0.17647058823529413,0.24011544011544006,-0.41038991194028995,0.16841987982235895,2,0.1,1,6.0,10,0.020000000000000004,-3.6935092074626095
10,10,Nicole Scherzinger,Derek Hough,Singer/Rapper,United States,31,1,28.7777,0.271173505157622,1.0,3.0,3.0,0.1511079939556802,0.4170200994356521,5.038766310970719,5,0.2,4.0,29.25923333333333,0.17647058823529413,0.24011544011544006,-0.41038991194028995,0.16841987982235895,2,0.1,1,6.0,10,0.020000000000000004,-4.103899119402899
10,1,Erin Andrews,Maksim Chmerkoskiy,Sports Broadcaster,United States,32,3,21.0,0.1379436254501276,3.5,3.0,11.0,0.0,0.0,5.038766310970719,7,0.2857142857142857,7.428571428571429,21.0,0.058823529411764705,0.24011544011544006,-0.3326986729016244,0.11068840695050207,2,0.1,1,-0.5,14,0.02857142857142857,-0.3326986729016244
10,2,Erin Andrews,Maksim Chmerkoskiy,Sports Broadcaster,United States,32,3,23.0,0.0861902418820814,3.0,7.0,11.0,0.09523809070294806,1.4142135623730951,5.038766310970719,7,0.2857142857142857,7.428571428571429,22.0,0.058823529411764705,0.24011544011544006,-0.3326986729016244,0.11068840695050207,2,0.1,1,-0.5,14,0.02857142857142857,-0.6653973458032488
10,3,Erin Andrews,Maksim Chmerkoskiy,Sports Broadcaster,United States,32,3,23.0,0.0801525468208934,2.5,9.0,10.0,0.09523809070294806,1.1547005383792517,5.038766310970719,7,0.2857142857142857,7.428571428571429,22.333333333333332,0.058823529411764705,0.24011544011544006,-0.3326986729016244,0.11068840695050207,2,0.1,1,-0.5,14,0.02857142857142857,-0.9980960187048733
10,4,Erin Andrews,Maksim Chmerkoskiy,Sports Broadcaster,United States,32,3,19.5,0.1148951140863271,5.0,4.0,9.0,-0.07142856802721104,2.0207259421636903,5.038766310970719,7,0.2857142857142857,7.428571428571429,21.833333333333332,0.058823529411764705,0.24011544011544006,-0.3326986729016244,0.11068840695050207,2,0.1,1,-0.5,14,0.02857142857142857,-1.3307946916064977
10,5,Erin Andrews,Maksim Chmerkoskiy,Sports Broadcaster,United States,32,3,22.0,0.1385126028656363,4.0,2.0,8.0,0.04761904535147403,1.8027756377319943,5.038766310970719,7,0.2857142857142857,7.428571428571429,21.5,0.058823529411764705,0.24011544011544006,-0.3326986729016244,0.11068840695050207,2,0.1,1,-0.5,14,0.02857142857142857,-1.663493364508122
10,6,Erin Andrews,Maksim Chmerkoskiy,Sports Broadcaster,United States,32,3,34.0,0.1703688108921945,2.0,1.0,7.0,0.6190475895691624,7.75134396948899,5.038766310970719,7,0.2857142857142857,7.428571428571429,25.166666666666668,0.058823529411764705,0.24011544011544006,-0.3326986729016244,0.11068840695050207,2,0.1,1,-0.5,14,0.02857142857142857,-1.9961920374097466
10,7,Erin Andrews,Maksim Chmerkoskiy,Sports Broadcaster,United States,32,3,25.5,0.2081179016761825,4.5,1.0,6.0,0.21428570408163314,6.171169527191205,5.038766310970719,7,0.2857142857142857,7.428571428571429,27.166666666666668,0.058823529411764705,0.24011544011544006,-0.3326986729016244,0.11068840695050207,2,0.1,1,-0.5,14,0.02857142857142857,-2.328890710311371
10,8,Erin Andrews,Maksim Chmerkoskiy,Sports Broadcaster,United States,32,3,26.5,0.2386337736704149,2.5,1.0,5.0,0.26190474943310715,4.645786621588783,5.038766310970719,7,0.2857142857142857,7.428571428571429,28.666666666666668,0.058823529411764705,0.24011544011544006,-0.3326986729016244,0.11068840695050207,2,0.1,1,-0.5,14,0.02857142857142857,-2.6615893832129953
10,9,Erin Andrews,Maksim Chmerkoskiy,Sports Broadcaster,United States,32,3,28.0,0.2875501757869118,3.0,1.0,4.0,0.3333333174603182,1.258305739211787,5.038766310970719,7,0.2857142857142857,7.428571428571429,26.666666666666668,0.058823529411764705,0.24011544011544006,-0.3326986729016244,0.11068840695050207,2,0.1,1,-0.5,14,0.02857142857142857,-2.9942880561146197
10,10,Erin Andrews,Maksim Chmerkoskiy,Sports Broadcaster,United States,32,3,26.9998,0.3669982124431593,2.0,1.0,3.0,0.2857047482997739,0.7637844460317236,5.038766310970719,7,0.2857142857142857,7.428571428571429,27.1666,0.058823529411764705,0.24011544011544006,-0.3326986729016244,0.11068840695050207,2,0.1,1,-0.5,14,0.02857142857142857,-3.326986729016244
10,1,Kate Gosselin,Tony Dovolani,TV Personality,United States,35,8,16.0,0.0553669920003978,9.0,8.0,11.0,0.0,0.0,5.038766310970719,8,0.25,6.375,16.0,0.42857142857142855,0.24011544011544006,-0.09962495578562776,0.009925131815288285,1,0.09090909090909091,1,-1.0,8,0.022727272727272728,-0.09962495578562776
10,2,Kate Gosselin,Tony Dovolani,TV Personality,United States,35,8,15.0,0.0860725207871856,10.0,8.0,11.0,-0.06249999609375024,0.7071067811865476,5.038766310970719,8,0.25,6.375,15.5,0.42857142857142855,0.24011544011544006,-0.09962495578562776,0.009925131815288285,1,0.09090909090909091,1,-1.0,8,0.022727272727272728,-0.19924991157125552
10,3,Kate Gosselin,Tony Dovolani,TV Personality,United States,35,8,15.0,0.1163066827254483,9.0,3.0,10.0,-0.06249999609375024,0.5773502691896258,5.038766310970719,8,0.25,6.375,15.333333333333334,0.42857142857142855,0.24011544011544006,-0.09962495578562776,0.009925131815288285,1,0.09090909090909091,1,-1.0,8,0.022727272727272728,-0.2988748673568833
10,4,Kate Gosselin,Tony Dovolani,TV Personality,United States,35,8,16.0,0.1185201515380992,9.0,3.0,9.0,0.0,0.5773502691896258,5.038766310970719,8,0.25,6.375,15.333333333333334,0.42857142857142855,0.24011544011544006,-0.09962495578562776,0.009925131815288285,1,0.09090909090909091,1,-1.0,8,0.022727272727272728,-0.39849982314251103
10,5,Kate Gosselin,Tony Dovolani,TV Personality,United States,35,8,15.0,0.1211558444144574,8.0,5.0,8.0,-0.06249999609375024,0.5773502691896258,5.038766310970719,8,0.25,6.375,15.333333333333334,0.42857142857142855,0.24011544011544006,-0.09962495578562776,0.009925131815288285,1,0.09090909090909091,1,-1.0,8,0.022727272727272728,-0.4981247789281388
10,1,Jake Pavelka,Chelsie Hightower,TV Personality,United States,32,7,20.0,0.2066102189961952,5.0,1.0,11.0,0.0,0.0,5.038766310970719,2,0.0,6.0,20.0,0.14285714285714285,0.24011544011544006,-0.3326986729016244,0.11068840695050207,1,0.09090909090909091,1,-4.0,2,0.0,-0.3326986729016244
10,2,Jake Pavelka,Chelsie Hightower,TV Personality,United States,32,7,20.0,0.1272436104391818,6.5,1.0,11.0,0.0,0.0,5.038766310970719,2,0.0,6.0,20.0,0.14285714285714285,0.24011544011544006,-0.3326986729016244,0.11068840695050207,1,0.09090909090909091,1,-4.0,2,0.0,-0.6653973458032488
10,3,Jake Pavelka,Chelsie Hightower,TV Personality,United States,32,7,21.0,0.1124486460656258,5.0,4.0,10.0,0.04999999750000012,0.5773502691896263,5.038766310970719,2,0.0,6.0,20.333333333333332,0.14285714285714285,0.24011544011544006,-0.3326986729016244,0.11068840695050207,1,0.09090909090909091,1,-4.0,2,0.0,-0.9980960187048733
10,4,Jake Pavelka,Chelsie Hightower,TV Personality,United States,32,7,19.0,0.1000201709740839,6.0,7.0,9.0,-0.04999999750000012,1.0000000000000004,5.038766310970719,2,0.0,6.0,20.0,0.14285714285714285,0.24011544011544006,-0.3326986729016244,0.11068840695050207,1,0.09090909090909091,1,-4.0,2,0.0,-1.3307946916064977
10,5,Jake Pavelka,Chelsie Hightower,TV Personality,United States,32,7,23.0,0.106986496125219,3.0,8.0,8.0,0.14999999250000037,2.0,5.038766310970719,2,0.0,6.0,21.0,0.14285714285714285,0.24011544011544006,-0.3326986729016244,0.11068840695050207,1,0.09090909090909091,1,-4.0,2,0.0,-1.663493364508122
10,6,Jake Pavelka,Chelsie Hightower,TV Personality,United States,32,7,24.999899999999997,0.1205054189757623,7.0,7.0,7.0,0.24999498750025045,3.055006819959653,5.038766310970719,2,0.0,6.0,22.333299999999998,0.14285714285714285,0.24011544011544006,-0.3326986729016244,0.11068840695050207,1,0.09090909090909091,1,-4.0,2,0.0,-1.9961920374097466
11,1,David Hasselhoff,Kym Johnson,Actor/Actress,United States,58,12,15.0,0.0540793955709582,11.0,11.0,12.0,0.0,0.0,5.705078160591462,7,0.42857142857142855,5.571428571428571,0.0,0.35714285714285715,0.26498015873015873,1.68727354210368,2.846892005883099,2,0.038461538461538464,1,0.0,14,0.016483516483516484,1.68727354210368
11,1,Florence Henderson,Corky Ballas,Actor/Actress,United States,76,8,18.0,0.051916804847584,7.5,12.0,12.0,0.0,0.0,5.705078160591462,1,0.0,7.0,18.0,1.0,0.26498015873015873,3.08571584479966,9.521642274847679,2,0.038461538461538464,1,4.5,2,0.0,3.08571584479966
11,2,Florence Henderson,Corky Ballas,Actor/Actress,United States,76,8,19.0,0.0691736671050063,8.0,11.0,11.0,0.055555552469135974,0.7071067811865476,5.705078160591462,1,0.0,7.0,18.5,1.0,0.26498015873015873,3.08571584479966,9.521642274847679,2,0.038461538461538464,1,4.5,2,0.0,6.17143168959932
11,3,Florence Henderson,Corky Ballas,Actor/Actress,United States,76,8,20.0,0.1087039486921798,7.5,3.0,10.0,0.11111110493827195,1.0,5.705078160591462,1,0.0,7.0,19.0,1.0,0.26498015873015873,3.08571584479966,9.521642274847679,2,0.038461538461538464,1,4.5,2,0.0,9.25714753439898
11,4,Florence Henderson,Corky Ballas,Actor/Actress,United States,76,8,17.5,0.0998186501341476,6.0,7.0,9.0,-0.027777776234567987,1.2583057392117911,5.705078160591462,1,0.0,7.0,18.833333333333332,1.0,0.26498015873015873,3.08571584479966,9.521642274847679,2,0.038461538461538464,1,4.5,2,0.0,12.34286337919864
11,5,Florence Henderson,Corky Ballas,Actor/Actress,United States,76,8,21.0,0.108511056960587,6.0,8.0,8.0,0.1666666574074079,1.8027756377319943,5.705078160591462,1,0.0,7.0,19.5,1.0,0.26498015873015873,3.08571584479966,9.521642274847679,2,0.038461538461538464,1,4.5,2,0.0,15.4285792239983
11,1,Kyle Massey,Lacey Schwimmer,Actor/Actress,United States,19,2,23.0,0.0945400506299752,2.5,5.0,12.0,0.0,0.0,5.705078160591462,3,0.3333333333333333,5.666666666666667,23.0,0.3333333333333333,0.26498015873015873,-1.3426847804042767,1.8028024195292809,2,0.038461538461538464,1,2.5,6,0.01282051282051282,-1.3426847804042767
11,2,Kyle Massey,Lacey Schwimmer,Actor/Actress,United States,19,2,22.0,0.0923182360451132,3.5,5.0,11.0,-0.04347825897920613,0.7071067811865476,5.705078160591462,3,0.3333333333333333,5.666666666666667,22.5,0.3333333333333333,0.26498015873015873,-1.3426847804042767,1.8028024195292809,2,0.038461538461538464,1,2.5,6,0.01282051282051282,-2.6853695608085535
11,3,Kyle Massey,Lacey Schwimmer,Actor/Actress,United States,19,2,23.0,0.084835419986532,5.5,8.0,10.0,0.0,0.5773502691896255,5.705078160591462,3,0.3333333333333333,5.666666666666667,22.666666666666668,0.3333333333333333,0.26498015873015873,-1.3426847804042767,1.8028024195292809,2,0.038461538461538464,1,2.5,6,0.01282051282051282,-4.0280543412128305
11,4,Kyle Massey,Lacey Schwimmer,Actor/Actress,United States,19,2,20.0,0.0982229970003207,4.0,8.0,9.0,-0.1304347769376184,1.5275252316519472,5.705078160591462,3,0.3333333333333333,5.666666666666667,21.666666666666668,0.3333333333333333,0.26498015873015873,-1.3426847804042767,1.8028024195292809,2,0.038461538461538464,1,2.5,6,0.01282051282051282,-5.370739121617107
11,5,Kyle Massey,Lacey Schwimmer,Actor/Actress,United States,19,2,20.0,0.1236944935852901,7.0,5.0,8.0,-0.1304347769376184,1.7320508075688779,5.705078160591462,3,0.3333333333333333,5.666666666666667,21.0,0.3333333333333333,0.26498015873015873,-1.3426847804042767,1.8028024195292809,2,0.038461538461538464,1,2.5,6,0.01282051282051282,-6.7134239020213835
11,6,Kyle Massey,Lacey Schwimmer,Actor/Actress,United States,19,2,29.999899999999997,0.1674980842594067,4.0,1.0,7.0,0.30434346502854487,5.773444956869337,5.705078160591462,3,0.3333333333333333,5.666666666666667,23.333299999999998,0.3333333333333333,0.26498015873015873,-1.3426847804042767,1.8028024195292809,2,0.038461538461538464,1,2.5,6,0.01282051282051282,-8.056108682425661
11,7,Kyle Massey,Lacey Schwimmer,Actor/Actress,United States,19,2,33.5,0.1872604369332478,5.0,2.0,6.0,0.45652171928166435,7.005934389501518,5.705078160591462,3,0.3333333333333333,5.666666666666667,27.833299999999998,0.3333333333333333,0.26498015873015873,-1.3426847804042767,1.8028024195292809,2,0.038461538461538464,1,2.5,6,0.01282051282051282,-9.398793462829937
11,8,Kyle Massey,Lacey Schwimmer,Actor/Actress,United States,19,2,28.0,0.2291439050660252,3.0,1.0,5.0,0.21739129489603065,2.7838911622643137,5.705078160591462,3,0.3333333333333333,5.666666666666667,30.499966666666666,0.3333333333333333,0.26498015873015873,-1.3426847804042767,1.8028024195292809,2,0.038461538461538464,1,2.5,6,0.01282051282051282,-10.741478243234214
11,9,Kyle Massey,Lacey Schwimmer,Actor/Actress,United States,19,2,29.0,0.2527411296104606,2.0,3.0,4.0,0.2608695538752368,2.9297326385411604,5.705078160591462,3,0.3333333333333333,5.666666666666667,30.166666666666668,0.3333333333333333,0.26498015873015873,-1.3426847804042767,1.8028024195292809,2,0.038461538461538464,1,2.5,6,0.01282051282051282,-12.08416302363849
11,10,Kyle Massey,Lacey Schwimmer,Actor/Actress,United States,19,2,27.333199999999998,0.3126173532749817,2.0,3.0,3.0,0.1883999918086959,0.8389323055725978,5.705078160591462,3,0.3333333333333333,5.666666666666667,28.11106666666667,0.3333333333333333,0.26498015873015873,-1.3426847804042767,1.8028024195292809,2,0.038461538461538464,1,2.5,6,0.01282051282051282,-13.426847804042767
11,1,Jennifer Grey,Derek Hough,Actor/Actress,United States,50,1,24.0,0.0869724711145979,1.0,7.0,12.0,0.0,0.0,5.705078160591462,6,0.3333333333333333,3.5,24.0,0.35294117647058826,0.26498015873015873,1.0657436297943557,1.1358094844472486,2,0.038461538461538464,1,6.0,12,0.01282051282051282,1.0657436297943557
11,2,Jennifer Grey,Derek Hough,Actor/Actress,United States,50,1,24.0,0.0895608790843329,1.0,7.0,11.0,0.0,0.0,5.705078160591462,6,0.3333333333333333,3.5,24.0,0.35294117647058826,0.26498015873015873,1.0657436297943557,1.1358094844472486,2,0.038461538461538464,1,6.0,12,0.01282051282051282,2.1314872595887113
11,3,Jennifer Grey,Derek Hough,Actor/Actress,United States,50,1,24.0,0.1157129023359395,3.0,2.0,10.0,0.0,0.0,5.705078160591462,6,0.3333333333333333,3.5,24.0,0.35294117647058826,0.26498015873015873,1.0657436297943557,1.1358094844472486,2,0.038461538461538464,1,6.0,12,0.01282051282051282,3.197230889383067
11,4,Jennifer Grey,Derek Hough,Actor/Actress,United States,50,1,28.0,0.1298076895747442,1.0,1.0,9.0,0.1666666597222225,2.3094010767585034,5.705078160591462,6,0.3333333333333333,3.5,25.333333333333332,0.35294117647058826,0.26498015873015873,1.0657436297943557,1.1358094844472486,2,0.038461538461538464,1,6.0,12,0.01282051282051282,4.262974519177423
11,5,Jennifer Grey,Derek Hough,Actor/Actress,United States,50,1,25.0,0.1349733811087119,2.0,2.0,8.0,0.041666664930555625,2.0816659994661335,5.705078160591462,6,0.3333333333333333,3.5,25.666666666666668,0.35294117647058826,0.26498015873015873,1.0657436297943557,1.1358094844472486,2,0.038461538461538464,1,6.0,12,0.01282051282051282,5.328718148971778
11,6,Jennifer Grey,Derek Hough,Actor/Actress,United States,50,1,29.0,0.1543675639092132,5.0,3.0,7.0,0.20833332465277812,2.0816659994661335,5.705078160591462,6,0.3333333333333333,3.5,27.333333333333332,0.35294117647058826,0.26498015873015873,1.0657436297943557,1.1358094844472486,2,0.038461538461538464,1,6.0,12,0.01282051282051282,6.394461778766134
11,7,Jennifer Grey,Derek Hough,Actor/Actress,United States,50,1,36.5,0.1908887248174969,1.5,1.0,6.0,0.5208333116319454,5.838093296045664,5.705078160591462,6,0.3333333333333333,3.5,30.166666666666668,0.35294117647058826,0.26498015873015873,1.0657436297943557,1.1358094844472486,2,0.038461538461538464,1,6.0,12,0.01282051282051282,7.46020540856049
11,8,Jennifer Grey,Derek Hough,Actor/Actress,United States,50,1,28.5,0.2258363366712154,1.5,2.0,5.0,0.18749999218750033,4.481443219916249,5.705078160591462,6,0.3333333333333333,3.5,31.333333333333332,0.35294117647058826,0.26498015873015873,1.0657436297943557,1.1358094844472486,2,0.038461538461538464,1,6.0,12,0.01282051282051282,8.525949038354845
11,9,Jennifer Grey,Derek Hough,Actor/Actress,United States,50,1,30.0,0.2713725673425889,1.0,2.0,4.0,0.24999998958333375,4.25245027405769,5.705078160591462,6,0.3333333333333333,3.5,31.666666666666668,0.35294117647058826,0.26498015873015873,1.0657436297943557,1.1358094844472486,2,0.038461538461538464,1,6.0,12,0.01282051282051282,9.5916926681492
11,10,Jennifer Grey,Derek Hough,Actor/Actress,United States,50,1,30.0,0.3431282352561223,1.0,2.0,3.0,0.24999998958333375,0.8660254037844366,5.705078160591462,6,0.3333333333333333,3.5,29.5,0.35294117647058826,0.26498015873015873,1.0657436297943557,1.1358094844472486,2,0.038461538461538464,1,6.0,12,0.01282051282051282,10.657436297943557
11,1,Rick Fox,Cheryl Burke,Athlete,Canada,41,6,22.0,0.0969294569289691,4.0,3.0,12.0,0.0,0.0,5.705078160591462,9,0.4444444444444444,4.777777777777778,22.0,0.36,0.26498015873015873,0.3665224784463656,0.13433872720646653,3,0.06666666666666667,0,-1.0,27,0.029629629629629627,0.3665224784463656
11,2,Rick Fox,Cheryl Burke,Athlete,Canada,41,6,21.0,0.0832909642780103,6.0,8.0,11.0,-0.045454543388429844,0.7071067811865476,5.705078160591462,9,0.4444444444444444,4.777777777777778,21.5,0.36,0.26498015873015873,0.3665224784463656,0.13433872720646653,3,0.06666666666666667,0,-1.0,27,0.029629629629629627,0.7330449568927312
11,3,Rick Fox,Cheryl Burke,Athlete,Canada,41,6,24.0,0.1032717954451742,3.0,4.0,10.0,0.09090908677685969,1.5275252316519472,5.705078160591462,9,0.4444444444444444,4.777777777777778,22.333333333333332,0.36,0.26498015873015873,0.3665224784463656,0.13433872720646653,3,0.06666666666666667,0,-1.0,27,0.029629629629629627,1.0995674353390967
11,4,Rick Fox,Cheryl Burke,Athlete,Canada,41,6,19.5,0.1228428436319685,5.0,3.0,9.0,-0.1136363584710746,2.2912878474779204,5.705078160591462,9,0.4444444444444444,4.777777777777778,21.5,0.36,0.26498015873015873,0.3665224784463656,0.13433872720646653,3,0.06666666666666667,0,-1.0,27,0.029629629629629627,1.4660899137854624
11,5,Rick Fox,Cheryl Burke,Athlete,Canada,41,6,24.0,0.135421190016765,3.5,1.0,8.0,0.09090908677685969,2.5980762113533165,5.705078160591462,9,0.4444444444444444,4.777777777777778,22.5,0.36,0.26498015873015873,0.3665224784463656,0.13433872720646653,3,0.06666666666666667,0,-1.0,27,0.029629629629629627,1.832612392231828
11,6,Rick Fox,Cheryl Burke,Athlete,Canada,41,6,30.0,0.1386473891898036,3.0,5.0,7.0,0.36363634710743875,5.267826876426369,5.705078160591462,9,0.4444444444444444,4.777777777777778,24.5,0.36,0.26498015873015873,0.3665224784463656,0.13433872720646653,3,0.06666666666666667,0,-1.0,27,0.029629629629629627,2.1991348706781935
11,7,Rick Fox,Cheryl Burke,Athlete,Canada,41,6,34.5,0.1298820120514644,4.0,6.0,6.0,0.568181792355373,5.267826876426369,5.705078160591462,9,0.4444444444444444,4.777777777777778,29.5,0.36,0.26498015873015873,0.3665224784463656,0.13433872720646653,3,0.06666666666666667,0,-1.0,27,0.029629629629629627,2.5656573491245593
11,1,Kurt Warner,Anna Trebunskaya,Athlete,United States,39,5,19.0,0.0891066591885811,5.5,6.0,12.0,0.0,0.0,5.705078160591462,5,0.4,7.2,19.0,0.45454545454545453,0.26498015873015873,0.21114000036903446,0.04458009975583587,3,0.06666666666666667,1,0.5,15,0.02666666666666667,0.21114000036903446
11,2,Kurt Warner,Anna Trebunskaya,Athlete,United States,39,5,21.0,0.0827766526555404,6.0,9.0,11.0,0.10526315235457093,1.4142135623730951,5.705078160591462,5,0.4,7.2,20.0,0.45454545454545453,0.26498015873015873,0.21114000036903446,0.04458009975583587,3,0.06666666666666667,1,0.5,15,0.02666666666666667,0.42228000073806893
11,3,Kurt Warner,Anna Trebunskaya,Athlete,United States,39,5,23.0,0.1324077521158666,5.5,1.0,10.0,0.21052630470914185,2.0,5.705078160591462,5,0.4,7.2,21.0,0.45454545454545453,0.26498015873015873,0.21114000036903446,0.04458009975583587,3,0.06666666666666667,1,0.5,15,0.02666666666666667,0.6334200011071034
11,4,Kurt Warner,Anna Trebunskaya,Athlete,United States,39,5,17.0,0.1129105569369929,7.0,4.0,9.0,-0.10526315235457093,3.055050463303893,5.705078160591462,5,0.4,7.2,20.333333333333332,0.45454545454545453,0.26498015873015873,0.21114000036903446,0.04458009975583587,3,0.06666666666666667,1,0.5,15,0.02666666666666667,0.8445600014761379
11,5,Kurt Warner,Anna Trebunskaya,Athlete,United States,39,5,24.0,0.1347209760084664,3.5,3.0,8.0,0.26315788088642733,3.7859388972001824,5.705078160591462,5,0.4,7.2,21.333333333333332,0.45454545454545453,0.26498015873015873,0.21114000036903446,0.04458009975583587,3,0.06666666666666667,1,0.5,15,0.02666666666666667,1.0557000018451723
11,6,Kurt Warner,Anna Trebunskaya,Athlete,United States,39,5,21.9999,0.1613176462830486,7.0,2.0,7.0,0.15788946537423867,3.605537408394667,5.705078160591462,5,0.4,7.2,20.999966666666666,0.45454545454545453,0.26498015873015873,0.21114000036903446,0.04458009975583587,3,0.06666666666666667,1,0.5,15,0.02666666666666667,1.2668400022142068
11,7,Kurt Warner,Anna Trebunskaya,Athlete,United States,39,5,35.0,0.1554493983203119,3.0,4.0,6.0,0.8421052188365674,7.000035714432702,5.705078160591462,5,0.4,7.2,26.999966666666666,0.45454545454545453,0.26498015873015873,0.21114000036903446,0.04458009975583587,3,0.06666666666666667,1,0.5,15,0.02666666666666667,1.4779800025832412
11,8,Kurt Warner,Anna Trebunskaya,Athlete,United States,39,5,24.0,0.1596330203320649,4.0,5.0,5.0,0.26315788088642733,7.000035714432702,5.705078160591462,5,0.4,7.2,26.999966666666666,0.45454545454545453,0.26498015873015873,0.21114000036903446,0.04458009975583587,3,0.06666666666666667,1,0.5,15,0.02666666666666667,1.6891200029522757
11,1,Margaret Cho,Louis van Amstel,Comedian,United States,41,10,15.0,0.0777094443077271,11.0,8.0,12.0,0.0,0.0,5.705078160591462,6,0.16666666666666666,5.0,15.0,0.09090909090909091,0.26498015873015873,0.3665224784463656,0.13433872720646653,1,0.3333333333333333,1,-3.0,6,0.05555555555555555,0.3665224784463656
11,2,Margaret Cho,Louis van Amstel,Comedian,United States,41,10,18.0,0.1013510427496988,9.5,4.0,11.0,0.19999998666666757,2.1213203435596424,5.705078160591462,6,0.16666666666666666,5.0,16.5,0.09090909090909091,0.26498015873015873,0.3665224784463656,0.13433872720646653,1,0.3333333333333333,1,-3.0,6,0.05555555555555555,0.7330449568927312
11,3,Margaret Cho,Louis van Amstel,Comedian,United States,41,10,18.0,0.0809772850310119,10.0,9.0,10.0,0.19999998666666757,1.7320508075688772,5.705078160591462,6,0.16666666666666666,5.0,17.0,0.09090909090909091,0.26498015873015873,0.3665224784463656,0.13433872720646653,1,0.3333333333333333,1,-3.0,6,0.05555555555555555,1.0995674353390967
11,1,Michael Bolton,Chelsie Hightower,Singer/Rapper,United States,57,11,16.0,0.0691003500012929,9.0,10.0,12.0,0.0,0.0,5.705078160591462,3,0.0,6.333333333333333,16.0,0.2857142857142857,0.26498015873015873,1.6095823030650145,2.5907551903400763,2,0.09090909090909091,1,1.0,6,0.0,1.6095823030650145
11,2,Michael Bolton,Chelsie Hightower,Singer/Rapper,United States,57,11,12.0,0.0754181307282591,11.0,10.0,11.0,-0.24999998437500096,0.0,5.705078160591462,3,0.0,6.333333333333333,14.0,0.2857142857142857,0.26498015873015873,1.6095823030650145,2.5907551903400763,2,0.09090909090909091,1,1.0,6,0.0,3.219164606130029
11,1,Brandy,Maksim Chmerkoskiy,Singer/Rapper,United States,31,4,23.0,0.1041654302906727,2.5,2.0,12.0,0.0,0.0,5.705078160591462,8,0.375,6.875,23.0,0.17647058823529413,0.26498015873015873,-0.41038991194028995,0.16841987982235895,2,0.09090909090909091,1,-0.5,16,0.03409090909090909,-0.41038991194028995
11,2,Brandy,Maksim Chmerkoskiy,Singer/Rapper,United States,31,4,21.0,0.1052388687569583,6.0,2.0,11.0,-0.08695651795841226,1.4142135623730951,5.705078160591462,8,0.375,6.875,22.0,0.17647058823529413,0.26498015873015873,-0.41038991194028995,0.16841987982235895,2,0.09090909090909091,1,-0.5,16,0.03409090909090909,-0.8207798238805799
11,3,Brandy,Maksim Chmerkoskiy,Singer/Rapper,United States,31,4,24.0,0.097685522711736,3.0,6.0,10.0,0.04347825897920613,1.5275252316519463,5.705078160591462,8,0.375,6.875,22.666666666666668,0.17647058823529413,0.26498015873015873,-0.41038991194028995,0.16841987982235895,2,0.09090909090909091,1,-0.5,16,0.03409090909090909,-1.23116973582087
11,4,Brandy,Maksim Chmerkoskiy,Singer/Rapper,United States,31,4,24.0,0.12732291448639,2.0,2.0,9.0,0.04347825897920613,1.732050807568877,5.705078160591462,8,0.375,6.875,23.0,0.17647058823529413,0.26498015873015873,-0.41038991194028995,0.16841987982235895,2,0.09090909090909091,1,-0.5,16,0.03409090909090909,-1.6415596477611598
11,5,Brandy,Maksim Chmerkoskiy,Singer/Rapper,United States,31,4,27.0,0.1098876815998514,1.0,7.0,8.0,0.17391303591682453,1.732050807568877,5.705078160591462,8,0.375,6.875,25.0,0.17647058823529413,0.26498015873015873,-0.41038991194028995,0.16841987982235895,2,0.09090909090909091,1,-0.5,16,0.03409090909090909,-2.0519495597014497
11,6,Brandy,Maksim Chmerkoskiy,Singer/Rapper,United States,31,4,35.9999,0.1138108821800899,1.0,6.0,7.0,0.5652130189037816,6.2449419535599615,5.705078160591462,8,0.375,6.875,28.999966666666666,0.17647058823529413,0.26498015873015873,-0.41038991194028995,0.16841987982235895,2,0.09090909090909091,1,-0.5,16,0.03409090909090909,-2.46233947164174
11,7,Brandy,Maksim Chmerkoskiy,Singer/Rapper,United States,31,4,36.5,0.1537703382444693,1.5,5.0,6.0,0.5869564962192827,5.3463118131412175,5.705078160591462,8,0.375,6.875,33.16663333333333,0.17647058823529413,0.26498015873015873,-0.41038991194028995,0.16841987982235895,2,0.09090909090909091,1,-0.5,16,0.03409090909090909,-2.87272938358203
11,8,Brandy,Maksim Chmerkoskiy,Singer/Rapper,United States,31,4,28.5,0.1626392031070503,1.5,4.0,5.0,0.2391304243856337,4.4814171869324255,5.705078160591462,8,0.375,6.875,33.66663333333333,0.17647058823529413,0.26498015873015873,-0.41038991194028995,0.16841987982235895,2,0.09090909090909091,1,-0.5,16,0.03409090909090909,-3.2831192955223196
11,9,Brandy,Maksim Chmerkoskiy,Singer/Rapper,United States,31,4,28.5,0.1837729553798557,3.0,4.0,4.0,0.2391304243856337,4.618802153517007,5.705078160591462,8,0.375,6.875,31.166666666666668,0.17647058823529413,0.26498015873015873,-0.41038991194028995,0.16841987982235895,2,0.09090909090909091,1,-0.5,16,0.03409090909090909,-3.6935092074626095
11,1,The Situation,Karina Smirnoff,TV Personality,United States,28,9,15.0,0.0746410396849942,11.0,9.0,12.0,0.0,0.0,5.705078160591462,7,0.14285714285714285,6.428571428571429,15.0,0.1111111111111111,0.26498015873015873,-0.6434636290562866,0.4140454419182864,1,0.05,1,-2.0,7,0.007142857142857143,-0.6434636290562866
11,2,The Situation,Karina Smirnoff,TV Personality,United States,28,9,18.0,0.1036028330040396,9.5,3.0,11.0,0.19999998666666757,2.1213203435596424,5.705078160591462,7,0.14285714285714285,6.428571428571429,16.5,0.1111111111111111,0.26498015873015873,-0.6434636290562866,0.4140454419182864,1,0.05,1,-2.0,7,0.007142857142857143,-1.2869272581125732
11,3,The Situation,Karina Smirnoff,TV Personality,United States,28,9,20.0,0.0790551051876368,7.5,10.0,10.0,0.3333333111111126,2.5166114784235827,5.705078160591462,7,0.14285714285714285,6.428571428571429,17.666666666666668,0.1111111111111111,0.26498015873015873,-0.6434636290562866,0.4140454419182864,1,0.05,1,-2.0,7,0.007142857142857143,-1.9303908871688598
11,4,The Situation,Karina Smirnoff,TV Personality,United States,28,9,14.0,0.0890908429648563,9.0,9.0,9.0,-0.06666666222222252,3.055050463303892,5.705078160591462,7,0.14285714285714285,6.428571428571429,17.333333333333332,0.1111111111111111,0.26498015873015873,-0.6434636290562866,0.4140454419182864,1,0.05,1,-2.0,7,0.007142857142857143,-2.5738545162251465
11,1,Audrina Patridge,Tony Dovolani,TV Personality,United States,25,7,19.0,0.0947441790913068,5.5,4.0,12.0,0.0,0.0,5.705078160591462,9,0.2222222222222222,6.555555555555555,19.0,0.42857142857142855,0.26498015873015873,-0.8765373461722833,0.7683177192347492,1,0.05,1,-1.5,9,0.011111111111111112,-0.8765373461722833
11,2,Audrina Patridge,Tony Dovolani,TV Personality,United States,25,7,23.0,0.106731441181439,2.0,1.0,11.0,0.21052630470914185,2.8284271247461903,5.705078160591462,9,0.2222222222222222,6.555555555555555,21.0,0.42857142857142855,0.26498015873015873,-0.8765373461722833,0.7683177192347492,1,0.05,1,-1.5,9,0.011111111111111112,-1.7530746923445666
11,3,Audrina Patridge,Tony Dovolani,TV Personality,United States,25,7,26.0,0.0953871585195189,1.0,7.0,10.0,0.36842103324099823,3.5118845842842457,5.705078160591462,9,0.2222222222222222,6.555555555555555,22.666666666666668,0.42857142857142855,0.26498015873015873,-0.8765373461722833,0.7683177192347492,1,0.05,1,-1.5,9,0.011111111111111112,-2.62961203851685
11,4,Audrina Patridge,Tony Dovolani,TV Personality,United States,25,7,23.0,0.1071451018153199,3.0,6.0,9.0,0.21052630470914185,1.7320508075688759,5.705078160591462,9,0.2222222222222222,6.555555555555555,24.0,0.42857142857142855,0.26498015873015873,-0.8765373461722833,0.7683177192347492,1,0.05,1,-1.5,9,0.011111111111111112,-3.506149384689133
11,5,Audrina Patridge,Tony Dovolani,TV Personality,United States,25,7,23.0,0.1214452419345175,5.0,6.0,8.0,0.21052630470914185,1.7320508075688759,5.705078160591462,9,0.2222222222222222,6.555555555555555,24.0,0.42857142857142855,0.26498015873015873,-0.8765373461722833,0.7683177192347492,1,0.05,1,-1.5,9,0.011111111111111112,-4.382686730861416
11,6,Audrina Patridge,Tony Dovolani,TV Personality,United States,25,7,31.9998,0.1119545751226704,2.0,7.0,7.0,0.6841999639894756,5.1960369526527925,5.705078160591462,9,0.2222222222222222,6.555555555555555,25.99993333333333,0.42857142857142855,0.26498015873015873,-0.8765373461722833,0.7683177192347492,1,0.05,1,-1.5,9,0.011111111111111112,-5.2592240770337
11,1,Bristol Palin,Mark Ballas,TV Personality,United States,19,3,18.0,0.1060947183433403,7.5,1.0,12.0,0.0,0.0,5.705078160591462,6,0.3333333333333333,6.666666666666667,18.0,0.2857142857142857,0.26498015873015873,-1.3426847804042767,1.8028024195292809,1,0.05,1,-6.5,6,0.016666666666666666,-1.3426847804042767
11,2,Bristol Palin,Mark Ballas,TV Personality,United States,19,3,22.0,0.0905372844116017,3.5,6.0,11.0,0.2222222098765439,2.8284271247461903,5.705078160591462,6,0.3333333333333333,6.666666666666667,20.0,0.2857142857142857,0.26498015873015873,-1.3426847804042767,1.8028024195292809,1,0.05,1,-6.5,6,0.016666666666666666,-2.6853695608085535
11,3,Bristol Palin,Mark Ballas,TV Personality,United States,19,3,19.0,0.1019631099744039,9.0,5.0,10.0,0.055555552469135974,2.081665999466133,5.705078160591462,6,0.3333333333333333,6.666666666666667,19.666666666666668,0.2857142857142857,0.26498015873015873,-1.3426847804042767,1.8028024195292809,1,0.05,1,-6.5,6,0.016666666666666666,-4.0280543412128305
11,4,Bristol Palin,Mark Ballas,TV Personality,United States,19,3,16.0,0.1128384034552597,8.0,5.0,9.0,-0.11111110493827195,3.0,5.705078160591462,6,0.3333333333333333,6.666666666666667,19.0,0.2857142857142857,0.26498015873015873,-1.3426847804042767,1.8028024195292809,1,0.05,1,-6.5,6,0.016666666666666666,-5.370739121617107
11,5,Bristol Palin,Mark Ballas,TV Personality,United States,19,3,18.0,0.1313459787858102,8.0,4.0,8.0,0.0,1.5275252316519465,5.705078160591462,6,0.3333333333333333,6.666666666666667,17.666666666666668,0.2857142857142857,0.26498015873015873,-1.3426847804042767,1.8028024195292809,1,0.05,1,-6.5,6,0.016666666666666666,-6.7134239020213835
11,6,Bristol Palin,Mark Ballas,TV Personality,United States,19,3,27.9998,0.1524038590557674,6.0,4.0,7.0,0.5555444135808659,6.428986442667306,5.705078160591462,6,0.3333333333333333,6.666666666666667,20.6666,0.2857142857142857,0.26498015873015873,-1.3426847804042767,1.8028024195292809,1,0.05,1,-6.5,6,0.016666666666666666,-8.056108682425661
11,7,Bristol Palin,Mark Ballas,TV Personality,United States,19,3,32.5,0.1827490896330094,6.0,3.0,6.0,0.8055555108024716,7.421789991639486,5.705078160591462,6,0.3333333333333333,6.666666666666667,26.1666,0.2857142857142857,0.26498015873015873,-1.3426847804042767,1.8028024195292809,1,0.05,1,-6.5,6,0.016666666666666666,-9.398793462829937
11,8,Bristol Palin,Mark Ballas,TV Personality,United States,19,3,23.5,0.2227475348236442,5.0,3.0,5.0,0.30555553858024787,4.500000001481486,5.705078160591462,6,0.3333333333333333,6.666666666666667,27.99993333333333,0.2857142857142857,0.26498015873015873,-1.3426847804042767,1.8028024195292809,1,0.05,1,-6.5,6,0.016666666666666666,-10.741478243234214
11,9,Bristol Palin,Mark Ballas,TV Personality,United States,19,3,26.5,0.2921133476670948,4.0,1.0,4.0,0.47222219598765575,4.582575694955844,5.705078160591462,6,0.3333333333333333,6.666666666666667,27.5,0.2857142857142857,0.26498015873015873,-1.3426847804042767,1.8028024195292809,1,0.05,1,-6.5,6,0.016666666666666666,-12.08416302363849
11,10,Bristol Palin,Mark Ballas,TV Personality,United States,19,3,25.6666,0.344254411468896,3.0,1.0,3.0,0.4259221985598778,1.5485859743650046,5.705078160591462,6,0.3333333333333333,6.666666666666667,25.2222,0.2857142857142857,0.26498015873015873,-1.3426847804042767,1.8028024195292809,1,0.05,1,-6.5,6,0.016666666666666666,-13.426847804042767
12,1,Ralph Macchio,Karina Smirnoff,Actor/Actress,United States,49,4,24.0,0.0950166791776224,1.0,7.0,11.0,0.0,0.0,4.69045810116849,8,0.125,6.75,24.0,0.2222222222222222,0.3034632034632035,0.9880523907556901,0.9762475268780348,2,0.034482758620689655,1,6.0,16,0.004310344827586207,0.9880523907556901
12,2,Ralph Macchio,Karina Smirnoff,Actor/Actress,United States,49,4,21.0,0.0901056515786984,4.0,6.0,11.0,-0.12499999479166687,2.1213203435596424,4.69045810116849,8,0.125,6.75,22.5,0.2222222222222222,0.3034632034632035,0.9880523907556901,0.9762475268780348,2,0.034482758620689655,1,6.0,16,0.004310344827586207,1.9761047815113801
12,3,Ralph Macchio,Karina Smirnoff,Actor/Actress,United States,49,4,21.0,0.1056154771821384,6.0,3.0,10.0,-0.12499999479166687,1.7320508075688772,4.69045810116849,8,0.125,6.75,22.0,0.2222222222222222,0.3034632034632035,0.9880523907556901,0.9762475268780348,2,0.034482758620689655,1,6.0,16,0.004310344827586207,2.96415717226707
12,4,Ralph Macchio,Karina Smirnoff,Actor/Actress,United States,49,4,25.0,0.1368370580589611,2.5,1.0,9.0,0.041666664930555625,2.3094010767585034,4.69045810116849,8,0.125,6.75,22.333333333333332,0.2222222222222222,0.3034632034632035,0.9880523907556901,0.9762475268780348,2,0.034482758620689655,1,6.0,16,0.004310344827586207,3.9522095630227603
12,5,Ralph Macchio,Karina Smirnoff,Actor/Actress,United States,49,4,22.0,0.1444636405245328,7.0,1.0,8.0,-0.08333332986111125,2.0816659994661335,4.69045810116849,8,0.125,6.75,22.666666666666668,0.2222222222222222,0.3034632034632035,0.9880523907556901,0.9762475268780348,2,0.034482758620689655,1,6.0,16,0.004310344827586207,4.9402619537784505
12,6,Ralph Macchio,Karina Smirnoff,Actor/Actress,United States,49,4,24.0,0.1585032270006269,6.0,2.0,7.0,0.0,1.5275252316519474,4.69045810116849,8,0.125,6.75,23.666666666666668,0.2222222222222222,0.3034632034632035,0.9880523907556901,0.9762475268780348,2,0.034482758620689655,1,6.0,16,0.004310344827586207,5.92831434453414
12,7,Ralph Macchio,Karina Smirnoff,Actor/Actress,United States,49,4,33.0,0.1715277940090368,1.5,4.0,6.0,0.37499998437500065,5.859465277082316,4.69045810116849,8,0.125,6.75,26.333333333333332,0.2222222222222222,0.3034632034632035,0.9880523907556901,0.9762475268780348,2,0.034482758620689655,1,6.0,16,0.004310344827586207,6.916366735289831
12,8,Ralph Macchio,Karina Smirnoff,Actor/Actress,United States,49,4,23.0,0.1876575185484447,5.0,4.0,5.0,-0.041666664930555625,5.507570547286104,4.69045810116849,8,0.125,6.75,26.666666666666668,0.2222222222222222,0.3034632034632035,0.9880523907556901,0.9762475268780348,2,0.034482758620689655,1,6.0,16,0.004310344827586207,7.9044191260455205
12,9,Ralph Macchio,Karina Smirnoff,Actor/Actress,United States,49,4,24.0,0.2026847042178328,4.0,4.0,4.0,0.0,5.507570547286104,4.69045810116849,8,0.125,6.75,26.666666666666668,0.2222222222222222,0.3034632034632035,0.9880523907556901,0.9762475268780348,2,0.034482758620689655,1,6.0,16,0.004310344827586207,8.89247151680121
12,1,Chelsea Kane,Mark Ballas,Actor/Actress,United States,22,3,21.0,0.1381503900859099,3.5,2.0,11.0,0.0,0.0,4.69045810116849,7,0.42857142857142855,6.142857142857143,21.0,0.3333333333333333,0.3034632034632035,-1.10961106328828,1.2312367117717475,2,0.034482758620689655,1,-1.5,14,0.014778325123152709,-1.10961106328828
12,2,Chelsea Kane,Mark Ballas,Actor/Actress,United States,22,3,18.0,0.1073849454149523,7.5,2.0,11.0,-0.14285713605442207,2.1213203435596424,4.69045810116849,7,0.42857142857142855,6.142857142857143,19.5,0.3333333333333333,0.3034632034632035,-1.10961106328828,1.2312367117717475,2,0.034482758620689655,1,-1.5,14,0.014778325123152709,-2.21922212657656
12,3,Chelsea Kane,Mark Ballas,Actor/Actress,United States,22,3,23.0,0.0987344075409102,3.5,7.0,10.0,0.09523809070294806,2.5166114784235827,4.69045810116849,7,0.42857142857142855,6.142857142857143,20.666666666666668,0.3333333333333333,0.3034632034632035,-1.10961106328828,1.2312367117717475,2,0.034482758620689655,1,-1.5,14,0.014778325123152709,-3.3288331898648402
12,4,Chelsea Kane,Mark Ballas,Actor/Actress,United States,22,3,26.0,0.11006636541166,1.0,5.0,9.0,0.23809522675737013,4.041451884327381,4.69045810116849,7,0.42857142857142855,6.142857142857143,22.333333333333332,0.3333333333333333,0.3034632034632035,-1.10961106328828,1.2312367117717475,2,0.034482758620689655,1,-1.5,14,0.014778325123152709,-4.43844425315312
12,5,Chelsea Kane,Mark Ballas,Actor/Actress,United States,22,3,26.0,0.1314252971329634,3.0,2.0,8.0,0.23809522675737013,1.7320508075688794,4.69045810116849,7,0.42857142857142855,6.142857142857143,25.0,0.3333333333333333,0.3034632034632035,-1.10961106328828,1.2312367117717475,2,0.034482758620689655,1,-1.5,14,0.014778325123152709,-5.548055316441401
12,6,Chelsea Kane,Mark Ballas,Actor/Actress,United States,22,3,28.0,0.1659790620642639,1.5,1.0,7.0,0.3333333174603182,1.1547005383792541,4.69045810116849,7,0.42857142857142855,6.142857142857143,26.666666666666668,0.3333333333333333,0.3034632034632035,-1.10961106328828,1.2312367117717475,2,0.034482758620689655,1,-1.5,14,0.014778325123152709,-6.6576663797296805
12,7,Chelsea Kane,Mark Ballas,Actor/Actress,United States,22,3,32.0,0.2006934087707084,3.0,1.0,6.0,0.5238094988662143,3.0550504633038935,4.69045810116849,7,0.42857142857142855,6.142857142857143,28.666666666666668,0.3333333333333333,0.3034632034632035,-1.10961106328828,1.2312367117717475,2,0.034482758620689655,1,-1.5,14,0.014778325123152709,-7.76727744301796
12,8,Chelsea Kane,Mark Ballas,Actor/Actress,United States,22,3,27.5,0.2422162225719134,1.0,1.0,5.0,0.3095237947845812,2.466441431158124,4.69045810116849,7,0.42857142857142855,6.142857142857143,29.166666666666668,0.3333333333333333,0.3034632034632035,-1.10961106328828,1.2312367117717475,2,0.034482758620689655,1,-1.5,14,0.014778325123152709,-8.87688850630624
12,9,Chelsea Kane,Mark Ballas,Actor/Actress,United States,22,3,36.5,0.294189739023655,1.0,1.0,4.0,0.7380952029478475,4.5,4.69045810116849,7,0.42857142857142855,6.142857142857143,32.0,0.3333333333333333,0.3034632034632035,-1.10961106328828,1.2312367117717475,2,0.034482758620689655,1,-1.5,14,0.014778325123152709,-9.986499569594521
12,10,Chelsea Kane,Mark Ballas,Actor/Actress,United States,22,3,29.666600000000003,0.3644876398426516,1.5,1.0,3.0,0.41269521844308493,4.697330999620955,4.69045810116849,7,0.42857142857142855,6.142857142857143,31.2222,0.3333333333333333,0.3034632034632035,-1.10961106328828,1.2312367117717475,2,0.034482758620689655,1,-1.5,14,0.014778325123152709,-11.096110632882802
12,1,Kirstie Alley,Maksim Chmerkoskiy,Actor/Actress,United States,60,2,23.0,0.1261069952607031,2.0,3.0,11.0,0.0,0.0,4.69045810116849,9,0.3333333333333333,6.555555555555555,23.0,0.4117647058823529,0.3034632034632035,1.8426560201810112,3.395381208709323,2,0.034482758620689655,1,1.0,18,0.011494252873563218,1.8426560201810112
12,2,Kirstie Alley,Maksim Chmerkoskiy,Actor/Actress,United States,60,2,20.0,0.0823972155997139,5.0,8.0,11.0,-0.1304347769376184,2.1213203435596424,4.69045810116849,9,0.3333333333333333,6.555555555555555,21.5,0.4117647058823529,0.3034632034632035,1.8426560201810112,3.395381208709323,2,0.034482758620689655,1,1.0,18,0.011494252873563218,3.6853120403620223
12,3,Kirstie Alley,Maksim Chmerkoskiy,Actor/Actress,United States,60,2,21.0,0.1181982047630761,6.0,2.0,10.0,-0.08695651795841226,1.5275252316519465,4.69045810116849,9,0.3333333333333333,6.555555555555555,21.333333333333332,0.4117647058823529,0.3034632034632035,1.8426560201810112,3.395381208709323,2,0.034482758620689655,1,1.0,18,0.011494252873563218,5.527968060543033
12,4,Kirstie Alley,Maksim Chmerkoskiy,Actor/Actress,United States,60,2,22.0,0.1092796021884446,7.0,6.0,9.0,-0.04347825897920613,0.9999999999999991,4.69045810116849,9,0.3333333333333333,6.555555555555555,21.0,0.4117647058823529,0.3034632034632035,1.8426560201810112,3.395381208709323,2,0.034482758620689655,1,1.0,18,0.011494252873563218,7.370624080724045
12,5,Kirstie Alley,Maksim Chmerkoskiy,Actor/Actress,United States,60,2,23.0,0.1242603152532486,5.0,5.0,8.0,0.0,0.9999999999999991,4.69045810116849,9,0.3333333333333333,6.555555555555555,22.0,0.4117647058823529,0.3034632034632035,1.8426560201810112,3.395381208709323,2,0.034482758620689655,1,1.0,18,0.011494252873563218,9.213280100905056
12,6,Kirstie Alley,Maksim Chmerkoskiy,Actor/Actress,United States,60,2,26.0,0.1531415365492864,4.0,3.0,7.0,0.1304347769376184,2.0816659994661317,4.69045810116849,9,0.3333333333333333,6.555555555555555,23.666666666666668,0.4117647058823529,0.3034632034632035,1.8426560201810112,3.395381208709323,2,0.034482758620689655,1,1.0,18,0.011494252873563218,11.055936121086066
12,7,Kirstie Alley,Maksim Chmerkoskiy,Actor/Actress,United States,60,2,30.0,0.1791689766432464,5.5,2.0,6.0,0.3043478128544429,3.5118845842842457,4.69045810116849,9,0.3333333333333333,6.555555555555555,26.333333333333332,0.4117647058823529,0.3034632034632035,1.8426560201810112,3.395381208709323,2,0.034482758620689655,1,1.0,18,0.011494252873563218,12.898592141267079
12,8,Kirstie Alley,Maksim Chmerkoskiy,Actor/Actress,United States,60,2,26.5,0.2139574286445858,3.0,3.0,5.0,0.15217390642722145,2.179449471770337,4.69045810116849,9,0.3333333333333333,6.555555555555555,27.5,0.4117647058823529,0.3034632034632035,1.8426560201810112,3.395381208709323,2,0.034482758620689655,1,1.0,18,0.011494252873563218,14.74124816144809
12,9,Kirstie Alley,Maksim Chmerkoskiy,Actor/Actress,United States,60,2,27.0,0.2470935339944619,3.0,3.0,4.0,0.17391303591682453,1.892969448600091,4.69045810116849,9,0.3333333333333333,6.555555555555555,27.833333333333332,0.4117647058823529,0.3034632034632035,1.8426560201810112,3.395381208709323,2,0.034482758620689655,1,1.0,18,0.011494252873563218,16.5839041816291
12,10,Kirstie Alley,Maksim Chmerkoskiy,Actor/Actress,United States,60,2,27.999899999999997,0.3203838822051936,3.0,2.0,3.0,0.2173869470701326,0.7637080615872319,4.69045810116849,9,0.3333333333333333,6.555555555555555,27.166633333333333,0.4117647058823529,0.3034632034632035,1.8426560201810112,3.395381208709323,2,0.034482758620689655,1,1.0,18,0.011494252873563218,18.426560201810112
12,1,Hines Ward,Kym Johnson,Athlete,South Korea,35,1,21.0,0.1835365197255979,3.5,1.0,11.0,0.0,0.0,4.69045810116849,8,0.375,6.375,21.0,0.14285714285714285,0.3034632034632035,-0.09962495578562776,0.009925131815288285,3,0.05,0,-2.5,24,0.018750000000000003,-0.09962495578562776
12,2,Hines Ward,Kym Johnson,Athlete,South Korea,35,1,23.0,0.1204256357200817,2.0,1.0,11.0,0.09523809070294806,1.4142135623730951,4.69045810116849,8,0.375,6.375,22.0,0.14285714285714285,0.3034632034632035,-0.09962495578562776,0.009925131815288285,3,0.05,0,-2.5,24,0.018750000000000003,-0.19924991157125552
12,3,Hines Ward,Kym Johnson,Athlete,South Korea,35,1,25.0,0.1010740091999784,1.5,5.0,10.0,0.19047618140589612,2.0,4.69045810116849,8,0.375,6.375,23.0,0.14285714285714285,0.3034632034632035,-0.09962495578562776,0.009925131815288285,3,0.05,0,-2.5,24,0.018750000000000003,-0.2988748673568833
12,4,Hines Ward,Kym Johnson,Athlete,South Korea,35,1,25.0,0.0942790912100484,2.5,9.0,9.0,0.19047618140589612,1.1547005383792517,4.69045810116849,8,0.375,6.375,24.333333333333332,0.14285714285714285,0.3034632034632035,-0.09962495578562776,0.009925131815288285,3,0.05,0,-2.5,24,0.018750000000000003,-0.39849982314251103
12,5,Hines Ward,Kym Johnson,Athlete,South Korea,35,1,27.0,0.1181581669581465,1.0,7.0,8.0,0.28571427210884415,1.1547005383792517,4.69045810116849,8,0.375,6.375,25.666666666666668,0.14285714285714285,0.3034632034632035,-0.09962495578562776,0.009925131815288285,3,0.05,0,-2.5,24,0.018750000000000003,-0.4981247789281388
12,6,Hines Ward,Kym Johnson,Athlete,South Korea,35,1,27.0,0.137171978192287,3.0,4.0,7.0,0.28571427210884415,1.1547005383792517,4.69045810116849,8,0.375,6.375,26.333333333333332,0.14285714285714285,0.3034632034632035,-0.09962495578562776,0.009925131815288285,3,0.05,0,-2.5,24,0.018750000000000003,-0.5977497347137666
12,7,Hines Ward,Kym Johnson,Athlete,South Korea,35,1,33.0,0.1734103846293337,1.5,3.0,6.0,0.5714285442176883,3.464101615137755,4.69045810116849,8,0.375,6.375,29.0,0.14285714285714285,0.3034632034632035,-0.09962495578562776,0.009925131815288285,3,0.05,0,-2.5,24,0.018750000000000003,-0.6973746904993943
12,8,Hines Ward,Kym Johnson,Athlete,South Korea,35,1,27.0,0.218110548467655,2.0,2.0,5.0,0.28571427210884415,3.464101615137755,4.69045810116849,8,0.375,6.375,29.0,0.14285714285714285,0.3034632034632035,-0.09962495578562776,0.009925131815288285,3,0.05,0,-2.5,24,0.018750000000000003,-0.7969996462850221
12,9,Hines Ward,Kym Johnson,Athlete,South Korea,35,1,30.0,0.2560320227640504,2.0,2.0,4.0,0.4285714081632663,3.0000000000000004,4.69045810116849,8,0.375,6.375,30.0,0.14285714285714285,0.3034632034632035,-0.09962495578562776,0.009925131815288285,3,0.05,0,-2.5,24,0.018750000000000003,-0.8966246020706499
12,10,Hines Ward,Kym Johnson,Athlete,South Korea,35,1,29.666600000000003,0.3151284779521547,1.5,3.0,3.0,0.41269521844308493,1.644278520608153,4.69045810116849,8,0.375,6.375,28.88886666666667,0.14285714285714285,0.3034632034632035,-0.09962495578562776,0.009925131815288285,3,0.05,0,-2.5,24,0.018750000000000003,-0.9962495578562776
12,1,Sugar Ray Leonard,Anna Trebunskaya,Athlete,United States,54,9,17.0,0.0070619605276349,9.0,9.0,11.0,0.0,0.0,4.69045810116849,6,0.3333333333333333,6.833333333333333,17.0,0.45454545454545453,0.3034632034632035,1.3765085859490178,1.8947758871913645,3,0.05,1,0.0,18,0.016666666666666666,1.3765085859490178
12,2,Sugar Ray Leonard,Anna Trebunskaya,Athlete,United States,54,9,17.0,0.0852140646934558,10.0,7.0,11.0,0.0,0.0,4.69045810116849,6,0.3333333333333333,6.833333333333333,17.0,0.45454545454545453,0.3034632034632035,1.3765085859490178,1.8947758871913645,3,0.05,1,0.0,18,0.016666666666666666,2.7530171718980356
12,3,Sugar Ray Leonard,Anna Trebunskaya,Athlete,United States,54,9,20.0,0.1055586645501926,8.5,4.0,10.0,0.17647057785467188,1.7320508075688772,4.69045810116849,6,0.3333333333333333,6.833333333333333,18.0,0.45454545454545453,0.3034632034632035,1.3765085859490178,1.8947758871913645,3,0.05,1,0.0,18,0.016666666666666666,4.129525757847054
12,4,Sugar Ray Leonard,Anna Trebunskaya,Athlete,United States,54,9,21.0,0.0979742419849364,8.0,8.0,9.0,0.23529410380622917,2.081665999466133,4.69045810116849,6,0.3333333333333333,6.833333333333333,19.333333333333332,0.45454545454545453,0.3034632034632035,1.3765085859490178,1.8947758871913645,3,0.05,1,0.0,18,0.016666666666666666,5.506034343796071
12,1,Chris Jericho,Cheryl Burke,Athlete,United States,40,7,19.0,0.0917226145663753,5.5,8.0,11.0,0.0,0.0,4.69045810116849,10,0.4,4.9,19.0,0.36,0.3034632034632035,0.2888312394077,0.08342348485778811,3,0.05,1,2.5,30,0.020000000000000004,0.2888312394077
12,2,Chris Jericho,Cheryl Burke,Athlete,United States,40,7,23.0,0.1038640986380933,2.0,4.0,11.0,0.21052630470914185,2.8284271247461903,4.69045810116849,10,0.4,4.9,21.0,0.36,0.3034632034632035,0.2888312394077,0.08342348485778811,3,0.05,1,2.5,30,0.020000000000000004,0.5776624788154
12,3,Chris Jericho,Cheryl Burke,Athlete,United States,40,7,21.0,0.099552513349701,6.0,6.0,10.0,0.10526315235457093,2.0,4.69045810116849,10,0.4,4.9,21.0,0.36,0.3034632034632035,0.2888312394077,0.08342348485778811,3,0.05,1,2.5,30,0.020000000000000004,0.8664937182231001
12,4,Chris Jericho,Cheryl Burke,Athlete,United States,40,7,23.0,0.1181585677135522,5.0,3.0,9.0,0.21052630470914185,1.1547005383792517,4.69045810116849,10,0.4,4.9,22.333333333333332,0.36,0.3034632034632035,0.2888312394077,0.08342348485778811,3,0.05,1,2.5,30,0.020000000000000004,1.1553249576308
12,5,Chris Jericho,Cheryl Burke,Athlete,United States,40,7,26.0,0.1186541868233991,3.0,6.0,8.0,0.36842103324099823,2.5166114784235836,4.69045810116849,10,0.4,4.9,23.333333333333332,0.36,0.3034632034632035,0.2888312394077,0.08342348485778811,3,0.05,1,2.5,30,0.020000000000000004,1.4441561970385
12,6,Chris Jericho,Cheryl Burke,Athlete,United States,40,7,22.0,0.1260950679036269,7.0,7.0,7.0,0.15789472853185638,2.081665999466134,4.69045810116849,10,0.4,4.9,23.666666666666668,0.36,0.3034632034632035,0.2888312394077,0.08342348485778811,3,0.05,1,2.5,30,0.020000000000000004,1.7329874364462001
12,1,Petra Nemcova,Dmitry Chaplin,Model,Czechoslovakia,31,8,18.0,0.1214676508175277,7.5,5.0,11.0,0.0,0.0,4.69045810116849,2,0.5,6.5,18.0,0.3333333333333333,0.3034632034632035,-0.41038991194028995,0.16841987982235895,2,0.2,0,-2.5,4,0.1,-0.41038991194028995
12,2,Petra Nemcova,Dmitry Chaplin,Model,Czechoslovakia,31,8,18.0,0.0741152054290565,7.5,9.0,11.0,0.0,0.0,4.69045810116849,2,0.5,6.5,18.0,0.3333333333333333,0.3034632034632035,-0.41038991194028995,0.16841987982235895,2,0.2,0,-2.5,4,0.1,-0.8207798238805799
12,3,Petra Nemcova,Dmitry Chaplin,Model,Czechoslovakia,31,8,25.0,0.0799887347027798,1.5,9.0,10.0,0.3888888672839518,4.041451884327381,4.69045810116849,2,0.5,6.5,20.333333333333332,0.3333333333333333,0.3034632034632035,-0.41038991194028995,0.16841987982235895,2,0.2,0,-2.5,4,0.1,-1.23116973582087
12,4,Petra Nemcova,Dmitry Chaplin,Model,Czechoslovakia,31,8,23.0,0.0986365917486252,5.0,7.0,9.0,0.27777776234567986,3.6055512754639896,4.69045810116849,2,0.5,6.5,22.0,0.3333333333333333,0.3034632034632035,-0.41038991194028995,0.16841987982235895,2,0.2,0,-2.5,4,0.1,-1.6415596477611598
12,5,Petra Nemcova,Dmitry Chaplin,Model,Czechoslovakia,31,8,22.0,0.1086007823059375,7.0,8.0,8.0,0.2222222098765439,1.5275252316519474,4.69045810116849,2,0.5,6.5,23.333333333333332,0.3333333333333333,0.3034632034632035,-0.41038991194028995,0.16841987982235895,2,0.2,0,-2.5,4,0.1,-2.0519495597014497
12,1,Mike Catherwood,Lacey Schwimmer,Radio Personality,United States,32,11,13.0,0.0068027515139559,11.0,10.0,11.0,0.0,0.0,4.69045810116849,4,0.5,4.75,13.0,0.16666666666666666,0.3034632034632035,-0.3326986729016244,0.11068840695050207,1,0.5,1,-1.0,4,0.25,-0.3326986729016244
12,2,Mike Catherwood,Lacey Schwimmer,Radio Personality,United States,32,11,17.0,0.0631613189241856,10.0,11.0,11.0,0.3076922840236705,0.0,4.69045810116849,4,0.5,4.75,15.0,0.16666666666666666,0.3034632034632035,-0.3326986729016244,0.11068840695050207,1,0.5,1,-1.0,4,0.25,-0.6653973458032488
12,1,Romeo,Chelsie Hightower,Singer/Rapper,United States,21,5,19.0,0.0047259035601737,5.5,11.0,11.0,0.0,0.0,4.69045810116849,4,0.0,7.5,19.0,0.2857142857142857,0.3034632034632035,-1.1873023023269456,1.4096867571108656,2,0.125,1,5.5,8,0.0,-1.1873023023269456
12,2,Romeo,Chelsie Hightower,Singer/Rapper,United States,21,5,23.0,0.0722510313083775,2.0,10.0,11.0,0.21052630470914185,2.8284271247461903,4.69045810116849,4,0.0,7.5,21.0,0.2857142857142857,0.3034632034632035,-1.1873023023269456,1.4096867571108656,2,0.125,1,5.5,8,0.0,-2.374604604653891
12,3,Romeo,Chelsie Hightower,Singer/Rapper,United States,21,5,20.0,0.0888967208635081,8.5,8.0,10.0,0.05263157617728546,2.081665999466133,4.69045810116849,4,0.0,7.5,20.666666666666668,0.2857142857142857,0.3034632034632035,-1.1873023023269456,1.4096867571108656,2,0.125,1,5.5,8,0.0,-3.5619069069808367
12,4,Romeo,Chelsie Hightower,Singer/Rapper,United States,21,5,23.0,0.1152939703888539,5.0,4.0,9.0,0.21052630470914185,1.732050807568877,4.69045810116849,4,0.0,7.5,22.0,0.2857142857142857,0.3034632034632035,-1.1873023023269456,1.4096867571108656,2,0.125,1,5.5,8,0.0,-4.749209209307782
12,5,Romeo,Chelsie Hightower,Singer/Rapper,United States,21,5,26.0,0.127439639130676,3.0,3.0,8.0,0.36842103324099823,3.0,4.69045810116849,4,0.0,7.5,23.0,0.2857142857142857,0.3034632034632035,-1.1873023023269456,1.4096867571108656,2,0.125,1,5.5,8,0.0,-5.936511511634728
12,6,Romeo,Chelsie Hightower,Singer/Rapper,United States,21,5,28.0,0.1323610039397151,1.5,5.0,7.0,0.47368418559556913,2.5166114784235827,4.69045810116849,4,0.0,7.5,25.666666666666668,0.2857142857142857,0.3034632034632035,-1.1873023023269456,1.4096867571108656,2,0.125,1,5.5,8,0.0,-7.123813813961673
12,7,Romeo,Chelsie Hightower,Singer/Rapper,United States,21,5,30.0,0.1404972725444613,5.5,5.0,6.0,0.5789473379501401,1.999999999999999,4.69045810116849,4,0.0,7.5,28.0,0.2857142857142857,0.3034632034632035,-1.1873023023269456,1.4096867571108656,2,0.125,1,5.5,8,0.0,-8.31111611628862
12,8,Romeo,Chelsie Hightower,Singer/Rapper,United States,21,5,26.0,0.138058281767401,4.0,5.0,5.0,0.36842103324099823,1.999999999999999,4.69045810116849,4,0.0,7.5,28.0,0.2857142857142857,0.3034632034632035,-1.1873023023269456,1.4096867571108656,2,0.125,1,5.5,8,0.0,-9.498418418615564
12,1,Wendy Williams,Tony Dovolani,TV Personality,United States,46,10,14.0,0.0995392371091921,10.0,6.0,11.0,0.0,0.0,4.69045810116849,10,0.2,6.6,14.0,0.42857142857142855,0.3034632034632035,0.7549786736396934,0.5699927976507507,1,0.1,1,-4.0,10,0.020000000000000004,0.7549786736396934
12,2,Wendy Williams,Tony Dovolani,TV Personality,United States,46,10,17.0,0.09646156863557,10.0,5.0,11.0,0.21428569897959293,2.1213203435596424,4.69045810116849,10,0.2,6.6,15.5,0.42857142857142855,0.3034632034632035,0.7549786736396934,0.5699927976507507,1,0.1,1,-4.0,10,0.020000000000000004,1.5099573472793868
12,3,Wendy Williams,Tony Dovolani,TV Personality,United States,46,10,15.0,0.0724283029903542,10.0,10.0,10.0,0.07142856632653098,1.5275252316519468,4.69045810116849,10,0.2,6.6,15.333333333333334,0.42857142857142855,0.3034632034632035,0.7549786736396934,0.5699927976507507,1,0.1,1,-4.0,10,0.020000000000000004,2.2649360209190803
12,1,Kendra Wilkinson,Louis van Amstel,TV Personality,United States,25,6,18.0,0.125869297655307,7.5,4.0,11.0,0.0,0.0,4.69045810116849,7,0.14285714285714285,5.714285714285714,18.0,0.36363636363636365,0.3034632034632035,-0.8765373461722833,0.7683177192347492,1,0.1,1,-3.5,7,0.014285714285714285,-0.8765373461722833
12,2,Kendra Wilkinson,Louis van Amstel,TV Personality,United States,25,6,19.0,0.1046192640578145,6.0,3.0,11.0,0.055555552469135974,0.7071067811865476,4.69045810116849,7,0.14285714285714285,5.714285714285714,18.5,0.36363636363636365,0.3034632034632035,-0.8765373461722833,0.7683177192347492,1,0.1,1,-3.5,7,0.014285714285714285,-1.7530746923445666
12,3,Kendra Wilkinson,Louis van Amstel,TV Personality,United States,25,6,23.0,0.1299529648573608,3.5,1.0,10.0,0.27777776234567986,2.6457513110645907,4.69045810116849,7,0.14285714285714285,5.714285714285714,20.0,0.36363636363636365,0.3034632034632035,-0.8765373461722833,0.7683177192347492,1,0.1,1,-3.5,7,0.014285714285714285,-2.62961203851685
12,4,Kendra Wilkinson,Louis van Amstel,TV Personality,United States,25,6,18.0,0.1194745112949178,9.0,2.0,9.0,0.0,2.6457513110645907,4.69045810116849,7,0.14285714285714285,5.714285714285714,20.0,0.36363636363636365,0.3034632034632035,-0.8765373461722833,0.7683177192347492,1,0.1,1,-3.5,7,0.014285714285714285,-3.506149384689133
12,5,Kendra Wilkinson,Louis van Amstel,TV Personality,United States,25,6,22.0,0.1269979718710959,7.0,4.0,8.0,0.2222222098765439,2.6457513110645907,4.69045810116849,7,0.14285714285714285,5.714285714285714,21.0,0.36363636363636365,0.3034632034632035,-0.8765373461722833,0.7683177192347492,1,0.1,1,-3.5,7,0.014285714285714285,-4.382686730861416
12,6,Kendra Wilkinson,Louis van Amstel,TV Personality,United States,25,6,25.0,0.1267481243501935,5.0,6.0,7.0,0.3888888672839518,3.5118845842842457,4.69045810116849,7,0.14285714285714285,5.714285714285714,21.666666666666668,0.36363636363636365,0.3034632034632035,-0.8765373461722833,0.7683177192347492,1,0.1,1,-3.5,7,0.014285714285714285,-5.2592240770337
12,7,Kendra Wilkinson,Louis van Amstel,TV Personality,United States,25,6,30.5,0.1347021634032134,4.0,6.0,6.0,0.6944444058641996,4.3108390521258535,4.69045810116849,7,0.14285714285714285,5.714285714285714,25.833333333333332,0.36363636363636365,0.3034632034632035,-0.8765373461722833,0.7683177192347492,1,0.1,1,-3.5,7,0.014285714285714285,-6.135761423205983
13,1,Elisabetta Canalis,Valentin Chmerkovskiy,Actor/Actress,Italy,33,11,15.0,0.0788239280008188,11.0,7.0,12.0,0.0,0.0,4.005735922161781,0,0.0,6.0,15.0,0.5263157894736842,0.2596079846079846,-0.2550074338629589,0.06502879132537134,2,0.034482758620689655,0,-4.0,0,0.0,-0.2550074338629589
13,2,Elisabetta Canalis,Valentin Chmerkovskiy,Actor/Actress,Italy,33,11,21.0,0.0650145148466758,5.5,11.0,11.0,0.39999997333333515,0.0,4.005735922161781,0,0.0,6.0,18.0,0.5263157894736842,0.2596079846079846,-0.2550074338629589,0.06502879132537134,2,0.034482758620689655,0,-4.0,0,0.0,-0.5100148677259178
13,1,David Arquette,Kym Johnson,Actor/Actress,United States,40,6,18.0,0.0774824357466328,6.0,8.0,12.0,0.0,0.0,4.005735922161781,9,0.4444444444444444,5.777777777777778,18.0,0.35714285714285715,0.2596079846079846,0.2888312394077,0.08342348485778811,2,0.034482758620689655,1,2.0,18,0.01532567049808429,0.2888312394077
13,2,David Arquette,Kym Johnson,Actor/Actress,United States,40,6,18.0,0.0827459698055298,9.5,9.0,11.0,0.0,0.0,4.005735922161781,9,0.4444444444444444,5.777777777777778,18.0,0.35714285714285715,0.2596079846079846,0.2888312394077,0.08342348485778811,2,0.034482758620689655,1,2.0,18,0.01532567049808429,0.5776624788154
13,3,David Arquette,Kym Johnson,Actor/Actress,United States,40,6,24.0,0.0823451803031667,5.5,9.0,10.0,0.3333333148148158,3.4641016151377544,4.005735922161781,9,0.4444444444444444,5.777777777777778,20.0,0.35714285714285715,0.2596079846079846,0.2888312394077,0.08342348485778811,2,0.034482758620689655,1,2.0,18,0.01532567049808429,0.8664937182231001
13,4,David Arquette,Kym Johnson,Actor/Actress,United States,40,6,23.0,0.1057178790887975,5.0,7.0,9.0,0.27777776234567986,3.214550253664318,4.005735922161781,9,0.4444444444444444,5.777777777777778,21.666666666666668,0.35714285714285715,0.2596079846079846,0.2888312394077,0.08342348485778811,2,0.034482758620689655,1,2.0,18,0.01532567049808429,1.1553249576308
13,5,David Arquette,Kym Johnson,Actor/Actress,United States,40,6,25.0,0.1237207411923376,2.5,5.0,8.0,0.3888888672839518,0.9999999999999982,4.005735922161781,9,0.4444444444444444,5.777777777777778,24.0,0.35714285714285715,0.2596079846079846,0.2888312394077,0.08342348485778811,2,0.034482758620689655,1,2.0,18,0.01532567049808429,1.4441561970385
13,6,David Arquette,Kym Johnson,Actor/Actress,United States,40,6,23.0,0.1358738652865361,4.0,5.0,7.0,0.27777776234567986,1.1547005383792504,4.005735922161781,9,0.4444444444444444,5.777777777777778,23.666666666666668,0.35714285714285715,0.2596079846079846,0.2888312394077,0.08342348485778811,2,0.034482758620689655,1,2.0,18,0.01532567049808429,1.7329874364462001
13,7,David Arquette,Kym Johnson,Actor/Actress,United States,40,6,23.5,0.1313172159924673,5.0,6.0,6.0,0.30555553858024787,1.0408329997330645,4.005735922161781,9,0.4444444444444444,5.777777777777778,23.833333333333332,0.35714285714285715,0.2596079846079846,0.2888312394077,0.08342348485778811,2,0.034482758620689655,1,2.0,18,0.01532567049808429,2.0218186758539
13,1,Ricki Lake,Derek Hough,Actor/Actress,United States,42,3,20.0,0.1080782643285302,4.0,1.0,12.0,0.0,0.0,4.005735922161781,7,0.42857142857142855,3.142857142857143,20.0,0.35294117647058826,0.2596079846079846,0.44421371748503113,0.19732582680187105,2,0.034482758620689655,1,-3.0,14,0.014778325123152709,0.44421371748503113
13,2,Ricki Lake,Derek Hough,Actor/Actress,United States,42,3,23.0,0.0979036801681544,1.0,4.0,11.0,0.14999999250000037,2.1213203435596424,4.005735922161781,7,0.42857142857142855,3.142857142857143,21.5,0.35294117647058826,0.2596079846079846,0.44421371748503113,0.19732582680187105,2,0.034482758620689655,1,-3.0,14,0.014778325123152709,0.8884274349700623
13,3,Ricki Lake,Derek Hough,Actor/Actress,United States,42,3,27.0,0.0947228840576896,1.0,7.0,10.0,0.34999998250000086,3.5118845842842465,4.005735922161781,7,0.42857142857142855,3.142857142857143,23.333333333333332,0.35294117647058826,0.2596079846079846,0.44421371748503113,0.19732582680187105,2,0.034482758620689655,1,-3.0,14,0.014778325123152709,1.3326411524550934
13,4,Ricki Lake,Derek Hough,Actor/Actress,United States,42,3,29.0,0.1077236649809121,1.0,6.0,9.0,0.4499999775000011,3.0550504633038944,4.005735922161781,7,0.42857142857142855,3.142857142857143,26.333333333333332,0.35294117647058826,0.2596079846079846,0.44421371748503113,0.19732582680187105,2,0.034482758620689655,1,-3.0,14,0.014778325123152709,1.7768548699401245
13,5,Ricki Lake,Derek Hough,Actor/Actress,United States,42,3,24.0,0.1250426338055109,4.5,4.0,8.0,0.1999999900000005,2.516611478423586,4.005735922161781,7,0.42857142857142855,3.142857142857143,26.666666666666668,0.35294117647058826,0.2596079846079846,0.44421371748503113,0.19732582680187105,2,0.034482758620689655,1,-3.0,14,0.014778325123152709,2.2210685874251554
13,6,Ricki Lake,Derek Hough,Actor/Actress,United States,42,3,29.0,0.1550435007229318,1.5,2.0,7.0,0.4499999775000011,2.8867513459481313,4.005735922161781,7,0.42857142857142855,3.142857142857143,27.333333333333332,0.35294117647058826,0.2596079846079846,0.44421371748503113,0.19732582680187105,2,0.034482758620689655,1,-3.0,14,0.014778325123152709,2.665282304910187
13,7,Ricki Lake,Derek Hough,Actor/Actress,United States,42,3,26.5,0.2115634225659642,1.0,1.0,6.0,0.3249999837500008,2.5000000000000027,4.005735922161781,7,0.42857142857142855,3.142857142857143,26.5,0.35294117647058826,0.2596079846079846,0.44421371748503113,0.19732582680187105,2,0.034482758620689655,1,-3.0,14,0.014778325123152709,3.109496022395218
13,8,Ricki Lake,Derek Hough,Actor/Actress,United States,42,3,26.0,0.2448628870484207,2.5,1.0,5.0,0.29999998500000075,1.6072751268321637,4.005735922161781,7,0.42857142857142855,3.142857142857143,27.166666666666668,0.35294117647058826,0.2596079846079846,0.44421371748503113,0.19732582680187105,2,0.034482758620689655,1,-3.0,14,0.014778325123152709,3.553709739880249
13,9,Ricki Lake,Derek Hough,Actor/Actress,United States,42,3,33.4999,0.2921335575615789,1.0,1.0,4.0,0.6749949662502515,4.193190909478523,4.005735922161781,7,0.42857142857142855,3.142857142857143,28.666633333333333,0.35294117647058826,0.2596079846079846,0.44421371748503113,0.19732582680187105,2,0.034482758620689655,1,-3.0,14,0.014778325123152709,3.99792345736528
13,10,Ricki Lake,Derek Hough,Actor/Actress,United States,42,3,27.999899999999997,0.3547606228396646,3.0,1.0,3.0,0.3999949800002508,3.8836859643900143,4.005735922161781,7,0.42857142857142855,3.142857142857143,29.1666,0.35294117647058826,0.2596079846079846,0.44421371748503113,0.19732582680187105,2,0.034482758620689655,1,-3.0,14,0.014778325123152709,4.442137174850311
13,1,J.R. Martinez,Karina Smirnoff,Actor/Actress,United States,28,1,22.0,0.0868583165566693,1.5,5.0,12.0,0.0,0.0,4.005735922161781,9,0.1111111111111111,6.444444444444445,22.0,0.2222222222222222,0.2596079846079846,-0.6434636290562866,0.4140454419182864,2,0.034482758620689655,1,3.5,18,0.0038314176245210726,-0.6434636290562866
13,2,J.R. Martinez,Karina Smirnoff,Actor/Actress,United States,28,1,22.0,0.1001958544071855,2.5,3.0,11.0,0.0,0.0,4.005735922161781,9,0.1111111111111111,6.444444444444445,22.0,0.2222222222222222,0.2596079846079846,-0.6434636290562866,0.4140454419182864,2,0.034482758620689655,1,3.5,18,0.0038314176245210726,-1.2869272581125732
13,3,J.R. Martinez,Karina Smirnoff,Actor/Actress,United States,28,1,26.0,0.1281992323572957,2.5,2.0,10.0,0.18181817355371938,2.3094010767585034,4.005735922161781,9,0.1111111111111111,6.444444444444445,23.333333333333332,0.2222222222222222,0.2596079846079846,-0.6434636290562866,0.4140454419182864,2,0.034482758620689655,1,3.5,18,0.0038314176245210726,-1.9303908871688598
13,4,J.R. Martinez,Karina Smirnoff,Actor/Actress,United States,28,1,26.0,0.1267049216023643,2.0,3.0,9.0,0.18181817355371938,2.3094010767585034,4.005735922161781,9,0.1111111111111111,6.444444444444445,24.666666666666668,0.2222222222222222,0.2596079846079846,-0.6434636290562866,0.4140454419182864,2,0.034482758620689655,1,3.5,18,0.0038314176245210726,-2.5738545162251465
13,5,J.R. Martinez,Karina Smirnoff,Actor/Actress,United States,28,1,28.0,0.1572858324473007,1.0,1.0,8.0,0.27272726033057904,1.154700538379251,4.005735922161781,9,0.1111111111111111,6.444444444444445,26.666666666666668,0.2222222222222222,0.2596079846079846,-0.6434636290562866,0.4140454419182864,2,0.034482758620689655,1,3.5,18,0.0038314176245210726,-3.2173181452814332
13,6,J.R. Martinez,Karina Smirnoff,Actor/Actress,United States,28,1,29.0,0.1376165355837812,1.5,4.0,7.0,0.3181818037190089,1.5275252316519456,4.005735922161781,9,0.1111111111111111,6.444444444444445,27.666666666666668,0.2222222222222222,0.2596079846079846,-0.6434636290562866,0.4140454419182864,2,0.034482758620689655,1,3.5,18,0.0038314176245210726,-3.8607817743377195
13,7,J.R. Martinez,Karina Smirnoff,Actor/Actress,United States,28,1,24.0,0.1764918487969588,4.0,3.0,6.0,0.09090908677685969,2.64575131106459,4.005735922161781,9,0.1111111111111111,6.444444444444445,27.0,0.2222222222222222,0.2596079846079846,-0.6434636290562866,0.4140454419182864,2,0.034482758620689655,1,3.5,18,0.0038314176245210726,-4.504245403394006
13,8,J.R. Martinez,Karina Smirnoff,Actor/Actress,United States,28,1,30.0,0.2159395207200077,1.0,3.0,5.0,0.36363634710743875,3.214550253664317,4.005735922161781,9,0.1111111111111111,6.444444444444445,27.666666666666668,0.2222222222222222,0.2596079846079846,-0.6434636290562866,0.4140454419182864,2,0.034482758620689655,1,3.5,18,0.0038314176245210726,-5.147709032450293
13,9,J.R. Martinez,Karina Smirnoff,Actor/Actress,United States,28,1,28.0,0.259465885589125,3.0,3.0,4.0,0.27272726033057904,3.0550504633038926,4.005735922161781,9,0.1111111111111111,6.444444444444445,27.333333333333332,0.2222222222222222,0.2596079846079846,-0.6434636290562866,0.4140454419182864,2,0.034482758620689655,1,3.5,18,0.0038314176245210726,-5.79117266150658
13,10,J.R. Martinez,Karina Smirnoff,Actor/Actress,United States,28,1,28.1665,0.2976104587315517,2.0,3.0,3.0,0.2802954418047526,1.109763075315327,4.005735922161781,9,0.1111111111111111,6.444444444444445,28.722166666666666,0.2222222222222222,0.2596079846079846,-0.6434636290562866,0.4140454419182864,2,0.034482758620689655,1,3.5,18,0.0038314176245210726,-6.4346362905628665
13,1,Metta World Peace (Ron),Peta Murgatroyd,Athlete,United States,31,12,14.0,0.0449214423828086,12.0,12.0,12.0,0.0,0.0,4.005735922161781,0,0.0,6.0,0.0,0.3333333333333333,0.2596079846079846,-0.41038991194028995,0.16841987982235895,3,0.1,1,0.0,0,0.0,-0.41038991194028995
13,1,Hope Solo,Maksim Chmerkoskiy,Athlete,United States,30,4,21.0,0.0890036199516709,3.0,4.0,12.0,0.0,0.0,4.005735922161781,10,0.4,6.1,21.0,0.23529411764705882,0.2596079846079846,-0.48808115097895555,0.238223209940942,3,0.1,1,1.0,30,0.04000000000000001,-0.48808115097895555
13,2,Hope Solo,Maksim Chmerkoskiy,Athlete,United States,30,4,19.0,0.1121515307814581,8.0,1.0,11.0,-0.09523809070294806,1.4142135623730951,4.005735922161781,10,0.4,6.1,20.0,0.23529411764705882,0.2596079846079846,-0.48808115097895555,0.238223209940942,3,0.1,1,1.0,30,0.04000000000000001,-0.9761623019579111
13,3,Hope Solo,Maksim Chmerkoskiy,Athlete,United States,30,4,24.0,0.1314307764197721,5.5,1.0,10.0,0.14285713605442207,2.5166114784235836,4.005735922161781,10,0.4,6.1,21.333333333333332,0.23529411764705882,0.2596079846079846,-0.48808115097895555,0.238223209940942,3,0.1,1,1.0,30,0.04000000000000001,-1.4642434529368666
13,4,Hope Solo,Maksim Chmerkoskiy,Athlete,United States,30,4,24.0,0.1214970052737788,3.5,4.0,9.0,0.14285713605442207,2.8867513459481295,4.005735922161781,10,0.4,6.1,22.333333333333332,0.23529411764705882,0.2596079846079846,-0.48808115097895555,0.238223209940942,3,0.1,1,1.0,30,0.04000000000000001,-1.9523246039158222
13,5,Hope Solo,Maksim Chmerkoskiy,Athlete,United States,30,4,24.0,0.132586510316177,4.5,3.0,8.0,0.14285713605442207,0.0,4.005735922161781,10,0.4,6.1,24.0,0.23529411764705882,0.2596079846079846,-0.48808115097895555,0.238223209940942,3,0.1,1,1.0,30,0.04000000000000001,-2.440405754894778
13,6,Hope Solo,Maksim Chmerkoskiy,Athlete,United States,30,4,20.0,0.1527457804859803,6.0,3.0,7.0,-0.04761904535147403,2.309401076758505,4.005735922161781,10,0.4,6.1,22.666666666666668,0.23529411764705882,0.2596079846079846,-0.48808115097895555,0.238223209940942,3,0.1,1,1.0,30,0.04000000000000001,-2.9284869058737333
13,7,Hope Solo,Maksim Chmerkoskiy,Athlete,United States,30,4,25.0,0.143563309634675,3.0,5.0,6.0,0.19047618140589612,2.6457513110645925,4.005735922161781,10,0.4,6.1,23.0,0.23529411764705882,0.2596079846079846,-0.48808115097895555,0.238223209940942,3,0.1,1,1.0,30,0.04000000000000001,-3.4165680568526886
13,8,Hope Solo,Maksim Chmerkoskiy,Athlete,United States,30,4,26.0,0.1751419191500708,2.5,4.0,5.0,0.23809522675737013,3.21455025366432,4.005735922161781,10,0.4,6.1,23.666666666666668,0.23529411764705882,0.2596079846079846,-0.48808115097895555,0.238223209940942,3,0.1,1,1.0,30,0.04000000000000001,-3.9046492078316444
13,9,Hope Solo,Maksim Chmerkoskiy,Athlete,United States,30,4,24.4998,0.1649448533269474,4.0,4.0,4.0,0.16665713492108883,0.7638499067225224,4.005735922161781,10,0.4,6.1,25.1666,0.23529411764705882,0.2596079846079846,-0.48808115097895555,0.238223209940942,3,0.1,1,1.0,30,0.04000000000000001,-4.3927303588106
13,1,Chynna Phillips,Tony Dovolani,Singer/Rapper,United States,43,9,22.0,0.0728187074623024,1.5,11.0,12.0,0.0,0.0,4.005735922161781,11,0.18181818181818182,6.909090909090909,22.0,0.14285714285714285,0.2596079846079846,0.5219049565236967,0.27238478364400176,2,0.25,1,9.5,22,0.045454545454545456,0.5219049565236967
13,2,Chynna Phillips,Tony Dovolani,Singer/Rapper,United States,43,9,21.0,0.0691805588217323,5.5,10.0,11.0,-0.045454543388429844,0.7071067811865476,4.005735922161781,11,0.18181818181818182,6.909090909090909,21.5,0.14285714285714285,0.2596079846079846,0.5219049565236967,0.27238478364400176,2,0.25,1,9.5,22,0.045454545454545456,1.0438099130473935
13,3,Chynna Phillips,Tony Dovolani,Singer/Rapper,United States,43,9,26.0,0.0834336498798702,2.5,8.0,10.0,0.18181817355371938,2.6457513110645907,4.005735922161781,11,0.18181818181818182,6.909090909090909,23.0,0.14285714285714285,0.2596079846079846,0.5219049565236967,0.27238478364400176,2,0.25,1,9.5,22,0.045454545454545456,1.56571486957109
13,4,Chynna Phillips,Tony Dovolani,Singer/Rapper,United States,43,9,21.0,0.0797769301010275,7.0,9.0,9.0,-0.045454543388429844,2.886751345948129,4.005735922161781,11,0.18181818181818182,6.909090909090909,22.666666666666668,0.14285714285714285,0.2596079846079846,0.5219049565236967,0.27238478364400176,2,0.25,1,9.5,22,0.045454545454545456,2.087619826094787
13,1,Kristin Cavallari,Mark Ballas,TV Personality,United States,24,10,19.0,0.0759629937693821,5.0,9.0,12.0,0.0,0.0,4.005735922161781,8,0.5,5.75,19.0,0.2857142857142857,0.2596079846079846,-0.9542285852109489,0.9105521928336892,1,0.03125,1,4.0,8,0.015625,-0.9542285852109489
13,2,Kristin Cavallari,Mark Ballas,TV Personality,United States,24,10,22.0,0.0952340148308301,2.5,6.0,11.0,0.15789472853185638,2.1213203435596424,4.005735922161781,8,0.5,5.75,20.5,0.2857142857142857,0.2596079846079846,-0.9542285852109489,0.9105521928336892,1,0.03125,1,4.0,8,0.015625,-1.9084571704218978
13,3,Kristin Cavallari,Mark Ballas,TV Personality,United States,24,10,24.0,0.0701018357156098,5.5,10.0,10.0,0.26315788088642733,2.5166114784235827,4.005735922161781,8,0.5,5.75,21.666666666666668,0.2857142857142857,0.2596079846079846,-0.9542285852109489,0.9105521928336892,1,0.03125,1,4.0,8,0.015625,-2.862685755632847
13,1,Carson Kressley,Anna Trebunskaya,TV Personality,United States,41,8,17.0,0.1062279548880638,7.5,2.0,12.0,0.0,0.0,4.005735922161781,7,0.2857142857142857,7.142857142857143,17.0,0.09090909090909091,0.2596079846079846,0.3665224784463656,0.13433872720646653,1,0.03125,1,-5.5,7,0.008928571428571428,0.3665224784463656
13,2,Carson Kressley,Anna Trebunskaya,TV Personality,United States,41,8,18.0,0.084593113311761,9.5,8.0,11.0,0.05882352595155729,0.7071067811865476,4.005735922161781,7,0.2857142857142857,7.142857142857143,17.5,0.09090909090909091,0.2596079846079846,0.3665224784463656,0.13433872720646653,1,0.03125,1,-5.5,7,0.008928571428571428,0.7330449568927312
13,3,Carson Kressley,Anna Trebunskaya,TV Personality,United States,41,8,23.0,0.0960146317367624,8.0,5.0,10.0,0.35294115570934376,3.214550253664319,4.005735922161781,7,0.2857142857142857,7.142857142857143,19.333333333333332,0.09090909090909091,0.2596079846079846,0.3665224784463656,0.13433872720646653,1,0.03125,1,-5.5,7,0.008928571428571428,1.0995674353390967
13,4,Carson Kressley,Anna Trebunskaya,TV Personality,United States,41,8,20.0,0.0896581577278875,9.0,8.0,9.0,0.17647057785467188,2.516611478423584,4.005735922161781,7,0.2857142857142857,7.142857142857143,20.333333333333332,0.09090909090909091,0.2596079846079846,0.3665224784463656,0.13433872720646653,1,0.03125,1,-5.5,7,0.008928571428571428,1.4660899137854624
13,5,Carson Kressley,Anna Trebunskaya,TV Personality,United States,41,8,19.0,0.0870762679409174,8.0,8.0,8.0,0.11764705190311459,2.0816659994661344,4.005735922161781,7,0.2857142857142857,7.142857142857143,20.666666666666668,0.09090909090909091,0.2596079846079846,0.3665224784463656,0.13433872720646653,1,0.03125,1,-5.5,7,0.008928571428571428,1.832612392231828
13,1,Chaz Bono,Lacey Schwimmer,TV Personality,United States,42,7,17.0,0.0748855507607163,7.5,10.0,12.0,0.0,0.0,4.005735922161781,5,0.4,6.0,17.0,0.3333333333333333,0.2596079846079846,0.44421371748503113,0.19732582680187105,1,0.03125,1,2.5,5,0.0125,0.44421371748503113
13,2,Chaz Bono,Lacey Schwimmer,TV Personality,United States,42,7,17.0,0.0927987738219596,11.0,7.0,11.0,0.0,0.0,4.005735922161781,5,0.4,6.0,17.0,0.3333333333333333,0.2596079846079846,0.44421371748503113,0.19732582680187105,1,0.03125,1,2.5,5,0.0125,0.8884274349700623
13,3,Chaz Bono,Lacey Schwimmer,TV Personality,United States,42,7,18.0,0.1000463657621769,10.0,4.0,10.0,0.05882352595155729,0.5773502691896263,4.005735922161781,5,0.4,6.0,17.333333333333332,0.3333333333333333,0.2596079846079846,0.44421371748503113,0.19732582680187105,1,0.03125,1,2.5,5,0.0125,1.3326411524550934
13,4,Chaz Bono,Lacey Schwimmer,TV Personality,United States,42,7,21.0,0.1098644358900695,7.0,5.0,9.0,0.23529410380622917,2.0816659994661326,4.005735922161781,5,0.4,6.0,18.666666666666668,0.3333333333333333,0.2596079846079846,0.44421371748503113,0.19732582680187105,1,0.03125,1,2.5,5,0.0125,1.7768548699401245
13,5,Chaz Bono,Lacey Schwimmer,TV Personality,United States,42,7,21.0,0.1091077740266938,7.0,7.0,8.0,0.23529410380622917,1.7320508075688765,4.005735922161781,5,0.4,6.0,20.0,0.3333333333333333,0.2596079846079846,0.44421371748503113,0.19732582680187105,1,0.03125,1,2.5,5,0.0125,2.2210685874251554
13,6,Chaz Bono,Lacey Schwimmer,TV Personality,United States,42,7,19.0,0.1225227847007161,7.0,7.0,7.0,0.11764705190311459,1.15470053837925,4.005735922161781,5,0.4,6.0,20.333333333333332,0.3333333333333333,0.2596079846079846,0.44421371748503113,0.19732582680187105,1,0.03125,1,2.5,5,0.0125,2.665282304910187
13,1,Nancy Grace,Tristan MacManus,TV Personality,United States,51,5,16.0,0.1031745381465526,9.5,3.0,12.0,0.0,0.0,4.005735922161781,0,0.0,6.0,16.0,0.2,0.2596079846079846,1.1434348688330211,1.3074432992631884,1,0.03125,1,-6.5,0,0.0,1.1434348688330211
13,2,Nancy Grace,Tristan MacManus,TV Personality,United States,51,5,21.0,0.1047159450439978,5.5,2.0,11.0,0.3124999804687512,3.5355339059327378,4.005735922161781,0,0.0,6.0,18.5,0.2,0.2596079846079846,1.1434348688330211,1.3074432992631884,1,0.03125,1,-6.5,0,0.0,2.2868697376660423
13,3,Nancy Grace,Tristan MacManus,TV Personality,United States,51,5,21.0,0.0958966955655936,9.0,6.0,10.0,0.3124999804687512,2.886751345948129,4.005735922161781,0,0.0,6.0,19.333333333333332,0.2,0.2596079846079846,1.1434348688330211,1.3074432992631884,1,0.03125,1,-6.5,0,0.0,3.4303046064990634
13,4,Nancy Grace,Tristan MacManus,TV Personality,United States,51,5,21.0,0.1297620749843915,7.0,1.0,9.0,0.3124999804687512,0.0,4.005735922161781,0,0.0,6.0,21.0,0.2,0.2596079846079846,1.1434348688330211,1.3074432992631884,1,0.03125,1,-6.5,0,0.0,4.573739475332085
13,5,Nancy Grace,Tristan MacManus,TV Personality,United States,51,5,22.0,0.1419779584300827,6.0,2.0,8.0,0.37499997656250145,0.5773502691896308,4.005735922161781,0,0.0,6.0,21.333333333333332,0.2,0.2596079846079846,1.1434348688330211,1.3074432992631884,1,0.03125,1,-6.5,0,0.0,5.717174344165105
13,6,Nancy Grace,Tristan MacManus,TV Personality,United States,51,5,24.0,0.135345452566168,3.0,6.0,7.0,0.4999999687500019,1.5275252316519492,4.005735922161781,0,0.0,6.0,22.333333333333332,0.2,0.2596079846079846,1.1434348688330211,1.3074432992631884,1,0.03125,1,-6.5,0,0.0,6.860609212998127
13,7,Nancy Grace,Tristan MacManus,TV Personality,United States,51,5,22.0,0.1458505361795804,6.0,4.0,6.0,0.37499997656250145,1.1547005383792557,4.005735922161781,0,0.0,6.0,22.666666666666668,0.2,0.2596079846079846,1.1434348688330211,1.3074432992631884,1,0.03125,1,-6.5,0,0.0,8.004044081831148
13,8,Nancy Grace,Tristan MacManus,TV Personality,United States,51,5,22.0,0.1460995647847755,5.0,5.0,5.0,0.37499997656250145,1.1547005383792557,4.005735922161781,0,0.0,6.0,22.666666666666668,0.2,0.2596079846079846,1.1434348688330211,1.3074432992631884,1,0.03125,1,-6.5,0,0.0,9.14747895066417
13,1,Rob Kardashian,Cheryl Burke,TV Personality,United States,24,2,16.0,0.0817622480058519,9.5,6.0,12.0,0.0,0.0,4.005735922161781,11,0.36363636363636365,5.090909090909091,16.0,0.08,0.2596079846079846,-0.9542285852109489,0.9105521928336892,1,0.03125,1,-3.5,11,0.011363636363636364,-0.9542285852109489
13,2,Rob Kardashian,Cheryl Burke,TV Personality,United States,24,2,21.0,0.0954660441607152,5.5,5.0,11.0,0.3124999804687512,3.5355339059327378,4.005735922161781,11,0.36363636363636365,5.090909090909091,18.5,0.08,0.2596079846079846,-0.9542285852109489,0.9105521928336892,1,0.03125,1,-3.5,11,0.011363636363636364,-1.9084571704218978
13,3,Rob Kardashian,Cheryl Burke,TV Personality,United States,24,2,24.0,0.1178087482020626,5.5,3.0,10.0,0.4999999687500019,4.041451884327381,4.005735922161781,11,0.36363636363636365,5.090909090909091,20.333333333333332,0.08,0.2596079846079846,-0.9542285852109489,0.9105521928336892,1,0.03125,1,-3.5,11,0.011363636363636364,-2.862685755632847
13,4,Rob Kardashian,Cheryl Burke,TV Personality,United States,24,2,24.0,0.129294930350771,3.5,2.0,9.0,0.4999999687500019,1.7320508075688794,4.005735922161781,11,0.36363636363636365,5.090909090909091,23.0,0.08,0.2596079846079846,-0.9542285852109489,0.9105521928336892,1,0.03125,1,-3.5,11,0.011363636363636364,-3.8169143408437956
13,5,Rob Kardashian,Cheryl Burke,TV Personality,United States,24,2,25.0,0.1232022818409796,2.5,6.0,8.0,0.5624999648437522,0.5773502691896324,4.005735922161781,11,0.36363636363636365,5.090909090909091,24.333333333333332,0.08,0.2596079846079846,-0.9542285852109489,0.9105521928336892,1,0.03125,1,-3.5,11,0.011363636363636364,-4.771142926054744
13,6,Rob Kardashian,Cheryl Burke,TV Personality,United States,24,2,22.0,0.1608520806538863,5.0,1.0,7.0,0.37499997656250145,1.5275252316519499,4.005735922161781,11,0.36363636363636365,5.090909090909091,23.666666666666668,0.08,0.2596079846079846,-0.9542285852109489,0.9105521928336892,1,0.03125,1,-3.5,11,0.011363636363636364,-5.725371511265694
13,7,Rob Kardashian,Cheryl Burke,TV Personality,United States,24,2,25.5,0.1912136668303542,2.0,2.0,6.0,0.5937499628906273,1.8929694486000934,4.005735922161781,11,0.36363636363636365,5.090909090909091,24.166666666666668,0.08,0.2596079846079846,-0.9542285852109489,0.9105521928336892,1,0.03125,1,-3.5,11,0.011363636363636364,-6.679600096476642
13,8,Rob Kardashian,Cheryl Burke,TV Personality,United States,24,2,25.5,0.217956108296725,4.0,2.0,5.0,0.5937499628906273,2.020725942163693,4.005735922161781,11,0.36363636363636365,5.090909090909091,24.333333333333332,0.08,0.2596079846079846,-0.9542285852109489,0.9105521928336892,1,0.03125,1,-3.5,11,0.011363636363636364,-7.633828681687591
13,9,Rob Kardashian,Cheryl Burke,TV Personality,United States,24,2,32.4998,0.2834557035223486,2.0,2.0,4.0,1.0312374355476603,4.041336414273545,4.005735922161781,11,0.36363636363636365,5.090909090909091,27.833266666666663,0.08,0.2596079846079846,-0.9542285852109489,0.9105521928336892,1,0.03125,1,-3.5,11,0.011363636363636364,-8.58805726689854
13,10,Rob Kardashian,Cheryl Burke,TV Personality,United States,24,2,28.333199999999998,0.3476289184287836,1.0,2.0,3.0,0.7708249518234404,3.5210031203242846,4.005735922161781,11,0.36363636363636365,5.090909090909091,28.777666666666665,0.08,0.2596079846079846,-0.9542285852109489,0.9105521928336892,1,0.03125,1,-3.5,11,0.011363636363636364,-9.542285852109488
14,1,William Levy,Cheryl Burke,Actor/Actress,Cuba,31,3,24.0,0.1070008516374132,3.0,5.0,12.0,0.0,0.0,3.9896757149221274,12,0.4166666666666667,4.833333333333333,24.0,0.24,0.22845117845117846,-0.41038991194028995,0.16841987982235895,2,0.025,0,2.0,24,0.010416666666666668,-0.41038991194028995
14,2,William Levy,Cheryl Burke,Actor/Actress,Cuba,31,3,25.0,0.0617454253870784,3.5,12.0,12.0,0.041666664930555625,0.7071067811865476,3.9896757149221274,12,0.4166666666666667,4.833333333333333,24.5,0.24,0.22845117845117846,-0.41038991194028995,0.16841987982235895,2,0.025,0,2.0,24,0.010416666666666668,-0.8207798238805799
14,3,William Levy,Cheryl Burke,Actor/Actress,Cuba,31,3,28.0,0.0813374431632191,2.0,9.0,11.0,0.1666666597222225,2.081665999466132,3.9896757149221274,12,0.4166666666666667,4.833333333333333,25.666666666666668,0.24,0.22845117845117846,-0.41038991194028995,0.16841987982235895,2,0.025,0,2.0,24,0.010416666666666668,-1.23116973582087
14,4,William Levy,Cheryl Burke,Actor/Actress,Cuba,31,3,22.0,0.1016772319619208,7.0,4.0,10.0,-0.08333332986111125,2.9999999999999996,3.9896757149221274,12,0.4166666666666667,4.833333333333333,25.0,0.24,0.22845117845117846,-0.41038991194028995,0.16841987982235895,2,0.025,0,2.0,24,0.010416666666666668,-1.6415596477611598
14,5,William Levy,Cheryl Burke,Actor/Actress,Cuba,31,3,29.0,0.1269732028716198,1.5,2.0,9.0,0.20833332465277812,3.7859388972001824,3.9896757149221274,12,0.4166666666666667,4.833333333333333,26.333333333333332,0.24,0.22845117845117846,-0.41038991194028995,0.16841987982235895,2,0.025,0,2.0,24,0.010416666666666668,-2.0519495597014497
14,6,William Levy,Cheryl Burke,Actor/Actress,Cuba,31,3,36.0,0.1388240959199637,3.0,2.0,8.0,0.4999999791666675,7.0,3.9896757149221274,12,0.4166666666666667,4.833333333333333,29.0,0.24,0.22845117845117846,-0.41038991194028995,0.16841987982235895,2,0.025,0,2.0,24,0.010416666666666668,-2.46233947164174
14,7,William Levy,Cheryl Burke,Actor/Actress,Cuba,31,3,26.5,0.1769598506466753,3.5,1.0,7.0,0.10416666232638906,4.924428900898052,3.9896757149221274,12,0.4166666666666667,4.833333333333333,30.5,0.24,0.22845117845117846,-0.41038991194028995,0.16841987982235895,2,0.025,0,2.0,24,0.010416666666666668,-2.87272938358203
14,8,William Levy,Cheryl Burke,Actor/Actress,Cuba,31,3,28.5,0.2330895499481761,1.0,2.0,6.0,0.18749999218750033,5.008326400438906,3.9896757149221274,12,0.4166666666666667,4.833333333333333,30.333333333333332,0.24,0.22845117845117846,-0.41038991194028995,0.16841987982235895,2,0.025,0,2.0,24,0.010416666666666668,-3.2831192955223196
14,9,William Levy,Cheryl Burke,Actor/Actress,Cuba,31,3,29.0,0.2804535941743384,2.0,1.0,4.0,0.20833332465277812,1.3228756555322927,3.9896757149221274,12,0.4166666666666667,4.833333333333333,28.0,0.24,0.22845117845117846,-0.41038991194028995,0.16841987982235895,2,0.025,0,2.0,24,0.010416666666666668,-3.6935092074626095
14,10,William Levy,Cheryl Burke,Actor/Actress,Cuba,31,3,29.666600000000003,0.326376791764519,2.5,2.0,3.0,0.2361083234954866,0.5852792951517491,3.9896757149221274,12,0.4166666666666667,4.833333333333333,29.055533333333333,0.24,0.22845117845117846,-0.41038991194028995,0.16841987982235895,2,0.025,0,2.0,24,0.010416666666666668,-4.103899119402899
14,1,Jack Wagner,Anna Trebunskaya,Actor/Actress,United States,52,11,23.0,0.1035982545840742,5.5,7.0,12.0,0.0,0.0,3.9896757149221274,8,0.25,7.25,23.0,0.2727272727272727,0.22845117845117846,1.2211261078716866,1.4911489713258541,2,0.025,1,1.5,16,0.00625,1.2211261078716866
14,2,Jack Wagner,Anna Trebunskaya,Actor/Actress,United States,52,11,21.0,0.0951711518833204,8.5,3.0,12.0,-0.08695651795841226,1.4142135623730951,3.9896757149221274,8,0.25,7.25,22.0,0.2727272727272727,0.22845117845117846,1.2211261078716866,1.4911489713258541,2,0.025,1,1.5,16,0.00625,2.4422522157433733
14,3,Jack Wagner,Anna Trebunskaya,Actor/Actress,United States,52,11,24.0,0.0663716953403774,9.0,11.0,11.0,0.04347825897920613,1.5275252316519463,3.9896757149221274,8,0.25,7.25,22.666666666666668,0.2727272727272727,0.22845117845117846,1.2211261078716866,1.4911489713258541,2,0.025,1,1.5,16,0.00625,3.66337832361506
14,1,Sherri Sheperd,Valentin Chmerkovskiy,Actor/Actress,United States,44,10,23.0,0.0923944812678974,5.5,8.0,12.0,0.0,0.0,3.9896757149221274,1,0.0,11.0,23.0,0.5263157894736842,0.22845117845117846,0.5995961955623622,0.3595155977328585,2,0.025,1,2.5,2,0.0,0.5995961955623622
14,2,Sherri Sheperd,Valentin Chmerkovskiy,Actor/Actress,United States,44,10,23.0,0.0784327459262379,6.0,8.0,12.0,0.0,0.0,3.9896757149221274,1,0.0,11.0,23.0,0.5263157894736842,0.22845117845117846,0.5995961955623622,0.3595155977328585,2,0.025,1,2.5,2,0.0,1.1991923911247244
14,3,Sherri Sheperd,Valentin Chmerkovskiy,Actor/Actress,United States,44,10,24.0,0.0854773288684678,9.0,6.0,11.0,0.04347825897920613,0.5773502691896263,3.9896757149221274,1,0.0,11.0,23.333333333333332,0.5263157894736842,0.22845117845117846,0.5995961955623622,0.3595155977328585,2,0.025,1,2.5,2,0.0,1.7987885866870865
14,4,Sherri Sheperd,Valentin Chmerkovskiy,Actor/Actress,United States,44,10,21.0,0.0661952685066615,9.0,10.0,10.0,-0.08695651795841226,1.5275252316519474,3.9896757149221274,1,0.0,11.0,22.666666666666668,0.5263157894736842,0.22845117845117846,0.5995961955623622,0.3595155977328585,2,0.025,1,2.5,2,0.0,2.398384782249449
14,1,Jaleel White,Kym Johnson,Actor/Actress,United States,35,7,26.0,0.0086063223945561,1.5,11.0,12.0,0.0,0.0,3.9896757149221274,10,0.4,5.8,26.0,0.35714285714285715,0.22845117845117846,-0.09962495578562776,0.009925131815288285,2,0.025,1,9.5,20,0.010000000000000002,-0.09962495578562776
14,2,Jaleel White,Kym Johnson,Actor/Actress,United States,35,7,22.0,0.1063262502611486,7.0,2.0,12.0,-0.15384614792899431,2.8284271247461903,3.9896757149221274,10,0.4,5.8,24.0,0.35714285714285715,0.22845117845117846,-0.09962495578562776,0.009925131815288285,2,0.025,1,9.5,20,0.010000000000000002,-0.19924991157125552
14,3,Jaleel White,Kym Johnson,Actor/Actress,United States,35,7,25.0,0.0815333489773192,5.5,8.0,11.0,-0.03846153698224858,2.081665999466133,3.9896757149221274,10,0.4,5.8,24.333333333333332,0.35714285714285715,0.22845117845117846,-0.09962495578562776,0.009925131815288285,2,0.025,1,9.5,20,0.010000000000000002,-0.2988748673568833
14,4,Jaleel White,Kym Johnson,Actor/Actress,United States,35,7,22.0,0.0981638482968854,7.0,6.0,10.0,-0.15384614792899431,1.732050807568877,3.9896757149221274,10,0.4,5.8,23.0,0.35714285714285715,0.22845117845117846,-0.09962495578562776,0.009925131815288285,2,0.025,1,9.5,20,0.010000000000000002,-0.39849982314251103
14,5,Jaleel White,Kym Johnson,Actor/Actress,United States,35,7,24.0,0.0822683489872923,6.0,9.0,9.0,-0.07692307396449716,1.5275252316519463,3.9896757149221274,10,0.4,5.8,23.666666666666668,0.35714285714285715,0.22845117845117846,-0.09962495578562776,0.009925131815288285,2,0.025,1,9.5,20,0.010000000000000002,-0.4981247789281388
14,6,Jaleel White,Kym Johnson,Actor/Actress,United States,35,7,36.9998,0.1174677067944835,2.0,7.0,8.0,0.4230692144973379,8.144413218888149,3.9896757149221274,10,0.4,5.8,27.6666,0.35714285714285715,0.22845117845117846,-0.09962495578562776,0.009925131815288285,2,0.025,1,9.5,20,0.010000000000000002,-0.5977497347137666
14,7,Jaleel White,Kym Johnson,Actor/Actress,United States,35,7,25.5,0.0995079255602871,6.0,7.0,7.0,-0.01923076849112429,7.112081271564137,3.9896757149221274,10,0.4,5.8,28.833266666666663,0.35714285714285715,0.22845117845117846,-0.09962495578562776,0.009925131815288285,2,0.025,1,9.5,20,0.010000000000000002,-0.6973746904993943
14,1,Roshon Fegan,Chelsie Hightower,Actor/Actress,United States,20,6,23.0,0.0519169016444775,5.5,9.0,12.0,0.0,0.0,3.9896757149221274,5,0.0,7.0,23.0,0.14285714285714285,0.22845117845117846,-1.264993541365611,1.60020865969671,2,0.025,1,3.5,10,0.0,-1.264993541365611
14,2,Roshon Fegan,Chelsie Hightower,Actor/Actress,United States,20,6,26.0,0.0747203465563899,1.5,9.0,12.0,0.1304347769376184,2.1213203435596424,3.9896757149221274,5,0.0,7.0,24.5,0.14285714285714285,0.22845117845117846,-1.264993541365611,1.60020865969671,2,0.025,1,3.5,10,0.0,-2.529987082731222
14,3,Roshon Fegan,Chelsie Hightower,Actor/Actress,United States,20,6,25.0,0.0981171255025937,5.5,3.0,11.0,0.08695651795841226,1.5275252316519465,3.9896757149221274,5,0.0,7.0,24.666666666666668,0.14285714285714285,0.22845117845117846,-1.264993541365611,1.60020865969671,2,0.025,1,3.5,10,0.0,-3.794980624096833
14,4,Roshon Fegan,Chelsie Hightower,Actor/Actress,United States,20,6,26.0,0.0895488271111456,2.5,8.0,10.0,0.1304347769376184,0.577350269189624,3.9896757149221274,5,0.0,7.0,25.666666666666668,0.14285714285714285,0.22845117845117846,-1.264993541365611,1.60020865969671,2,0.025,1,3.5,10,0.0,-5.059974165462444
14,5,Roshon Fegan,Chelsie Hightower,Actor/Actress,United States,20,6,26.0,0.106252942566175,5.0,5.0,9.0,0.1304347769376184,0.577350269189624,3.9896757149221274,5,0.0,7.0,25.666666666666668,0.14285714285714285,0.22845117845117846,-1.264993541365611,1.60020865969671,2,0.025,1,3.5,10,0.0,-6.324967706828055
14,6,Roshon Fegan,Chelsie Hightower,Actor/Actress,United States,20,6,27.9998,0.1183625898519257,7.0,5.0,8.0,0.21738259924423484,1.1545850683254133,3.9896757149221274,5,0.0,7.0,26.6666,0.14285714285714285,0.22845117845117846,-1.264993541365611,1.60020865969671,2,0.025,1,3.5,10,0.0,-7.589961248193666
14,7,Roshon Fegan,Chelsie Hightower,Actor/Actress,United States,20,6,26.0,0.1273857159087984,5.0,5.0,7.0,0.1304347769376184,1.1545850683254133,3.9896757149221274,5,0.0,7.0,26.6666,0.14285714285714285,0.22845117845117846,-1.264993541365611,1.60020865969671,2,0.025,1,3.5,10,0.0,-8.854954789559278
14,8,Roshon Fegan,Chelsie Hightower,Actor/Actress,United States,20,6,28.0,0.0432933744462804,2.0,6.0,6.0,0.21739129489603065,1.1546428076826776,3.9896757149221274,5,0.0,7.0,27.333266666666663,0.14285714285714285,0.22845117845117846,-1.264993541365611,1.60020865969671,2,0.025,1,3.5,10,0.0,-10.119948330924888
14,1,Melissa Gilbert,Maksim Chmerkoskiy,Actor/Actress,United States,47,5,20.0,0.120172714662906,11.0,2.0,12.0,0.0,0.0,3.9896757149221274,11,0.36363636363636365,5.909090909090909,20.0,0.4117647058823529,0.22845117845117846,0.8326699126783589,0.6933391834797858,2,0.025,1,-9.0,22,0.009090909090909092,0.8326699126783589
14,2,Melissa Gilbert,Maksim Chmerkoskiy,Actor/Actress,United States,47,5,20.0,0.0793791104266676,10.0,6.0,12.0,0.0,0.0,3.9896757149221274,11,0.36363636363636365,5.909090909090909,20.0,0.4117647058823529,0.22845117845117846,0.8326699126783589,0.6933391834797858,2,0.025,1,-9.0,22,0.009090909090909092,1.6653398253567178
14,3,Melissa Gilbert,Maksim Chmerkoskiy,Actor/Actress,United States,47,5,24.0,0.0793508925589618,9.0,10.0,11.0,0.1999999900000005,2.3094010767585034,3.9896757149221274,11,0.36363636363636365,5.909090909090909,21.333333333333332,0.4117647058823529,0.22845117845117846,0.8326699126783589,0.6933391834797858,2,0.025,1,-9.0,22,0.009090909090909092,2.4980097380350768
14,4,Melissa Gilbert,Maksim Chmerkoskiy,Actor/Actress,United States,47,5,22.0,0.0972220658614674,7.0,7.0,10.0,0.09999999500000024,2.000000000000001,3.9896757149221274,11,0.36363636363636365,5.909090909090909,22.0,0.4117647058823529,0.22845117845117846,0.8326699126783589,0.6933391834797858,2,0.025,1,-9.0,22,0.009090909090909092,3.3306796507134355
14,5,Melissa Gilbert,Maksim Chmerkoskiy,Actor/Actress,United States,47,5,21.0,0.1212088688429839,8.0,3.0,9.0,0.04999999750000012,1.5275252316519474,3.9896757149221274,11,0.36363636363636365,5.909090909090909,22.333333333333332,0.4117647058823529,0.22845117845117846,0.8326699126783589,0.6933391834797858,2,0.025,1,-9.0,22,0.009090909090909092,4.163349563391795
14,6,Melissa Gilbert,Maksim Chmerkoskiy,Actor/Actress,United States,47,5,30.0,0.1230720695429563,5.0,4.0,8.0,0.4999999750000012,4.932882862316248,3.9896757149221274,11,0.36363636363636365,5.909090909090909,24.333333333333332,0.4117647058823529,0.22845117845117846,0.8326699126783589,0.6933391834797858,2,0.025,1,-9.0,22,0.009090909090909092,4.9960194760701535
14,7,Melissa Gilbert,Maksim Chmerkoskiy,Actor/Actress,United States,47,5,23.5,0.1122418029549602,7.0,6.0,7.0,0.17499999125000043,4.645786621588785,3.9896757149221274,11,0.36363636363636365,5.909090909090909,24.833333333333332,0.4117647058823529,0.22845117845117846,0.8326699126783589,0.6933391834797858,2,0.025,1,-9.0,22,0.009090909090909092,5.828689388748512
14,8,Melissa Gilbert,Maksim Chmerkoskiy,Actor/Actress,United States,47,5,25.5,0.0585412909057939,6.0,5.0,6.0,0.27499998625000066,3.3291640592396976,3.9896757149221274,11,0.36363636363636365,5.909090909090909,26.333333333333332,0.4117647058823529,0.22845117845117846,0.8326699126783589,0.6933391834797858,2,0.025,1,-9.0,22,0.009090909090909092,6.661359301426871
14,1,Martina Navratilova,Tony Dovolani,Athlete,Czechoslovakia,55,12,20.0,0.1036831354037054,11.0,6.0,12.0,0.0,0.0,3.9896757149221274,12,0.16666666666666666,7.083333333333333,20.0,0.09523809523809523,0.22845117845117846,1.4541998249876833,2.114697130994209,3,0.08333333333333333,0,-5.0,36,0.013888888888888888,1.4541998249876833
14,2,Martina Navratilova,Tony Dovolani,Athlete,Czechoslovakia,55,12,17.0,0.0731075222263815,12.0,10.0,12.0,-0.14999999250000037,0.0,3.9896757149221274,12,0.16666666666666666,7.083333333333333,18.5,0.09523809523809523,0.22845117845117846,1.4541998249876833,2.114697130994209,3,0.08333333333333333,0,-5.0,36,0.013888888888888888,2.9083996499753666
14,1,Donald Driver,Peta Murgatroyd,Athlete,United States,37,1,21.0,0.11069349436725,8.5,4.0,12.0,0.0,0.0,3.9896757149221274,1,0.0,12.0,21.0,0.3333333333333333,0.22845117845117846,0.05575752229170335,0.0031089012921097963,3,0.08333333333333333,1,-4.5,3,0.0,0.05575752229170335
14,2,Donald Driver,Peta Murgatroyd,Athlete,United States,37,1,24.0,0.0886642046225839,5.0,5.0,12.0,0.14285713605442207,2.1213203435596424,3.9896757149221274,1,0.0,12.0,22.5,0.3333333333333333,0.22845117845117846,0.05575752229170335,0.0031089012921097963,3,0.08333333333333333,1,-4.5,3,0.0,0.1115150445834067
14,3,Donald Driver,Peta Murgatroyd,Athlete,United States,37,1,26.0,0.0953749387017547,4.0,4.0,11.0,0.23809522675737013,2.5166114784235827,3.9896757149221274,1,0.0,12.0,23.666666666666668,0.3333333333333333,0.22845117845117846,0.05575752229170335,0.0031089012921097963,3,0.08333333333333333,1,-4.5,3,0.0,0.16727256687511005
14,4,Donald Driver,Peta Murgatroyd,Athlete,United States,37,1,27.0,0.0871888122222141,1.0,9.0,10.0,0.28571427210884415,1.5275252316519448,3.9896757149221274,1,0.0,12.0,25.666666666666668,0.3333333333333333,0.22845117845117846,0.05575752229170335,0.0031089012921097963,3,0.08333333333333333,1,-4.5,3,0.0,0.2230300891668134
14,5,Donald Driver,Peta Murgatroyd,Athlete,United States,37,1,27.0,0.1017662501115409,3.5,8.0,9.0,0.28571427210884415,0.5773502691896194,3.9896757149221274,1,0.0,12.0,26.666666666666668,0.3333333333333333,0.22845117845117846,0.05575752229170335,0.0031089012921097963,3,0.08333333333333333,1,-4.5,3,0.0,0.27878761145851677
14,6,Donald Driver,Peta Murgatroyd,Athlete,United States,37,1,33.9999,0.1421858543646541,4.0,1.0,8.0,0.619042827664627,4.041394149300459,3.9896757149221274,1,0.0,12.0,29.333299999999998,0.3333333333333333,0.22845117845117846,0.05575752229170335,0.0031089012921097963,3,0.08333333333333333,1,-4.5,3,0.0,0.3345451337502201
14,7,Donald Driver,Peta Murgatroyd,Athlete,United States,37,1,26.5,0.1616691497517723,3.5,3.0,7.0,0.26190474943310715,4.193190909478522,3.9896757149221274,1,0.0,12.0,29.166633333333333,0.3333333333333333,0.22845117845117846,0.05575752229170335,0.0031089012921097963,3,0.08333333333333333,1,-4.5,3,0.0,0.3903026560419235
14,8,Donald Driver,Peta Murgatroyd,Athlete,United States,37,1,27.5,0.2215024303907097,3.5,3.0,6.0,0.3095237947845812,4.072206609444072,3.9896757149221274,1,0.0,12.0,29.333299999999998,0.3333333333333333,0.22845117845117846,0.05575752229170335,0.0031089012921097963,3,0.08333333333333333,1,-4.5,3,0.0,0.4460601783336268
14,9,Donald Driver,Peta Murgatroyd,Athlete,United States,37,1,28.5,0.278140395275807,3.0,2.0,4.0,0.35714284013605524,0.9999999999999982,3.9896757149221274,1,0.0,12.0,27.5,0.3333333333333333,0.22845117845117846,0.05575752229170335,0.0031089012921097963,3,0.08333333333333333,1,-4.5,3,0.0,0.5018177006253302
14,10,Donald Driver,Peta Murgatroyd,Athlete,United States,37,1,29.666600000000003,0.3485498229791964,2.5,1.0,3.0,0.41269521844308493,1.084367028885208,3.9896757149221274,1,0.0,12.0,28.555533333333333,0.3333333333333333,0.22845117845117846,0.05575752229170335,0.0031089012921097963,3,0.08333333333333333,1,-4.5,3,0.0,0.5575752229170335
14,1,Gavin DeGraw,Karina Smirnoff,Singer/Rapper,United States,35,9,20.0,0.0429685650702406,11.0,10.0,12.0,0.0,0.0,3.9896757149221274,10,0.2,5.9,20.0,0.2222222222222222,0.22845117845117846,-0.09962495578562776,0.009925131815288285,2,0.047619047619047616,1,-1.0,20,0.009523809523809525,-0.09962495578562776
14,2,Gavin DeGraw,Karina Smirnoff,Singer/Rapper,United States,35,9,21.0,0.1093990993046019,8.5,1.0,12.0,0.04999999750000012,0.7071067811865476,3.9896757149221274,10,0.2,5.9,20.5,0.2222222222222222,0.22845117845117846,-0.09962495578562776,0.009925131815288285,2,0.047619047619047616,1,-1.0,20,0.009523809523809525,-0.19924991157125552
14,3,Gavin DeGraw,Karina Smirnoff,Singer/Rapper,United States,35,9,24.0,0.1300506559724201,9.0,1.0,11.0,0.1999999900000005,2.081665999466132,3.9896757149221274,10,0.2,5.9,21.666666666666668,0.2222222222222222,0.22845117845117846,-0.09962495578562776,0.009925131815288285,2,0.047619047619047616,1,-1.0,20,0.009523809523809525,-0.2988748673568833
14,4,Gavin DeGraw,Karina Smirnoff,Singer/Rapper,United States,35,9,23.0,0.1155190223440027,5.0,3.0,10.0,0.14999999250000037,1.5275252316519454,3.9896757149221274,10,0.2,5.9,22.666666666666668,0.2222222222222222,0.22845117845117846,-0.09962495578562776,0.009925131815288285,2,0.047619047619047616,1,-1.0,20,0.009523809523809525,-0.39849982314251103
14,5,Gavin DeGraw,Karina Smirnoff,Singer/Rapper,United States,35,9,19.0,0.1044797860647253,9.0,6.0,9.0,-0.04999999750000012,2.6457513110645894,3.9896757149221274,10,0.2,5.9,22.0,0.2222222222222222,0.22845117845117846,-0.09962495578562776,0.009925131815288285,2,0.047619047619047616,1,-1.0,20,0.009523809523809525,-0.4981247789281388
14,1,Gladys Knight,Tristan MacManus,Singer/Rapper,United States,67,8,23.0,0.1145267358829979,5.5,3.0,12.0,0.0,0.0,3.9896757149221274,1,0.0,5.0,23.0,0.2,0.22845117845117846,2.38649469345167,5.695356921872981,2,0.047619047619047616,1,-2.5,2,0.0,2.38649469345167
14,2,Gladys Knight,Tristan MacManus,Singer/Rapper,United States,67,8,19.0,0.0791907017131196,11.0,7.0,12.0,-0.17391303591682453,2.8284271247461903,3.9896757149221274,1,0.0,5.0,21.0,0.2,0.22845117845117846,2.38649469345167,5.695356921872981,2,0.047619047619047616,1,-2.5,2,0.0,4.77298938690334
14,3,Gladys Knight,Tristan MacManus,Singer/Rapper,United States,67,8,24.0,0.0845305041724784,9.0,7.0,11.0,0.04347825897920613,2.6457513110645907,3.9896757149221274,1,0.0,5.0,22.0,0.2,0.22845117845117846,2.38649469345167,5.695356921872981,2,0.047619047619047616,1,-2.5,2,0.0,7.159484080355011
14,4,Gladys Knight,Tristan MacManus,Singer/Rapper,United States,67,8,20.0,0.0988963565589248,10.0,5.0,10.0,-0.1304347769376184,2.6457513110645907,3.9896757149221274,1,0.0,5.0,21.0,0.2,0.22845117845117846,2.38649469345167,5.695356921872981,2,0.047619047619047616,1,-2.5,2,0.0,9.54597877380668
14,5,Gladys Knight,Tristan MacManus,Singer/Rapper,United States,67,8,22.0,0.1169995050303461,7.0,4.0,9.0,-0.04347825897920613,2.0,3.9896757149221274,1,0.0,5.0,22.0,0.2,0.22845117845117846,2.38649469345167,5.695356921872981,2,0.047619047619047616,1,-2.5,2,0.0,11.932473467258351
14,6,Gladys Knight,Tristan MacManus,Singer/Rapper,United States,67,8,24.0,0.1076042911112492,8.0,8.0,8.0,0.04347825897920613,2.0,3.9896757149221274,1,0.0,5.0,22.0,0.2,0.22845117845117846,2.38649469345167,5.695356921872981,2,0.047619047619047616,1,-2.5,2,0.0,14.318968160710021
14,1,Katherine Jenkins,Mark Ballas,Singer/Rapper,Wales,31,2,26.0,0.1408224837460686,1.5,1.0,12.0,0.0,0.0,3.9896757149221274,9,0.4444444444444444,6.222222222222222,26.0,0.09523809523809523,0.22845117845117846,-0.41038991194028995,0.16841987982235895,2,0.047619047619047616,0,-0.5,18,0.021164021164021163,-0.41038991194028995
14,2,Katherine Jenkins,Mark Ballas,Singer/Rapper,Wales,31,2,26.0,0.0907368416287406,1.5,4.0,12.0,0.0,0.0,3.9896757149221274,9,0.4444444444444444,6.222222222222222,26.0,0.09523809523809523,0.22845117845117846,-0.41038991194028995,0.16841987982235895,2,0.047619047619047616,0,-0.5,18,0.021164021164021163,-0.8207798238805799
14,3,Katherine Jenkins,Mark Ballas,Singer/Rapper,Wales,31,2,29.0,0.0918663537105205,1.0,5.0,11.0,0.11538461094674572,1.7320508075688772,3.9896757149221274,9,0.4444444444444444,6.222222222222222,27.0,0.09523809523809523,0.22845117845117846,-0.41038991194028995,0.16841987982235895,2,0.047619047619047616,0,-0.5,18,0.021164021164021163,-1.23116973582087
14,4,Katherine Jenkins,Mark Ballas,Singer/Rapper,Wales,31,2,24.0,0.1221722355849279,4.0,2.0,10.0,-0.07692307396449716,2.5166114784235827,3.9896757149221274,9,0.4444444444444444,6.222222222222222,26.333333333333332,0.09523809523809523,0.22845117845117846,-0.41038991194028995,0.16841987982235895,2,0.047619047619047616,0,-0.5,18,0.021164021164021163,-1.6415596477611598
14,5,Katherine Jenkins,Mark Ballas,Singer/Rapper,Wales,31,2,29.0,0.1040017130082817,1.5,7.0,9.0,0.11538461094674572,2.8867513459481287,3.9896757149221274,9,0.4444444444444444,6.222222222222222,27.333333333333332,0.09523809523809523,0.22845117845117846,-0.41038991194028995,0.16841987982235895,2,0.047619047619047616,0,-0.5,18,0.021164021164021163,-2.0519495597014497
14,6,Katherine Jenkins,Mark Ballas,Singer/Rapper,Wales,31,2,38.9999,0.1180679562243966,1.0,6.0,8.0,0.49999613461553316,7.637571603810553,3.9896757149221274,9,0.4444444444444444,6.222222222222222,30.666633333333333,0.09523809523809523,0.22845117845117846,-0.41038991194028995,0.16841987982235895,2,0.047619047619047616,0,-0.5,18,0.021164021164021163,-2.46233947164174
14,7,Katherine Jenkins,Mark Ballas,Singer/Rapper,Wales,31,2,27.0,0.1469160789416485,2.0,4.0,7.0,0.03846153698224858,6.429043474991696,3.9896757149221274,9,0.4444444444444444,6.222222222222222,31.666633333333333,0.09523809523809523,0.22845117845117846,-0.41038991194028995,0.16841987982235895,2,0.047619047619047616,0,-0.5,18,0.021164021164021163,-2.87272938358203
14,8,Katherine Jenkins,Mark Ballas,Singer/Rapper,Wales,31,2,27.5,0.2377572838401928,3.5,1.0,6.0,0.05769230547337286,6.7884129222767005,3.9896757149221274,9,0.4444444444444444,6.222222222222222,31.166633333333333,0.09523809523809523,0.22845117845117846,-0.41038991194028995,0.16841987982235895,2,0.047619047619047616,0,-0.5,18,0.021164021164021163,-3.2831192955223196
14,9,Katherine Jenkins,Mark Ballas,Singer/Rapper,Wales,31,2,28.0,0.2644875672665695,4.0,3.0,4.0,0.07692307396449716,0.4999999999999929,3.9896757149221274,9,0.4444444444444444,6.222222222222222,27.5,0.09523809523809523,0.22845117845117846,-0.41038991194028995,0.16841987982235895,2,0.047619047619047616,0,-0.5,18,0.021164021164021163,-3.6935092074626095
14,10,Katherine Jenkins,Mark Ballas,Singer/Rapper,Wales,31,2,30.0,0.3250733852562846,1.0,3.0,3.0,0.15384614792899431,1.3228756555322927,3.9896757149221274,9,0.4444444444444444,6.222222222222222,28.5,0.09523809523809523,0.22845117845117846,-0.41038991194028995,0.16841987982235895,2,0.047619047619047616,0,-0.5,18,0.021164021164021163,-4.103899119402899
14,1,Maria Menounos,Derek Hough,TV Personality,United States,33,4,21.0,0.0036160593384126,8.5,12.0,12.0,0.0,0.0,3.9896757149221274,8,0.5,3.125,21.0,0.17647058823529413,0.22845117845117846,-0.2550074338629589,0.06502879132537134,1,0.1111111111111111,1,3.5,8,0.05555555555555555,-0.2550074338629589
14,2,Maria Menounos,Derek Hough,TV Personality,United States,33,4,25.0,0.0631266000637294,3.5,11.0,12.0,0.19047618140589612,2.8284271247461903,3.9896757149221274,8,0.5,3.125,23.0,0.17647058823529413,0.22845117845117846,-0.2550074338629589,0.06502879132537134,1,0.1111111111111111,1,3.5,8,0.05555555555555555,-0.5100148677259178
14,3,Maria Menounos,Derek Hough,TV Personality,United States,33,4,27.0,0.1059897130318869,3.0,2.0,11.0,0.28571427210884415,3.0550504633038935,3.9896757149221274,8,0.5,3.125,24.333333333333332,0.17647058823529413,0.22845117845117846,-0.2550074338629589,0.06502879132537134,1,0.1111111111111111,1,3.5,8,0.05555555555555555,-0.7650223015888766
14,4,Maria Menounos,Derek Hough,TV Personality,United States,33,4,26.0,0.1234163315518492,2.5,1.0,10.0,0.23809522675737013,1.0000000000000027,3.9896757149221274,8,0.5,3.125,26.0,0.17647058823529413,0.22845117845117846,-0.2550074338629589,0.06502879132537134,1,0.1111111111111111,1,3.5,8,0.05555555555555555,-1.0200297354518355
14,5,Maria Menounos,Derek Hough,TV Personality,United States,33,4,27.0,0.1360493825170347,3.5,1.0,9.0,0.28571427210884415,0.5773502691896302,3.9896757149221274,8,0.5,3.125,26.666666666666668,0.17647058823529413,0.22845117845117846,-0.2550074338629589,0.06502879132537134,1,0.1111111111111111,1,3.5,8,0.05555555555555555,-1.2750371693147944
14,6,Maria Menounos,Derek Hough,TV Personality,United States,33,4,29.999899999999997,0.1344154361903706,6.0,3.0,8.0,0.428566646258731,2.081609954658492,3.9896757149221274,8,0.5,3.125,27.666633333333333,0.17647058823529413,0.22845117845117846,-0.2550074338629589,0.06502879132537134,1,0.1111111111111111,1,3.5,8,0.05555555555555555,-1.5300446031777533
14,7,Maria Menounos,Derek Hough,TV Personality,United States,33,4,28.5,0.1753194762358579,1.0,2.0,7.0,0.35714284013605524,1.4999500002777861,3.9896757149221274,8,0.5,3.125,28.499966666666666,0.17647058823529413,0.22845117845117846,-0.2550074338629589,0.06502879132537134,1,0.1111111111111111,1,3.5,8,0.05555555555555555,-1.7850520370407121
14,8,Maria Menounos,Derek Hough,TV Personality,United States,33,4,26.5,0.2058160704688469,5.0,4.0,6.0,0.26190474943310715,1.7558948345501775,3.9896757149221274,8,0.5,3.125,28.333299999999998,0.17647058823529413,0.22845117845117846,-0.2550074338629589,0.06502879132537134,1,0.1111111111111111,1,3.5,8,0.05555555555555555,-2.040059470903671
14,9,Maria Menounos,Derek Hough,TV Personality,United States,33,4,29.5,0.1769184432832849,1.0,4.0,4.0,0.4047618854875292,1.527525231651946,3.9896757149221274,8,0.5,3.125,28.166666666666668,0.17647058823529413,0.22845117845117846,-0.2550074338629589,0.06502879132537134,1,0.1111111111111111,1,3.5,8,0.05555555555555555,-2.29506690476663
15,1,Gilles Marini,Peta Murgatroyd,Actor/Actress,France,36,6,24.0,0.0725249500061817,2.0,9.0,13.0,0.0,0.0,5.064069253652542,2,0.5,6.5,24.0,0.3333333333333333,0.2527568585260893,-0.021933716746962203,0.0004810879303359702,2,0.03125,0,7.0,4,0.015625,-0.021933716746962203
15,2,Gilles Marini,Peta Murgatroyd,Actor/Actress,France,36,6,25.5,0.092799246387748,2.0,3.0,12.0,0.06249999739583344,1.0606601717798212,5.064069253652542,2,0.5,6.5,24.75,0.3333333333333333,0.2527568585260893,-0.021933716746962203,0.0004810879303359702,2,0.03125,0,7.0,4,0.015625,-0.043867433493924406
15,3,Gilles Marini,Peta Murgatroyd,Actor/Actress,France,36,6,25.5,0.114055212242832,5.5,2.0,11.0,0.06249999739583344,0.8660254037844386,5.064069253652542,2,0.5,6.5,25.0,0.3333333333333333,0.2527568585260893,-0.021933716746962203,0.0004810879303359702,2,0.03125,0,7.0,4,0.015625,-0.0658011502408866
15,4,Gilles Marini,Peta Murgatroyd,Actor/Actress,France,36,6,39.5,0.13859264358902,1.5,2.0,9.0,0.6458333064236123,8.082903768654761,5.064069253652542,2,0.5,6.5,30.166666666666668,0.3333333333333333,0.2527568585260893,-0.021933716746962203,0.0004810879303359702,2,0.03125,0,7.0,4,0.015625,-0.08773486698784881
15,5,Gilles Marini,Peta Murgatroyd,Actor/Actress,France,36,6,28.25,0.1430170886839794,3.5,3.0,8.0,0.1770833259548614,7.417602937157888,5.064069253652542,2,0.5,6.5,31.083333333333332,0.3333333333333333,0.2527568585260893,-0.021933716746962203,0.0004810879303359702,2,0.03125,0,7.0,4,0.015625,-0.10966858373481102
15,6,Gilles Marini,Peta Murgatroyd,Actor/Actress,France,36,6,27.5,0.1390687113504026,5.5,3.0,8.0,0.1458333272569447,6.722164829874376,5.064069253652542,2,0.5,6.5,31.75,0.3333333333333333,0.2527568585260893,-0.021933716746962203,0.0004810879303359702,2,0.03125,0,7.0,4,0.015625,-0.1316023004817732
15,7,Gilles Marini,Peta Murgatroyd,Actor/Actress,France,36,6,33.4998,0.0736885268445224,5.0,6.0,7.0,0.39582498350729234,3.269059499815402,5.064069253652542,2,0.5,6.5,29.74993333333333,0.3333333333333333,0.2527568585260893,-0.021933716746962203,0.0004810879303359702,2,0.03125,0,7.0,4,0.015625,-0.15353601722873542
15,8,Gilles Marini,Peta Murgatroyd,Actor/Actress,France,36,6,29.2777,0.0147246562494247,2.5,7.0,7.0,0.2199041575039934,3.081772913437976,5.064069253652542,2,0.5,6.5,30.0925,0.3333333333333333,0.2527568585260893,-0.021933716746962203,0.0004810879303359702,2,0.03125,0,7.0,4,0.015625,-0.17546973397569762
15,1,Sabrina Bryan,Louis van Amstel,Actor/Actress,United States,28,8,22.5,0.0845880554990669,3.0,4.0,13.0,0.0,0.0,5.064069253652542,8,0.125,5.75,22.5,0.5454545454545454,0.2527568585260893,-0.6434636290562866,0.4140454419182864,2,0.03125,1,1.0,16,0.00390625,-0.6434636290562866
15,2,Sabrina Bryan,Louis van Amstel,Actor/Actress,United States,28,8,26.0,0.0890382063229442,1.0,5.0,12.0,0.1555555486419756,2.4748737341529163,5.064069253652542,8,0.125,5.75,24.25,0.5454545454545454,0.2527568585260893,-0.6434636290562866,0.4140454419182864,2,0.03125,1,1.0,16,0.00390625,-1.2869272581125732
15,3,Sabrina Bryan,Louis van Amstel,Actor/Actress,United States,28,8,25.5,0.0975843659567729,5.5,7.0,11.0,0.13333332740740766,1.892969448600091,5.064069253652542,8,0.125,5.75,24.666666666666668,0.5454545454545454,0.2527568585260893,-0.6434636290562866,0.4140454419182864,2,0.03125,1,1.0,16,0.00390625,-1.9303908871688598
15,4,Sabrina Bryan,Louis van Amstel,Actor/Actress,United States,28,8,35.5,0.1105854350013527,6.0,5.0,9.0,0.5777777520987666,5.634713834792322,5.064069253652542,8,0.125,5.75,29.0,0.5454545454545454,0.2527568585260893,-0.6434636290562866,0.4140454419182864,2,0.03125,1,1.0,16,0.00390625,-2.5738545162251465
15,5,Sabrina Bryan,Louis van Amstel,Actor/Actress,United States,28,8,29.25,0.1280152238818733,1.0,4.0,8.0,0.2999999866666673,5.051814855409225,5.064069253652542,8,0.125,5.75,30.083333333333332,0.5454545454545454,0.2527568585260893,-0.6434636290562866,0.4140454419182864,2,0.03125,1,1.0,16,0.00390625,-3.2173181452814332
15,6,Sabrina Bryan,Louis van Amstel,Actor/Actress,United States,28,8,30.0,0.0921374472977679,1.5,8.0,8.0,0.33333331851851916,3.4125992049072114,5.064069253652542,8,0.125,5.75,31.583333333333332,0.5454545454545454,0.2527568585260893,-0.6434636290562866,0.4140454419182864,2,0.03125,1,1.0,16,0.00390625,-3.8607817743377195
15,1,Kirstie Alley,Maksim Chmerkoskiy,Actor/Actress,United States,61,7,19.0,0.0662798391024766,12.0,11.0,13.0,0.0,0.0,5.064069253652542,12,0.3333333333333333,5.833333333333333,19.0,0.4117647058823529,0.2527568585260893,1.9203472592196766,3.687733595992524,2,0.03125,1,-1.0,24,0.010416666666666666,1.9203472592196766
15,2,Kirstie Alley,Maksim Chmerkoskiy,Actor/Actress,United States,61,7,21.0,0.076420842366454,11.0,9.0,12.0,0.10526315235457093,1.4142135623730951,5.064069253652542,12,0.3333333333333333,5.833333333333333,20.0,0.4117647058823529,0.2527568585260893,1.9203472592196766,3.687733595992524,2,0.03125,1,-1.0,24,0.010416666666666666,3.8406945184393533
15,3,Kirstie Alley,Maksim Chmerkoskiy,Actor/Actress,United States,61,7,24.0,0.1003557235278862,9.5,6.0,11.0,0.26315788088642733,2.5166114784235836,5.064069253652542,12,0.3333333333333333,5.833333333333333,21.333333333333332,0.4117647058823529,0.2527568585260893,1.9203472592196766,3.687733595992524,2,0.03125,1,-1.0,24,0.010416666666666666,5.76104177765903
15,4,Kirstie Alley,Maksim Chmerkoskiy,Actor/Actress,United States,61,7,30.0,0.1036204526741291,9.0,7.0,9.0,0.5789473379501401,4.582575694955841,5.064069253652542,12,0.3333333333333333,5.833333333333333,25.0,0.4117647058823529,0.2527568585260893,1.9203472592196766,3.687733595992524,2,0.03125,1,-1.0,24,0.010416666666666666,7.6813890368787066
15,5,Kirstie Alley,Maksim Chmerkoskiy,Actor/Actress,United States,61,7,26.25,0.0565155026754082,7.0,8.0,8.0,0.3815789272853196,3.0310889132455356,5.064069253652542,12,0.3333333333333333,5.833333333333333,26.75,0.4117647058823529,0.2527568585260893,1.9203472592196766,3.687733595992524,2,0.03125,1,-1.0,24,0.010416666666666666,9.601736296098384
15,6,Kirstie Alley,Maksim Chmerkoskiy,Actor/Actress,United States,61,7,27.5,0.1138821228485761,5.5,6.0,8.0,0.4473683975069264,1.9094065395649344,5.064069253652542,12,0.3333333333333333,5.833333333333333,27.916666666666668,0.4117647058823529,0.2527568585260893,1.9203472592196766,3.687733595992524,2,0.03125,1,-1.0,24,0.010416666666666666,11.52208355531806
15,7,Kirstie Alley,Maksim Chmerkoskiy,Actor/Actress,United States,61,7,27.999899999999997,0.0364641212644543,7.0,7.0,7.0,0.47367892243795123,0.9013462172402662,5.064069253652542,12,0.3333333333333333,5.833333333333333,27.249966666666666,0.4117647058823529,0.2527568585260893,1.9203472592196766,3.687733595992524,2,0.03125,1,-1.0,24,0.010416666666666666,13.442430814537737
15,8,Kirstie Alley,Maksim Chmerkoskiy,Actor/Actress,United States,61,7,25.5,0.0336794402846936,7.0,6.0,7.0,0.3421052451523555,1.3228378598049484,5.064069253652542,12,0.3333333333333333,5.833333333333333,26.999966666666666,0.4117647058823529,0.2527568585260893,1.9203472592196766,3.687733595992524,2,0.03125,1,-1.0,24,0.010416666666666666,15.362778073757413
15,1,Kelly Monaco,Valentin Chmerkovskiy,Actor/Actress,United States,36,3,21.5,0.0887227521689651,7.0,2.0,13.0,0.0,0.0,5.064069253652542,2,0.0,10.5,21.5,0.5263157894736842,0.2527568585260893,-0.021933716746962203,0.0004810879303359702,2,0.03125,1,-5.0,4,0.0,-0.021933716746962203
15,2,Kelly Monaco,Valentin Chmerkovskiy,Actor/Actress,United States,36,3,22.0,0.0789889517207319,10.0,8.0,12.0,0.023255812871822656,0.3535533905932738,5.064069253652542,2,0.0,10.5,21.75,0.5263157894736842,0.2527568585260893,-0.021933716746962203,0.0004810879303359702,2,0.03125,1,-5.0,4,0.0,-0.043867433493924406
15,3,Kelly Monaco,Valentin Chmerkovskiy,Actor/Actress,United States,36,3,27.0,0.1104146842445671,1.5,4.0,11.0,0.2558139415900492,3.0413812651491097,5.064069253652542,2,0.0,10.5,23.5,0.5263157894736842,0.2527568585260893,-0.021933716746962203,0.0004810879303359702,2,0.03125,1,-5.0,4,0.0,-0.0658011502408866
15,4,Kelly Monaco,Valentin Chmerkovskiy,Actor/Actress,United States,36,3,37.5,0.1143145694964066,3.0,4.0,9.0,0.744186011898325,7.910962857537212,5.064069253652542,2,0.0,10.5,28.833333333333332,0.5263157894736842,0.2527568585260893,-0.021933716746962203,0.0004810879303359702,2,0.03125,1,-5.0,4,0.0,-0.08773486698784881
15,5,Kelly Monaco,Valentin Chmerkovskiy,Actor/Actress,United States,36,3,25.75,0.1920701974631506,8.0,1.0,8.0,0.19767440941049258,6.453358298849781,5.064069253652542,2,0.0,10.5,30.083333333333332,0.5263157894736842,0.2527568585260893,-0.021933716746962203,0.0004810879303359702,2,0.03125,1,-5.0,4,0.0,-0.10966858373481102
15,6,Kelly Monaco,Valentin Chmerkovskiy,Actor/Actress,United States,36,3,27.0,0.1455948330265951,7.0,2.0,8.0,0.2558139415900492,6.453358298849781,5.064069253652542,2,0.0,10.5,30.083333333333332,0.5263157894736842,0.2527568585260893,-0.021933716746962203,0.0004810879303359702,2,0.03125,1,-5.0,4,0.0,-0.1316023004817732
15,7,Kelly Monaco,Valentin Chmerkovskiy,Actor/Actress,United States,36,3,36.0,0.1955458910891713,3.0,2.0,7.0,0.674418573282857,5.592033023269206,5.064069253652542,2,0.0,10.5,29.583333333333332,0.5263157894736842,0.2527568585260893,-0.021933716746962203,0.0004810879303359702,2,0.03125,1,-5.0,4,0.0,-0.15353601722873542
15,8,Kelly Monaco,Valentin Chmerkovskiy,Actor/Actress,United States,36,3,28.3333,0.1808331071748113,5.0,5.0,7.0,0.31782789219405155,4.857227909346372,5.064069253652542,2,0.0,10.5,30.444433333333336,0.5263157894736842,0.2527568585260893,-0.021933716746962203,0.0004810879303359702,2,0.03125,1,-5.0,4,0.0,-0.17546973397569762
15,9,Kelly Monaco,Valentin Chmerkovskiy,Actor/Actress,United States,36,3,27.110999999999997,0.2745392321589544,4.0,2.0,5.0,0.2609767320475937,4.818136347524149,5.064069253652542,2,0.0,10.5,30.48143333333333,0.5263157894736842,0.2527568585260893,-0.021933716746962203,0.0004810879303359702,2,0.03125,1,-5.0,4,0.0,-0.19740345072265983
15,10,Kelly Monaco,Valentin Chmerkovskiy,Actor/Actress,United States,36,3,29.1109,0.3848828528416712,2.0,1.0,3.0,0.3539953323723101,1.0081566561469177,5.064069253652542,2,0.0,10.5,28.185066666666668,0.5263157894736842,0.2527568585260893,-0.021933716746962203,0.0004810879303359702,2,0.03125,1,-5.0,4,0.0,-0.21933716746962204
15,1,Apolo Anton Ohno,Karina Smirnoff,Athlete,United States,30,5,22.0,0.0820499198180108,4.5,5.0,13.0,0.0,0.0,5.064069253652542,11,0.18181818181818182,6.181818181818182,22.0,0.3888888888888889,0.2527568585260893,-0.48808115097895555,0.238223209940942,3,0.03571428571428571,1,0.5,33,0.006493506493506493,-0.48808115097895555
15,2,Apolo Anton Ohno,Karina Smirnoff,Athlete,United States,30,5,24.5,0.0936637693626008,4.0,2.0,12.0,0.1136363584710746,1.7677669529663689,5.064069253652542,11,0.18181818181818182,6.181818181818182,23.25,0.3888888888888889,0.2527568585260893,-0.48808115097895555,0.238223209940942,3,0.03571428571428571,1,0.5,33,0.006493506493506493,-0.9761623019579111
15,3,Apolo Anton Ohno,Karina Smirnoff,Athlete,United States,30,5,25.5,0.123322525284612,5.5,1.0,11.0,0.15909090185950445,1.8027756377319946,5.064069253652542,11,0.18181818181818182,6.181818181818182,24.0,0.3888888888888889,0.2527568585260893,-0.48808115097895555,0.238223209940942,3,0.03571428571428571,1,0.5,33,0.006493506493506493,-1.4642434529368666
15,4,Apolo Anton Ohno,Karina Smirnoff,Athlete,United States,30,5,34.5,0.0981532273838447,7.0,8.0,9.0,0.568181792355373,5.507570547286101,5.064069253652542,11,0.18181818181818182,6.181818181818182,28.166666666666668,0.3888888888888889,0.2527568585260893,-0.48808115097895555,0.238223209940942,3,0.03571428571428571,1,0.5,33,0.006493506493506493,-1.9523246039158222
15,5,Apolo Anton Ohno,Karina Smirnoff,Athlete,United States,30,5,28.25,0.0945332684766622,3.5,7.0,8.0,0.2840908961776865,4.61203136734057,5.064069253652542,11,0.18181818181818182,6.181818181818182,29.416666666666668,0.3888888888888889,0.2527568585260893,-0.48808115097895555,0.238223209940942,3,0.03571428571428571,1,0.5,33,0.006493506493506493,-2.440405754894778
15,6,Apolo Anton Ohno,Karina Smirnoff,Athlete,United States,30,5,30.0,0.1280327760443605,1.5,4.0,8.0,0.36363634710743875,3.2242570203588494,5.064069253652542,11,0.18181818181818182,6.181818181818182,30.916666666666668,0.3888888888888889,0.2527568585260893,-0.48808115097895555,0.238223209940942,3,0.03571428571428571,1,0.5,33,0.006493506493506493,-2.9284869058737333
15,7,Apolo Anton Ohno,Karina Smirnoff,Athlete,United States,30,5,33.0,0.1890326407510523,6.0,3.0,7.0,0.49999997727272827,2.4022558842332606,5.064069253652542,11,0.18181818181818182,6.181818181818182,30.416666666666668,0.3888888888888889,0.2527568585260893,-0.48808115097895555,0.238223209940942,3,0.03571428571428571,1,0.5,33,0.006493506493506493,-3.4165680568526886
15,8,Apolo Anton Ohno,Karina Smirnoff,Athlete,United States,30,5,29.2777,0.1843269994456341,2.5,4.0,7.0,0.33080453041797586,1.9738808888414028,5.064069253652542,11,0.18181818181818182,6.181818181818182,30.75923333333333,0.3888888888888889,0.2527568585260893,-0.48808115097895555,0.238223209940942,3,0.03571428571428571,1,0.5,33,0.006493506493506493,-3.9046492078316444
15,9,Apolo Anton Ohno,Karina Smirnoff,Athlete,United States,30,5,28.610999999999997,0.0844142089672284,3.0,5.0,5.0,0.3004999863409096,2.365140136087782,5.064069253652542,11,0.18181818181818182,6.181818181818182,30.296233333333333,0.3888888888888889,0.2527568585260893,-0.48808115097895555,0.238223209940942,3,0.03571428571428571,1,0.5,33,0.006493506493506493,-4.3927303588106
15,1,Emmitt Smith,Cheryl Burke,Athlete,United States,43,4,24.5,0.0791379838553173,1.0,6.0,13.0,0.0,0.0,5.064069253652542,13,0.46153846153846156,4.6923076923076925,24.5,0.36,0.2527568585260893,0.5219049565236967,0.27238478364400176,3,0.03571428571428571,1,5.0,39,0.016483516483516484,0.5219049565236967
15,2,Emmitt Smith,Cheryl Burke,Athlete,United States,43,4,22.5,0.0745516955558859,8.0,10.0,12.0,-0.0816326497292796,1.4142135623730951,5.064069253652542,13,0.46153846153846156,4.6923076923076925,23.5,0.36,0.2527568585260893,0.5219049565236967,0.27238478364400176,3,0.03571428571428571,1,5.0,39,0.016483516483516484,1.0438099130473935
15,3,Emmitt Smith,Cheryl Burke,Athlete,United States,43,4,25.0,0.0957612235464489,8.0,8.0,11.0,0.0204081624323199,1.3228756555322954,5.064069253652542,13,0.46153846153846156,4.6923076923076925,24.0,0.36,0.2527568585260893,0.5219049565236967,0.27238478364400176,3,0.03571428571428571,1,5.0,39,0.016483516483516484,1.56571486957109
15,4,Emmitt Smith,Cheryl Burke,Athlete,United States,43,4,36.0,0.1413926701773161,5.0,1.0,9.0,0.4693877359433577,7.182153808805082,5.064069253652542,13,0.46153846153846156,4.6923076923076925,27.833333333333332,0.36,0.2527568585260893,0.5219049565236967,0.27238478364400176,3,0.03571428571428571,1,5.0,39,0.016483516483516484,2.087619826094787
15,5,Emmitt Smith,Cheryl Burke,Athlete,United States,43,4,28.0,0.1157729881381964,6.0,6.0,8.0,0.1428571370262393,5.6862407030773285,5.064069253652542,13,0.46153846153846156,4.6923076923076925,29.666666666666668,0.36,0.2527568585260893,0.5219049565236967,0.27238478364400176,3,0.03571428571428571,1,5.0,39,0.016483516483516484,2.6095247826184838
15,6,Emmitt Smith,Cheryl Burke,Athlete,United States,43,4,26.5,0.1235740590389842,8.0,5.0,8.0,0.0816326497292796,5.107184482014856,5.064069253652542,13,0.46153846153846156,4.6923076923076925,30.166666666666668,0.36,0.2527568585260893,0.5219049565236967,0.27238478364400176,3,0.03571428571428571,1,5.0,39,0.016483516483516484,3.13142973914218
15,7,Emmitt Smith,Cheryl Burke,Athlete,United States,43,4,34.4999,0.1293677344436867,4.0,5.0,7.0,0.4081591670139114,4.252393444089262,5.064069253652542,13,0.46153846153846156,4.6923076923076925,29.666633333333333,0.36,0.2527568585260893,0.5219049565236967,0.27238478364400176,3,0.03571428571428571,1,5.0,39,0.016483516483516484,3.653334695665877
15,8,Emmitt Smith,Cheryl Burke,Athlete,United States,43,4,29.0554,0.1942200287392113,4.0,2.0,7.0,0.18593468628838009,4.085972944518029,5.064069253652542,13,0.46153846153846156,4.6923076923076925,30.01843333333333,0.36,0.2527568585260893,0.5219049565236967,0.27238478364400176,3,0.03571428571428571,1,5.0,39,0.016483516483516484,4.175239652189574
15,9,Emmitt Smith,Cheryl Burke,Athlete,United States,43,4,27.0,0.0958105449648449,5.0,4.0,5.0,0.1020408121615995,3.875473076928802,5.064069253652542,13,0.46153846153846156,4.6923076923076925,30.185099999999995,0.36,0.2527568585260893,0.5219049565236967,0.27238478364400176,3,0.03571428571428571,1,5.0,39,0.016483516483516484,4.697144608713271
15,1,Shawn Johnson,Derek Hough,Athlete,United States,20,2,22.0,0.0881109247996133,4.5,3.0,13.0,0.0,0.0,5.064069253652542,9,0.4444444444444444,3.2222222222222223,22.0,0.17647058823529413,0.2527568585260893,-1.264993541365611,1.60020865969671,3,0.03571428571428571,1,-1.5,27,0.015873015873015872,-1.264993541365611
15,2,Shawn Johnson,Derek Hough,Athlete,United States,20,2,25.0,0.0897996168787306,3.0,4.0,12.0,0.13636363016528952,2.1213203435596424,5.064069253652542,9,0.4444444444444444,3.2222222222222223,23.5,0.17647058823529413,0.2527568585260893,-1.264993541365611,1.60020865969671,3,0.03571428571428571,1,-1.5,27,0.015873015873015872,-2.529987082731222
15,3,Shawn Johnson,Derek Hough,Athlete,United States,20,2,26.5,0.0895850473497057,3.0,9.0,11.0,0.2045454452479343,2.29128784747792,5.064069253652542,9,0.4444444444444444,3.2222222222222223,24.5,0.17647058823529413,0.2527568585260893,-1.264993541365611,1.60020865969671,3,0.03571428571428571,1,-1.5,27,0.015873015873015872,-3.794980624096833
15,4,Shawn Johnson,Derek Hough,Athlete,United States,20,2,39.5,0.1069042527442447,1.5,6.0,9.0,0.7954545092975223,7.973915809270458,5.064069253652542,9,0.4444444444444444,3.2222222222222223,30.333333333333332,0.17647058823529413,0.2527568585260893,-1.264993541365611,1.60020865969671,3,0.03571428571428571,1,-1.5,27,0.015873015873015872,-5.059974165462444
15,5,Shawn Johnson,Derek Hough,Athlete,United States,20,2,28.25,0.145030223271584,3.5,2.0,8.0,0.2840908961776865,7.054844671098957,5.064069253652542,9,0.4444444444444444,3.2222222222222223,31.416666666666668,0.17647058823529413,0.2527568585260893,-1.264993541365611,1.60020865969671,3,0.03571428571428571,1,-1.5,27,0.015873015873015872,-6.324967706828055
15,6,Shawn Johnson,Derek Hough,Athlete,United States,20,2,28.0,0.1478906271635982,4.0,1.0,8.0,0.27272726033057904,6.5685487996461855,5.064069253652542,9,0.4444444444444444,3.2222222222222223,31.916666666666668,0.17647058823529413,0.2527568585260893,-1.264993541365611,1.60020865969671,3,0.03571428571428571,1,-1.5,27,0.015873015873015872,-7.589961248193666
15,7,Shawn Johnson,Derek Hough,Athlete,United States,20,2,37.9998,0.2396658418226723,2.0,1.0,7.0,0.7272636033061999,5.70258859466471,5.064069253652542,9,0.4444444444444444,3.2222222222222223,31.4166,0.17647058823529413,0.2527568585260893,-1.264993541365611,1.60020865969671,3,0.03571428571428571,1,-1.5,27,0.015873015873015872,-8.854954789559278
15,8,Shawn Johnson,Derek Hough,Athlete,United States,20,2,27.8333,0.1915371574908949,6.0,3.0,7.0,0.26514998794772787,5.822106021879026,5.064069253652542,9,0.4444444444444444,3.2222222222222223,31.2777,0.17647058823529413,0.2527568585260893,-1.264993541365611,1.60020865969671,3,0.03571428571428571,1,-1.5,27,0.015873015873015872,-10.119948330924888
15,9,Shawn Johnson,Derek Hough,Athlete,United States,20,2,29.5,0.3552393476785709,1.0,1.0,5.0,0.34090907541322385,5.452556146432609,5.064069253652542,9,0.4444444444444444,3.2222222222222223,31.7777,0.17647058823529413,0.2527568585260893,-1.264993541365611,1.60020865969671,3,0.03571428571428571,1,-1.5,27,0.015873015873015872,-11.384941872290499
15,10,Shawn Johnson,Derek Hough,Athlete,United States,20,2,28.9443,0.3787443315509406,3.0,2.0,3.0,0.3156499856522733,0.8486275567055358,5.064069253652542,9,0.4444444444444444,3.2222222222222223,28.759200000000003,0.17647058823529413,0.2527568585260893,-1.264993541365611,1.60020865969671,3,0.03571428571428571,1,-1.5,27,0.015873015873015872,-12.64993541365611
15,1,Pamela Anderson,Tristan MacManus,Model,Canada,45,13,17.0,0.0624248322012581,13.0,12.0,13.0,0.0,0.0,5.064069253652542,2,0.0,6.5,0.0,0.2,0.2527568585260893,0.6772874346010278,0.45871826906844154,2,1.0,0,-1.0,4,0.0,0.6772874346010278
15,1,Helio Castroneves,Chelsie Hightower,Racing Driver,Brazil,37,10,21.5,0.0603376990566854,7.0,13.0,13.0,0.0,0.0,5.064069253652542,6,0.0,6.833333333333333,21.5,0.14285714285714285,0.2527568585260893,0.05575752229170335,0.0031089012921097963,3,0.3333333333333333,0,6.0,18,0.0,0.05575752229170335
15,2,Helio Castroneves,Chelsie Hightower,Racing Driver,Brazil,37,10,23.0,0.0601895743821,6.0,11.0,12.0,0.06976743861546797,1.0606601717798212,5.064069253652542,6,0.0,6.833333333333333,22.25,0.14285714285714285,0.2527568585260893,0.05575752229170335,0.0031089012921097963,3,0.3333333333333333,0,6.0,18,0.0,0.1115150445834067
15,3,Helio Castroneves,Chelsie Hightower,Racing Driver,Brazil,37,10,25.5,0.021970933270332,5.5,11.0,11.0,0.18604650297458125,2.0207259421636907,5.064069253652542,6,0.0,6.833333333333333,23.333333333333332,0.14285714285714285,0.2527568585260893,0.05575752229170335,0.0031089012921097963,3,0.3333333333333333,0,6.0,18,0.0,0.16727256687511005
15,1,Joey Fatone,Kym Johnson,Singer/Rapper,United States,35,12,20.5,0.0736487000901979,10.0,8.0,13.0,0.0,0.0,5.064069253652542,11,0.36363636363636365,5.909090909090909,20.5,0.21428571428571427,0.2527568585260893,-0.09962495578562776,0.009925131815288285,2,0.2,1,-2.0,22,0.07272727272727274,-0.09962495578562776
15,2,Joey Fatone,Kym Johnson,Singer/Rapper,United States,35,12,22.5,0.057865185125518,8.0,12.0,12.0,0.09756097085068434,0.0,5.064069253652542,11,0.36363636363636365,5.909090909090909,21.5,0.21428571428571427,0.2527568585260893,-0.09962495578562776,0.009925131815288285,2,0.2,1,-2.0,22,0.07272727272727274,-0.19924991157125552
15,1,Drew Lachey,Anna Trebunskaya,Singer/Rapper,United States,36,11,21.5,0.0721285704085148,7.0,10.0,13.0,0.0,0.0,5.064069253652542,9,0.2222222222222222,7.666666666666667,21.5,0.09090909090909091,0.2527568585260893,-0.021933716746962203,0.0004810879303359702,2,0.2,1,3.0,18,0.044444444444444446,-0.021933716746962203
15,2,Drew Lachey,Anna Trebunskaya,Singer/Rapper,United States,36,11,22.5,0.0826884627679911,8.0,7.0,12.0,0.04651162574364531,0.7071067811865476,5.064069253652542,9,0.2222222222222222,7.666666666666667,22.0,0.09090909090909091,0.2527568585260893,-0.021933716746962203,0.0004810879303359702,2,0.2,1,3.0,18,0.044444444444444446,-0.043867433493924406
15,3,Drew Lachey,Anna Trebunskaya,Singer/Rapper,United States,36,11,24.0,0.0273665114947228,9.5,10.0,11.0,0.11627906435911328,1.2583057392117911,5.064069253652542,9,0.2222222222222222,7.666666666666667,22.666666666666668,0.09090909090909091,0.2527568585260893,-0.021933716746962203,0.0004810879303359702,2,0.2,1,3.0,18,0.044444444444444446,-0.0658011502408866
15,1,Bristol Palin,Mark Ballas,TV Personality,United States,21,9,19.5,0.0745639364576558,11.0,7.0,13.0,0.0,0.0,5.064069253652542,10,0.5,5.8,19.5,0.2857142857142857,0.2527568585260893,-1.1873023023269456,1.4096867571108656,1,0.07142857142857142,1,-4.0,10,0.03571428571428571,-1.1873023023269456
15,2,Bristol Palin,Mark Ballas,TV Personality,United States,21,9,18.0,0.1158444329538134,12.0,1.0,12.0,-0.07692307297830395,1.0606601717798212,5.064069253652542,10,0.5,5.8,18.75,0.2857142857142857,0.2527568585260893,-1.1873023023269456,1.4096867571108656,1,0.07142857142857142,1,-4.0,10,0.03571428571428571,-2.374604604653891
15,3,Bristol Palin,Mark Ballas,TV Personality,United States,21,9,22.5,0.1088389698451206,11.0,5.0,11.0,0.1538461459566079,2.29128784747792,5.064069253652542,10,0.5,5.8,20.0,0.2857142857142857,0.2527568585260893,-1.1873023023269456,1.4096867571108656,1,0.07142857142857142,1,-4.0,10,0.03571428571428571,-3.5619069069808367
15,4,Bristol Palin,Mark Ballas,TV Personality,United States,21,9,32.0,0.0704794108219167,8.0,9.0,9.0,0.6410256081525328,7.147260547463855,5.064069253652542,10,0.5,5.8,24.166666666666668,0.2857142857142857,0.2527568585260893,-1.1873023023269456,1.4096867571108656,1,0.07142857142857142,1,-4.0,10,0.03571428571428571,-4.749209209307782
15,1,Melissa Rycroft,Tony Dovolani,TV Personality,United States,29,1,21.0,0.0954818365360559,9.0,1.0,13.0,0.0,0.0,5.064069253652542,13,0.15384615384615385,7.461538461538462,21.0,0.42857142857142855,0.2527568585260893,-0.5657723900176211,0.3200983973062512,1,0.07142857142857142,1,-8.0,13,0.01098901098901099,-0.5657723900176211
15,2,Melissa Rycroft,Tony Dovolani,TV Personality,United States,29,1,23.5,0.0881500161754816,5.0,6.0,12.0,0.11904761337868507,1.7677669529663689,5.064069253652542,13,0.15384615384615385,7.461538461538462,22.25,0.42857142857142855,0.2527568585260893,-0.5657723900176211,0.3200983973062512,1,0.07142857142857142,1,-8.0,13,0.01098901098901099,-1.1315447800352423
15,3,Melissa Rycroft,Tony Dovolani,TV Personality,United States,29,1,27.0,0.1107448032369991,1.5,3.0,11.0,0.28571427210884415,3.0138568866708546,5.064069253652542,13,0.15384615384615385,7.461538461538462,23.833333333333332,0.42857142857142855,0.2527568585260893,-0.5657723900176211,0.3200983973062512,1,0.07142857142857142,1,-8.0,13,0.01098901098901099,-1.6973171700528633
15,4,Melissa Rycroft,Tony Dovolani,TV Personality,United States,29,1,37.0,0.1159573381117689,4.0,3.0,9.0,0.7619047256235845,7.005949852327901,5.064069253652542,13,0.15384615384615385,7.461538461538462,29.166666666666668,0.42857142857142855,0.2527568585260893,-0.5657723900176211,0.3200983973062512,1,0.07142857142857142,1,-8.0,13,0.01098901098901099,-2.2630895600704846
15,5,Melissa Rycroft,Tony Dovolani,TV Personality,United States,29,1,28.25,0.1250455074091456,3.5,5.0,8.0,0.3452380787981867,5.448623679425841,5.064069253652542,13,0.15384615384615385,7.461538461538462,30.75,0.42857142857142855,0.2527568585260893,-0.5657723900176211,0.3200983973062512,1,0.07142857142857142,1,-8.0,13,0.01098901098901099,-2.828861950088106
15,6,Melissa Rycroft,Tony Dovolani,TV Personality,United States,29,1,29.5,0.1098194232297151,3.0,7.0,8.0,0.4047618854875292,4.732423621500227,5.064069253652542,13,0.15384615384615385,7.461538461538462,31.583333333333332,0.42857142857142855,0.2527568585260893,-0.5657723900176211,0.3200983973062512,1,0.07142857142857142,1,-8.0,13,0.01098901098901099,-3.3946343401057266
15,7,Melissa Rycroft,Tony Dovolani,TV Personality,United States,29,1,38.9999,0.1362352437844407,1.0,4.0,7.0,0.8571380544219972,5.8789306003161235,5.064069253652542,13,0.15384615384615385,7.461538461538462,32.249966666666666,0.42857142857142855,0.2527568585260893,-0.5657723900176211,0.3200983973062512,1,0.07142857142857142,1,-8.0,13,0.01098901098901099,-3.960406730123348
15,8,Melissa Rycroft,Tony Dovolani,TV Personality,United States,29,1,30.0,0.2006786106153298,1.0,1.0,7.0,0.4285714081632663,5.346280638911502,5.064069253652542,13,0.15384615384615385,7.461538461538462,32.8333,0.42857142857142855,0.2527568585260893,-0.5657723900176211,0.3200983973062512,1,0.07142857142857142,1,-8.0,13,0.01098901098901099,-4.526179120140969
15,9,Melissa Rycroft,Tony Dovolani,TV Personality,United States,29,1,28.7777,0.1899966662304013,2.0,3.0,5.0,0.37036664903015953,5.582496307507361,5.064069253652542,13,0.15384615384615385,7.461538461538462,32.59253333333333,0.42857142857142855,0.2527568585260893,-0.5657723900176211,0.3200983973062512,1,0.07142857142857142,1,-8.0,13,0.01098901098901099,-5.09195151015859
15,10,Melissa Rycroft,Tony Dovolani,TV Personality,United States,29,1,29.333099999999998,0.2363728156073881,1.0,3.0,3.0,0.3968142668183681,0.6119970125199711,5.064069253652542,13,0.15384615384615385,7.461538461538462,29.370266666666666,0.42857142857142855,0.2527568585260893,-0.5657723900176211,0.3200983973062512,1,0.07142857142857142,1,-8.0,13,0.01098901098901099,-5.657723900176212
16,1,Ingo Rademacher,Kym Johnson,Actor/Actress,Germany,41,5,20.0,0.0053172829432968,5.5,11.0,12.0,0.0,0.0,4.3598647617961435,12,0.3333333333333333,6.416666666666667,20.0,0.35714285714285715,0.23033910533910532,0.3665224784463656,0.13433872720646653,2,0.05263157894736842,0,5.5,24,0.017543859649122806,0.3665224784463656
16,2,Ingo Rademacher,Kym Johnson,Actor/Actress,Germany,41,5,20.0,0.027018591152339,6.0,10.0,12.0,0.0,0.0,4.3598647617961435,12,0.3333333333333333,6.416666666666667,20.0,0.35714285714285715,0.23033910533910532,0.3665224784463656,0.13433872720646653,2,0.05263157894736842,0,5.5,24,0.017543859649122806,0.7330449568927312
16,3,Ingo Rademacher,Kym Johnson,Actor/Actress,Germany,41,5,21.0,0.0733628327304542,7.0,11.0,11.0,0.04999999750000012,0.5773502691896263,4.3598647617961435,12,0.3333333333333333,6.416666666666667,20.333333333333332,0.35714285714285715,0.23033910533910532,0.3665224784463656,0.13433872720646653,2,0.05263157894736842,0,5.5,24,0.017543859649122806,1.0995674353390967
16,4,Ingo Rademacher,Kym Johnson,Actor/Actress,Germany,41,5,23.0,0.0963857158899902,5.0,5.0,10.0,0.14999999250000037,1.5275252316519474,4.3598647617961435,12,0.3333333333333333,6.416666666666667,21.333333333333332,0.35714285714285715,0.23033910533910532,0.3665224784463656,0.13433872720646653,2,0.05263157894736842,0,5.5,24,0.017543859649122806,1.4660899137854624
16,5,Ingo Rademacher,Kym Johnson,Actor/Actress,Germany,41,5,21.0,0.0922841803021455,6.5,8.0,9.0,0.04999999750000012,1.1547005383792532,4.3598647617961435,12,0.3333333333333333,6.416666666666667,21.666666666666668,0.35714285714285715,0.23033910533910532,0.3665224784463656,0.13433872720646653,2,0.05263157894736842,0,5.5,24,0.017543859649122806,1.832612392231828
16,6,Ingo Rademacher,Kym Johnson,Actor/Actress,Germany,41,5,23.0,0.1542424279553359,4.5,1.0,8.0,0.14999999250000037,1.1547005383792532,4.3598647617961435,12,0.3333333333333333,6.416666666666667,22.333333333333332,0.35714285714285715,0.23033910533910532,0.3665224784463656,0.13433872720646653,2,0.05263157894736842,0,5.5,24,0.017543859649122806,2.1991348706781935
16,7,Ingo Rademacher,Kym Johnson,Actor/Actress,Germany,41,5,25.0,0.1451274600704026,5.0,4.0,7.0,0.2499999875000006,2.000000000000001,4.3598647617961435,12,0.3333333333333333,6.416666666666667,23.0,0.35714285714285715,0.23033910533910532,0.3665224784463656,0.13433872720646653,2,0.05263157894736842,0,5.5,24,0.017543859649122806,2.5656573491245593
16,8,Ingo Rademacher,Kym Johnson,Actor/Actress,Germany,41,5,24.0,0.1711138773424043,5.0,3.0,6.0,0.1999999900000005,1.0000000000000018,4.3598647617961435,12,0.3333333333333333,6.416666666666667,24.0,0.35714285714285715,0.23033910533910532,0.3665224784463656,0.13433872720646653,2,0.05263157894736842,0,5.5,24,0.017543859649122806,2.9321798275709248
16,9,Ingo Rademacher,Kym Johnson,Actor/Actress,Germany,41,5,25.5,0.1819365783092007,5.0,5.0,5.0,0.27499998625000066,0.763762615825976,4.3598647617961435,12,0.3333333333333333,6.416666666666667,24.833333333333332,0.35714285714285715,0.23033910533910532,0.3665224784463656,0.13433872720646653,2,0.05263157894736842,0,5.5,24,0.017543859649122806,3.29870230601729
16,1,Zendaya,Valentin Chmerkovskiy,Actor/Actress,United States,16,2,24.0,0.1312258185782182,1.0,3.0,12.0,0.0,0.0,4.3598647617961435,3,0.3333333333333333,8.0,24.0,0.5263157894736842,0.23033910533910532,-1.5757584975202734,2.4830148425073495,2,0.05263157894736842,1,2.0,6,0.017543859649122806,-1.5757584975202734
16,2,Zendaya,Valentin Chmerkovskiy,Actor/Actress,United States,16,2,26.0,0.0848036588160547,1.5,6.0,12.0,0.08333332986111125,1.4142135623730951,4.3598647617961435,3,0.3333333333333333,8.0,25.0,0.5263157894736842,0.23033910533910532,-1.5757584975202734,2.4830148425073495,2,0.05263157894736842,1,2.0,6,0.017543859649122806,-3.151516995040547
16,3,Zendaya,Valentin Chmerkovskiy,Actor/Actress,United States,16,2,25.9998,0.0813989595382443,1.5,9.0,11.0,0.08332499652812517,1.1546428076826762,4.3598647617961435,3,0.3333333333333333,8.0,25.333266666666663,0.5263157894736842,0.23033910533910532,-1.5757584975202734,2.4830148425073495,2,0.05263157894736842,1,2.0,6,0.017543859649122806,-4.72727549256082
16,4,Zendaya,Valentin Chmerkovskiy,Actor/Actress,United States,16,2,26.0,0.0961710562664837,2.5,6.0,10.0,0.08333332986111125,0.00011547005453592061,4.3598647617961435,3,0.3333333333333333,8.0,25.99993333333333,0.5263157894736842,0.23033910533910532,-1.5757584975202734,2.4830148425073495,2,0.05263157894736842,1,2.0,6,0.017543859649122806,-6.303033990081094
16,5,Zendaya,Valentin Chmerkovskiy,Actor/Actress,United States,16,2,29.0,0.1104133011939405,1.0,6.0,9.0,0.20833332465277812,1.7321085454824499,4.3598647617961435,3,0.3333333333333333,8.0,26.99993333333333,0.5263157894736842,0.23033910533910532,-1.5757584975202734,2.4830148425073495,2,0.05263157894736842,1,2.0,6,0.017543859649122806,-7.878792487601367
16,6,Zendaya,Valentin Chmerkovskiy,Actor/Actress,United States,16,2,25.5,0.1163170546376775,3.0,5.0,8.0,0.06249999739583344,1.8929694486000892,4.3598647617961435,3,0.3333333333333333,8.0,26.833333333333332,0.5263157894736842,0.23033910533910532,-1.5757584975202734,2.4830148425073495,2,0.05263157894736842,1,2.0,6,0.017543859649122806,-9.45455098512164
16,7,Zendaya,Valentin Chmerkovskiy,Actor/Actress,United States,16,2,30.0,0.1421674771596102,2.0,5.0,7.0,0.24999998958333375,2.3629078131263026,4.3598647617961435,3,0.3333333333333333,8.0,28.166666666666668,0.5263157894736842,0.23033910533910532,-1.5757584975202734,2.4830148425073495,2,0.05263157894736842,1,2.0,6,0.017543859649122806,-11.030309482641915
16,8,Zendaya,Valentin Chmerkovskiy,Actor/Actress,United States,16,2,29.0,0.1760097291068711,1.0,2.0,6.0,0.20833332465277812,2.3629078131263026,4.3598647617961435,3,0.3333333333333333,8.0,28.166666666666668,0.5263157894736842,0.23033910533910532,-1.5757584975202734,2.4830148425073495,2,0.05263157894736842,1,2.0,6,0.017543859649122806,-12.606067980162187
16,9,Zendaya,Valentin Chmerkovskiy,Actor/Actress,United States,16,2,27.5,0.2152087252754455,4.0,1.0,5.0,0.1458333272569447,1.258305739211787,4.3598647617961435,3,0.3333333333333333,8.0,28.833333333333332,0.5263157894736842,0.23033910533910532,-1.5757584975202734,2.4830148425073495,2,0.05263157894736842,1,2.0,6,0.017543859649122806,-14.18182647768246
16,10,Zendaya,Valentin Chmerkovskiy,Actor/Actress,United States,16,2,30.0,0.2728507795625945,1.5,1.0,4.0,0.24999998958333375,1.258305739211787,4.3598647617961435,3,0.3333333333333333,8.0,28.833333333333332,0.5263157894736842,0.23033910533910532,-1.5757584975202734,2.4830148425073495,2,0.05263157894736842,1,2.0,6,0.017543859649122806,-15.757584975202734
16,1,Dorothy Hamill,Tristan MacManus,Athlete,United States,56,12,21.0,0.172474596880317,3.0,2.0,12.0,0.0,0.0,4.3598647617961435,3,0.0,8.666666666666666,21.0,0.2,0.23033910533910532,1.531891064026349,2.34669023204378,3,0.03571428571428571,1,-1.0,9,0.0,1.531891064026349
16,2,Dorothy Hamill,Tristan MacManus,Athlete,United States,56,12,15.0,0.1916893099945814,12.0,1.0,12.0,-0.28571427210884415,0.0,4.3598647617961435,3,0.0,8.666666666666666,18.0,0.2,0.23033910533910532,1.531891064026349,2.34669023204378,3,0.03571428571428571,1,-1.0,9,0.0,3.063782128052698
16,1,Victor Ortiz,Lindsay Arnold,Athlete,United States,26,8,18.0,0.0896330885559185,9.0,5.0,12.0,0.0,0.0,4.3598647617961435,0,0.0,6.0,18.0,0.6,0.23033910533910532,-0.7988461071336178,0.6381551028825356,3,0.03571428571428571,1,-4.0,0,0.0,-0.7988461071336178
16,2,Victor Ortiz,Lindsay Arnold,Athlete,United States,26,8,18.0,0.1162373195228993,9.0,5.0,12.0,0.0,0.0,4.3598647617961435,0,0.0,6.0,18.0,0.6,0.23033910533910532,-0.7988461071336178,0.6381551028825356,3,0.03571428571428571,1,-4.0,0,0.0,-1.5976922142672356
16,3,Victor Ortiz,Lindsay Arnold,Athlete,United States,26,8,23.0,0.1060944994662114,4.5,1.0,11.0,0.27777776234567986,2.886751345948128,4.3598647617961435,0,0.0,6.0,19.666666666666668,0.6,0.23033910533910532,-0.7988461071336178,0.6381551028825356,3,0.03571428571428571,1,-4.0,0,0.0,-2.3965383214008535
16,4,Victor Ortiz,Lindsay Arnold,Athlete,United States,26,8,18.0,0.1063573625577115,9.5,3.0,10.0,0.0,2.886751345948128,4.3598647617961435,0,0.0,6.0,19.666666666666668,0.6,0.23033910533910532,-0.7988461071336178,0.6381551028825356,3,0.03571428571428571,1,-4.0,0,0.0,-3.1953844285344712
16,5,Victor Ortiz,Lindsay Arnold,Athlete,United States,26,8,21.0,0.1230200371357782,6.5,2.0,9.0,0.1666666574074079,2.5166114784235822,4.3598647617961435,0,0.0,6.0,20.666666666666668,0.6,0.23033910533910532,-0.7988461071336178,0.6381551028825356,3,0.03571428571428571,1,-4.0,0,0.0,-3.994230535668089
16,6,Victor Ortiz,Lindsay Arnold,Athlete,United States,26,8,20.0,0.101216921234776,8.0,7.0,8.0,0.11111110493827195,1.5275252316519456,4.3598647617961435,0,0.0,6.0,19.666666666666668,0.6,0.23033910533910532,-0.7988461071336178,0.6381551028825356,3,0.03571428571428571,1,-4.0,0,0.0,-4.793076642801707
16,1,Alexandra Raisman,Mark Ballas,Athlete,United States,18,4,21.0,0.0435595754932326,3.0,8.0,12.0,0.0,0.0,4.3598647617961435,11,0.45454545454545453,6.090909090909091,21.0,0.19047619047619047,0.23033910533910532,-1.4203760194429422,2.0174680366085775,3,0.03571428571428571,1,5.0,33,0.016233766233766232,-1.4203760194429422
16,2,Alexandra Raisman,Mark Ballas,Athlete,United States,18,4,24.0,0.0047669920904169,3.0,12.0,12.0,0.14285713605442207,2.1213203435596424,4.3598647617961435,11,0.45454545454545453,6.090909090909091,22.5,0.19047619047619047,0.23033910533910532,-1.4203760194429422,2.0174680366085775,3,0.03571428571428571,1,5.0,33,0.016233766233766232,-2.8407520388858845
16,3,Alexandra Raisman,Mark Ballas,Athlete,United States,18,4,23.0,0.0984493780073474,4.5,3.0,11.0,0.09523809070294806,1.5275252316519465,4.3598647617961435,11,0.45454545454545453,6.090909090909091,22.666666666666668,0.19047619047619047,0.23033910533910532,-1.4203760194429422,2.0174680366085775,3,0.03571428571428571,1,5.0,33,0.016233766233766232,-4.2611280583288265
16,4,Alexandra Raisman,Mark Ballas,Athlete,United States,18,4,27.0,0.1010995969386026,1.0,4.0,10.0,0.28571427210884415,2.0816659994661317,4.3598647617961435,11,0.45454545454545453,6.090909090909091,24.666666666666668,0.19047619047619047,0.23033910533910532,-1.4203760194429422,2.0174680366085775,3,0.03571428571428571,1,5.0,33,0.016233766233766232,-5.681504077771769
16,5,Alexandra Raisman,Mark Ballas,Athlete,United States,18,4,25.0,0.0934435209634323,4.0,7.0,9.0,0.19047618140589612,1.999999999999999,4.3598647617961435,11,0.45454545454545453,6.090909090909091,25.0,0.19047619047619047,0.23033910533910532,-1.4203760194429422,2.0174680366085775,3,0.03571428571428571,1,5.0,33,0.016233766233766232,-7.101880097214711
16,6,Alexandra Raisman,Mark Ballas,Athlete,United States,18,4,26.0,0.0904424045617941,2.0,8.0,8.0,0.23809522675737013,0.9999999999999978,4.3598647617961435,11,0.45454545454545453,6.090909090909091,26.0,0.19047619047619047,0.23033910533910532,-1.4203760194429422,2.0174680366085775,3,0.03571428571428571,1,5.0,33,0.016233766233766232,-8.522256116657653
16,7,Alexandra Raisman,Mark Ballas,Athlete,United States,18,4,32.0,0.1216698559002314,1.0,7.0,7.0,0.5238094988662143,3.7859388972001815,4.3598647617961435,11,0.45454545454545453,6.090909090909091,27.666666666666668,0.19047619047619047,0.23033910533910532,-1.4203760194429422,2.0174680366085775,3,0.03571428571428571,1,5.0,33,0.016233766233766232,-9.942632136100595
16,8,Alexandra Raisman,Mark Ballas,Athlete,United States,18,4,28.0,0.1622883490197669,2.0,5.0,6.0,0.3333333174603182,3.0550504633038917,4.3598647617961435,11,0.45454545454545453,6.090909090909091,28.666666666666668,0.19047619047619047,0.23033910533910532,-1.4203760194429422,2.0174680366085775,3,0.03571428571428571,1,5.0,33,0.016233766233766232,-11.363008155543538
16,9,Alexandra Raisman,Mark Ballas,Athlete,United States,18,4,29.5,0.2066861990017775,1.5,2.0,5.0,0.4047618854875292,2.020725942163687,4.3598647617961435,11,0.45454545454545453,6.090909090909091,29.833333333333332,0.19047619047619047,0.23033910533910532,-1.4203760194429422,2.0174680366085775,3,0.03571428571428571,1,5.0,33,0.016233766233766232,-12.78338417498648
16,10,Alexandra Raisman,Mark Ballas,Athlete,United States,18,4,29.0,0.2406064257065289,3.0,3.0,4.0,0.38095236281179223,0.7637626158259638,4.3598647617961435,11,0.45454545454545453,6.090909090909091,28.833333333333332,0.19047619047619047,0.23033910533910532,-1.4203760194429422,2.0174680366085775,3,0.03571428571428571,1,5.0,33,0.016233766233766232,-14.203760194429423
16,1,Jacoby Jones,Karina Smirnoff,Athlete,United States,28,3,20.0,0.0962213358553983,5.5,4.0,12.0,0.0,0.0,4.3598647617961435,12,0.16666666666666666,6.083333333333333,20.0,0.3888888888888889,0.23033910533910532,-0.6434636290562866,0.4140454419182864,3,0.03571428571428571,1,-1.5,36,0.005952380952380952,-0.6434636290562866
16,2,Jacoby Jones,Karina Smirnoff,Athlete,United States,28,3,23.0,0.1180272320427965,4.0,4.0,12.0,0.14999999250000037,2.1213203435596424,4.3598647617961435,12,0.16666666666666666,6.083333333333333,21.5,0.3888888888888889,0.23033910533910532,-0.6434636290562866,0.4140454419182864,3,0.03571428571428571,1,-1.5,36,0.005952380952380952,-1.2869272581125732
16,3,Jacoby Jones,Karina Smirnoff,Athlete,United States,28,3,25.9998,0.1044612195009779,1.5,2.0,11.0,0.2999899850005008,2.999900000555574,4.3598647617961435,12,0.16666666666666666,6.083333333333333,22.99993333333333,0.3888888888888889,0.23033910533910532,-0.6434636290562866,0.4140454419182864,3,0.03571428571428571,1,-1.5,36,0.005952380952380952,-1.9303908871688598
16,4,Jacoby Jones,Karina Smirnoff,Athlete,United States,28,3,24.0,0.113211888821318,4.0,2.0,10.0,0.1999999900000005,1.527416123174469,4.3598647617961435,12,0.16666666666666666,6.083333333333333,24.333266666666663,0.3888888888888889,0.23033910533910532,-0.6434636290562866,0.4140454419182864,3,0.03571428571428571,1,-1.5,36,0.005952380952380952,-2.5738545162251465
16,5,Jacoby Jones,Karina Smirnoff,Athlete,United States,28,3,26.0,0.1175844023573343,3.0,5.0,9.0,0.29999998500000075,1.1546428076826685,4.3598647617961435,12,0.16666666666666666,6.083333333333333,25.333266666666663,0.3888888888888889,0.23033910533910532,-0.6434636290562866,0.4140454419182864,3,0.03571428571428571,1,-1.5,36,0.005952380952380952,-3.2173181452814332
16,6,Jacoby Jones,Karina Smirnoff,Athlete,United States,28,3,22.5,0.1449346725867272,6.0,3.0,8.0,0.1249999937500003,1.7559422921421226,4.3598647617961435,12,0.16666666666666666,6.083333333333333,24.166666666666668,0.3888888888888889,0.23033910533910532,-0.6434636290562866,0.4140454419182864,3,0.03571428571428571,1,-1.5,36,0.005952380952380952,-3.8607817743377195
16,7,Jacoby Jones,Karina Smirnoff,Athlete,United States,28,3,27.0,0.1486133274964181,4.0,3.0,7.0,0.34999998250000086,2.362907813126301,4.3598647617961435,12,0.16666666666666666,6.083333333333333,25.166666666666668,0.3888888888888889,0.23033910533910532,-0.6434636290562866,0.4140454419182864,3,0.03571428571428571,1,-1.5,36,0.005952380952380952,-4.504245403394006
16,8,Jacoby Jones,Karina Smirnoff,Athlete,United States,28,3,26.0,0.1785400280244762,4.0,1.0,6.0,0.29999998500000075,2.362907813126301,4.3598647617961435,12,0.16666666666666666,6.083333333333333,25.166666666666668,0.3888888888888889,0.23033910533910532,-0.6434636290562866,0.4140454419182864,3,0.03571428571428571,1,-1.5,36,0.005952380952380952,-5.147709032450293
16,9,Jacoby Jones,Karina Smirnoff,Athlete,United States,28,3,29.5,0.2003605214151569,1.5,3.0,5.0,0.4749999762500012,1.8027756377319812,4.3598647617961435,12,0.16666666666666666,6.083333333333333,27.5,0.3888888888888889,0.23033910533910532,-0.6434636290562866,0.4140454419182864,3,0.03571428571428571,1,-1.5,36,0.005952380952380952,-5.79117266150658
16,10,Jacoby Jones,Karina Smirnoff,Athlete,United States,28,3,27.999899999999997,0.2526990595493527,4.0,2.0,4.0,0.3999949800002508,1.7559375472948766,4.3598647617961435,12,0.16666666666666666,6.083333333333333,27.833299999999998,0.3888888888888889,0.23033910533910532,-0.6434636290562866,0.4140454419182864,3,0.03571428571428571,1,-1.5,36,0.005952380952380952,-6.4346362905628665
16,1,D. L. Hughley,Cheryl Burke,Comedian,United States,50,9,12.0,0.0400999394140931,12.0,9.0,12.0,0.0,0.0,4.3598647617961435,14,0.42857142857142855,4.642857142857143,12.0,0.08,0.23033910533910532,1.0657436297943557,1.1358094844472486,1,0.08333333333333333,1,-3.0,14,0.03571428571428571,1.0657436297943557
16,2,D. L. Hughley,Cheryl Burke,Comedian,United States,50,9,16.0,0.0704023486294888,11.0,8.0,12.0,0.3333333055555579,2.8284271247461903,4.3598647617961435,14,0.42857142857142855,4.642857142857143,14.0,0.08,0.23033910533910532,1.0657436297943557,1.1358094844472486,1,0.08333333333333333,1,-3.0,14,0.03571428571428571,2.1314872595887113
16,3,D. L. Hughley,Cheryl Burke,Comedian,United States,50,9,16.0,0.0896123015322252,10.0,7.0,11.0,0.3333333055555579,2.3094010767585034,4.3598647617961435,14,0.42857142857142855,4.642857142857143,14.666666666666666,0.08,0.23033910533910532,1.0657436297943557,1.1358094844472486,1,0.08333333333333333,1,-3.0,14,0.03571428571428571,3.197230889383067
16,4,D. L. Hughley,Cheryl Burke,Comedian,United States,50,9,21.0,0.0929043717728656,6.5,7.0,10.0,0.7499999375000053,2.8867513459481287,4.3598647617961435,14,0.42857142857142855,4.642857142857143,17.666666666666668,0.08,0.23033910533910532,1.0657436297943557,1.1358094844472486,1,0.08333333333333333,1,-3.0,14,0.03571428571428571,4.262974519177423
16,5,D. L. Hughley,Cheryl Burke,Comedian,United States,50,9,18.0,0.0855053920376476,8.5,9.0,9.0,0.4999999583333368,2.5166114784235827,4.3598647617961435,14,0.42857142857142855,4.642857142857143,18.333333333333332,0.08,0.23033910533910532,1.0657436297943557,1.1358094844472486,1,0.08333333333333333,1,-3.0,14,0.03571428571428571,5.328718148971778
16,1,Andy Dick,Sharna Burgess,Comedian,United States,47,7,17.0,0.0805373972869984,11.0,6.0,12.0,0.0,0.0,4.3598647617961435,0,0.0,6.0,17.0,0.07142857142857142,0.23033910533910532,0.8326699126783589,0.6933391834797858,1,0.08333333333333333,1,-5.0,0,0.0,0.8326699126783589
16,2,Andy Dick,Sharna Burgess,Comedian,United States,47,7,20.0,0.1390478303914352,6.0,2.0,12.0,0.17647057785467188,2.1213203435596424,4.3598647617961435,0,0.0,6.0,18.5,0.07142857142857142,0.23033910533910532,0.8326699126783589,0.6933391834797858,1,0.08333333333333333,1,-5.0,0,0.0,1.6653398253567178
16,3,Andy Dick,Sharna Burgess,Comedian,United States,47,7,18.0,0.0920659366254112,9.0,6.0,11.0,0.05882352595155729,1.5275252316519465,4.3598647617961435,0,0.0,6.0,18.333333333333332,0.07142857142857142,0.23033910533910532,0.8326699126783589,0.6933391834797858,1,0.08333333333333333,1,-5.0,0,0.0,2.4980097380350768
16,4,Andy Dick,Sharna Burgess,Comedian,United States,47,7,21.0,0.0900617112382352,6.5,10.0,10.0,0.23529410380622917,1.5275252316519465,4.3598647617961435,0,0.0,6.0,19.666666666666668,0.07142857142857142,0.23033910533910532,0.8326699126783589,0.6933391834797858,1,0.08333333333333333,1,-5.0,0,0.0,3.3306796507134355
16,5,Andy Dick,Sharna Burgess,Comedian,United States,47,7,18.0,0.1179130995367893,8.5,4.0,9.0,0.05882352595155729,1.7320508075688772,4.3598647617961435,0,0.0,6.0,19.0,0.07142857142857142,0.23033910533910532,0.8326699126783589,0.6933391834797858,1,0.08333333333333333,1,-5.0,0,0.0,4.163349563391795
16,6,Andy Dick,Sharna Burgess,Comedian,United States,47,7,21.5,0.1363556138732688,7.0,4.0,8.0,0.2647058667820078,1.892969448600091,4.3598647617961435,0,0.0,6.0,20.166666666666668,0.07142857142857142,0.23033910533910532,0.8326699126783589,0.6933391834797858,1,0.08333333333333333,1,-5.0,0,0.0,4.9960194760701535
16,7,Andy Dick,Sharna Burgess,Comedian,United States,47,7,17.0,0.1320435642073331,7.0,6.0,7.0,0.0,2.362907813126304,4.3598647617961435,0,0.0,6.0,18.833333333333332,0.07142857142857142,0.23033910533910532,0.8326699126783589,0.6933391834797858,1,0.08333333333333333,1,-5.0,0,0.0,5.828689388748512
16,1,Wynonna Judd,Tony Dovolani,Singer/Rapper,United States,48,11,18.0,0.0298940495203083,9.0,10.0,12.0,0.0,0.0,4.3598647617961435,14,0.21428571428571427,7.0,18.0,0.14285714285714285,0.23033910533910532,0.9103611517170245,0.8287574265555473,2,0.07692307692307693,1,1.0,28,0.016483516483516484,0.9103611517170245
16,2,Wynonna Judd,Tony Dovolani,Singer/Rapper,United States,48,11,18.0,0.0738564387800824,9.0,7.0,12.0,0.0,0.0,4.3598647617961435,14,0.21428571428571427,7.0,18.0,0.14285714285714285,0.23033910533910532,0.9103611517170245,0.8287574265555473,2,0.07692307692307693,1,1.0,28,0.016483516483516484,1.820722303434049
16,3,Wynonna Judd,Tony Dovolani,Singer/Rapper,United States,48,11,15.0,0.086898932438602,11.0,8.0,11.0,-0.1666666574074079,1.7320508075688772,4.3598647617961435,14,0.21428571428571427,7.0,17.0,0.14285714285714285,0.23033910533910532,0.9103611517170245,0.8287574265555473,2,0.07692307692307693,1,1.0,28,0.016483516483516484,2.731083455151073
16,1,Kellie Pickler,Derek Hough,Singer/Rapper,United States,26,1,21.0,0.2339545804933476,3.0,1.0,12.0,0.0,0.0,4.3598647617961435,10,0.5,3.1,21.0,0.17647058823529413,0.23033910533910532,-0.7988461071336178,0.6381551028825356,2,0.07692307692307693,1,-2.0,20,0.038461538461538464,-0.7988461071336178
16,2,Kellie Pickler,Derek Hough,Singer/Rapper,United States,26,1,26.0,0.1260044266901788,1.5,3.0,12.0,0.23809522675737013,3.5355339059327378,4.3598647617961435,10,0.5,3.1,23.5,0.17647058823529413,0.23033910533910532,-0.7988461071336178,0.6381551028825356,2,0.07692307692307693,1,-2.0,20,0.038461538461538464,-1.5976922142672356
16,3,Kellie Pickler,Derek Hough,Singer/Rapper,United States,26,1,25.0,0.0937893857810156,3.0,5.0,11.0,0.19047618140589612,2.6457513110645907,4.3598647617961435,10,0.5,3.1,24.0,0.17647058823529413,0.23033910533910532,-0.7988461071336178,0.6381551028825356,2,0.07692307692307693,1,-2.0,20,0.038461538461538464,-2.3965383214008535
16,4,Kellie Pickler,Derek Hough,Singer/Rapper,United States,26,1,26.0,0.121782162805774,2.5,1.0,10.0,0.23809522675737013,0.5773502691896255,4.3598647617961435,10,0.5,3.1,25.666666666666668,0.17647058823529413,0.23033910533910532,-0.7988461071336178,0.6381551028825356,2,0.07692307692307693,1,-2.0,20,0.038461538461538464,-3.1953844285344712
16,5,Kellie Pickler,Derek Hough,Singer/Rapper,United States,26,1,27.0,0.1415445627493745,2.0,1.0,9.0,0.28571427210884415,1.0,4.3598647617961435,10,0.5,3.1,26.0,0.17647058823529413,0.23033910533910532,-0.7988461071336178,0.6381551028825356,2,0.07692307692307693,1,-2.0,20,0.038461538461538464,-3.994230535668089
16,6,Kellie Pickler,Derek Hough,Singer/Rapper,United States,26,1,27.0,0.1454239605166958,1.0,2.0,8.0,0.28571427210884415,0.5773502691896255,4.3598647617961435,10,0.5,3.1,26.666666666666668,0.17647058823529413,0.23033910533910532,-0.7988461071336178,0.6381551028825356,2,0.07692307692307693,1,-2.0,20,0.038461538461538464,-4.793076642801707
16,7,Kellie Pickler,Derek Hough,Singer/Rapper,United States,26,1,29.0,0.161220504086601,3.0,1.0,7.0,0.38095236281179223,1.1547005383792506,4.3598647617961435,10,0.5,3.1,27.666666666666668,0.17647058823529413,0.23033910533910532,-0.7988461071336178,0.6381551028825356,2,0.07692307692307693,1,-2.0,20,0.038461538461538464,-5.591922749935325
16,8,Kellie Pickler,Derek Hough,Singer/Rapper,United States,26,1,27.5,0.170875944079214,3.0,4.0,6.0,0.3095237947845812,1.040832999733065,4.3598647617961435,10,0.5,3.1,27.833333333333332,0.17647058823529413,0.23033910533910532,-0.7988461071336178,0.6381551028825356,2,0.07692307692307693,1,-2.0,20,0.038461538461538464,-6.3907688570689425
16,9,Kellie Pickler,Derek Hough,Singer/Rapper,United States,26,1,29.0,0.1958079759984193,3.0,4.0,5.0,0.38095236281179223,0.8660254037844374,4.3598647617961435,10,0.5,3.1,28.5,0.17647058823529413,0.23033910533910532,-0.7988461071336178,0.6381551028825356,2,0.07692307692307693,1,-2.0,20,0.038461538461538464,-7.18961496420256
16,10,Kellie Pickler,Derek Hough,Singer/Rapper,United States,26,1,30.0,0.2338437351815239,1.5,4.0,4.0,0.4285714081632663,1.2583057392117911,4.3598647617961435,10,0.5,3.1,28.833333333333332,0.17647058823529413,0.23033910533910532,-0.7988461071336178,0.6381551028825356,2,0.07692307692307693,1,-2.0,20,0.038461538461538464,-7.988461071336178
16,1,Lisa Vanderpump,Gleb Savchenko,TV Personality,England,52,10,18.0,0.07230341268288,9.0,7.0,12.0,0.0,0.0,4.3598647617961435,0,0.0,6.0,18.0,0.15384615384615385,0.23033910533910532,1.2211261078716866,1.4911489713258541,1,0.08333333333333333,0,-2.0,0,0.0,1.2211261078716866
16,2,Lisa Vanderpump,Gleb Savchenko,TV Personality,England,52,10,18.0,0.012507584107699,9.0,11.0,12.0,0.0,0.0,4.3598647617961435,0,0.0,6.0,18.0,0.15384615384615385,0.23033910533910532,1.2211261078716866,1.4911489713258541,1,0.08333333333333333,0,-2.0,0,0.0,2.4422522157433733
16,3,Lisa Vanderpump,Gleb Savchenko,TV Personality,England,52,10,21.0,0.0982322724473258,7.0,4.0,11.0,0.1666666574074079,1.7320508075688772,4.3598647617961435,0,0.0,6.0,19.0,0.15384615384615385,0.23033910533910532,1.2211261078716866,1.4911489713258541,1,0.08333333333333333,0,-2.0,0,0.0,3.66337832361506
16,4,Lisa Vanderpump,Gleb Savchenko,TV Personality,England,52,10,18.0,0.0908762802500271,9.5,9.0,10.0,0.0,1.7320508075688772,4.3598647617961435,0,0.0,6.0,19.0,0.15384615384615385,0.23033910533910532,1.2211261078716866,1.4911489713258541,1,0.08333333333333333,0,-2.0,0,0.0,4.8845044314867465
16,1,Sean Lowe,Peta Murgatroyd,TV Personality,United States,29,6,19.0,0.0047789222959907,7.0,12.0,12.0,0.0,0.0,4.3598647617961435,3,0.3333333333333333,6.333333333333333,19.0,0.13333333333333333,0.23033910533910532,-0.5657723900176211,0.3200983973062512,1,0.08333333333333333,1,5.0,3,0.027777777777777776,-0.5657723900176211
16,2,Sean Lowe,Peta Murgatroyd,TV Personality,United States,29,6,20.0,0.0356382677820273,6.0,9.0,12.0,0.05263157617728546,0.7071067811865476,4.3598647617961435,3,0.3333333333333333,6.333333333333333,19.5,0.13333333333333333,0.23033910533910532,-0.5657723900176211,0.3200983973062512,1,0.08333333333333333,1,5.0,3,0.027777777777777776,-1.1315447800352423
16,3,Sean Lowe,Peta Murgatroyd,TV Personality,United States,29,6,21.0,0.0756342819321845,7.0,10.0,11.0,0.10526315235457093,1.0,4.3598647617961435,3,0.3333333333333333,6.333333333333333,20.0,0.13333333333333333,0.23033910533910532,-0.5657723900176211,0.3200983973062512,1,0.08333333333333333,1,5.0,3,0.027777777777777776,-1.6973171700528633
16,4,Sean Lowe,Peta Murgatroyd,TV Personality,United States,29,6,20.0,0.0911498534589916,8.0,8.0,10.0,0.05263157617728546,0.5773502691896255,4.3598647617961435,3,0.3333333333333333,6.333333333333333,20.333333333333332,0.13333333333333333,0.23033910533910532,-0.5657723900176211,0.3200983973062512,1,0.08333333333333333,1,5.0,3,0.027777777777777776,-2.2630895600704846
16,5,Sean Lowe,Peta Murgatroyd,TV Personality,United States,29,6,24.0,0.1182915037235574,5.0,3.0,9.0,0.26315788088642733,2.081665999466132,4.3598647617961435,3,0.3333333333333333,6.333333333333333,21.666666666666668,0.13333333333333333,0.23033910533910532,-0.5657723900176211,0.3200983973062512,1,0.08333333333333333,1,5.0,3,0.027777777777777776,-2.828861950088106
16,6,Sean Lowe,Peta Murgatroyd,TV Personality,United States,29,6,23.0,0.1110669446337245,4.5,6.0,8.0,0.21052630470914185,2.081665999466132,4.3598647617961435,3,0.3333333333333333,6.333333333333333,22.333333333333332,0.13333333333333333,0.23033910533910532,-0.5657723900176211,0.3200983973062512,1,0.08333333333333333,1,5.0,3,0.027777777777777776,-3.3946343401057266
16,7,Sean Lowe,Peta Murgatroyd,TV Personality,United States,29,6,24.0,0.1491578110794033,6.0,2.0,7.0,0.26315788088642733,0.5773502691896255,4.3598647617961435,3,0.3333333333333333,6.333333333333333,23.666666666666668,0.13333333333333333,0.23033910533910532,-0.5657723900176211,0.3200983973062512,1,0.08333333333333333,1,5.0,3,0.027777777777777776,-3.960406730123348
16,8,Sean Lowe,Peta Murgatroyd,TV Personality,United States,29,6,21.0,0.1411720724272672,6.0,6.0,6.0,0.10526315235457093,1.5275252316519472,4.3598647617961435,3,0.3333333333333333,6.333333333333333,22.666666666666668,0.13333333333333333,0.23033910533910532,-0.5657723900176211,0.3200983973062512,1,0.08333333333333333,1,5.0,3,0.027777777777777776,-4.526179120140969
17,1,Valerie Harper,Tristan MacManus,Actor/Actress,United States,74,10,21.0,0.1184559664330404,8.5,3.0,12.0,0.0,0.0,4.44848491256943,4,0.0,9.5,21.0,0.2,0.21190753690753691,2.930333366722329,8.58685364012622,2,0.018867924528301886,1,-5.5,8,0.0,2.930333366722329
17,2,Valerie Harper,Tristan MacManus,Actor/Actress,United States,74,10,19.0,0.117405043092256,10.0,1.0,12.0,-0.09523809070294806,1.4142135623730951,4.44848491256943,4,0.0,9.5,20.0,0.2,0.21190753690753691,2.930333366722329,8.58685364012622,2,0.018867924528301886,1,-5.5,8,0.0,5.860666733444658
17,3,Valerie Harper,Tristan MacManus,Actor/Actress,United States,74,10,16.0,0.0909325117943734,10.5,6.0,11.0,-0.23809522675737013,2.5166114784235836,4.44848491256943,4,0.0,9.5,18.666666666666668,0.2,0.21190753690753691,2.930333366722329,8.58685364012622,2,0.018867924528301886,1,-5.5,8,0.0,8.791000100166986
17,4,Valerie Harper,Tristan MacManus,Actor/Actress,United States,74,10,18.0,0.0831599971022171,10.0,10.0,10.0,-0.14285713605442207,1.527525231651948,4.44848491256943,4,0.0,9.5,17.666666666666668,0.2,0.21190753690753691,2.930333366722329,8.58685364012622,2,0.018867924528301886,1,-5.5,8,0.0,11.721333466889316
17,1,Brant Daugherty,Peta Murgatroyd,Actor/Actress,United States,28,7,22.0,0.163324294796329,6.5,2.0,12.0,0.0,0.0,4.44848491256943,4,0.25,6.25,22.0,0.3333333333333333,0.21190753690753691,-0.6434636290562866,0.4140454419182864,2,0.018867924528301886,1,-4.5,8,0.0047169811320754715,-0.6434636290562866
17,2,Brant Daugherty,Peta Murgatroyd,Actor/Actress,United States,28,7,23.0,0.102067036612854,7.0,3.0,12.0,0.045454543388429844,0.7071067811865476,4.44848491256943,4,0.25,6.25,22.5,0.3333333333333333,0.21190753690753691,-0.6434636290562866,0.4140454419182864,2,0.018867924528301886,1,-4.5,8,0.0047169811320754715,-1.2869272581125732
17,3,Brant Daugherty,Peta Murgatroyd,Actor/Actress,United States,28,7,27.0,0.0953626233060805,1.0,5.0,11.0,0.2272727169421492,2.6457513110645907,4.44848491256943,4,0.25,6.25,24.0,0.3333333333333333,0.21190753690753691,-0.6434636290562866,0.4140454419182864,2,0.018867924528301886,1,-4.5,8,0.0047169811320754715,-1.9303908871688598
17,4,Brant Daugherty,Peta Murgatroyd,Actor/Actress,United States,28,7,21.0,0.115226431287033,8.5,1.0,10.0,-0.045454543388429844,3.0550504633038935,4.44848491256943,4,0.25,6.25,23.666666666666668,0.3333333333333333,0.21190753690753691,-0.6434636290562866,0.4140454419182864,2,0.018867924528301886,1,-4.5,8,0.0047169811320754715,-2.5738545162251465
17,5,Brant Daugherty,Peta Murgatroyd,Actor/Actress,United States,28,7,27.0,0.1389205170099614,4.0,1.0,9.0,0.2272727169421492,3.464101615137755,4.44848491256943,4,0.25,6.25,25.0,0.3333333333333333,0.21190753690753691,-0.6434636290562866,0.4140454419182864,2,0.018867924528301886,1,-4.5,8,0.0047169811320754715,-3.2173181452814332
17,6,Brant Daugherty,Peta Murgatroyd,Actor/Actress,United States,28,7,31.0,0.1829641502692859,3.0,2.0,8.0,0.4090908904958686,5.033222956847167,4.44848491256943,4,0.25,6.25,26.333333333333332,0.3333333333333333,0.21190753690753691,-0.6434636290562866,0.4140454419182864,2,0.018867924528301886,1,-4.5,8,0.0047169811320754715,-3.8607817743377195
17,7,Brant Daugherty,Peta Murgatroyd,Actor/Actress,United States,28,7,28.5,0.1409940079656635,3.5,3.0,8.0,0.295454532024794,2.020725942163692,4.44848491256943,4,0.25,6.25,28.833333333333332,0.3333333333333333,0.21190753690753691,-0.6434636290562866,0.4140454419182864,2,0.018867924528301886,1,-4.5,8,0.0047169811320754715,-4.504245403394006
17,8,Brant Daugherty,Peta Murgatroyd,Actor/Actress,United States,28,7,27.0,0.1137989991700866,5.0,7.0,7.0,0.2272727169421492,2.020725942163692,4.44848491256943,4,0.25,6.25,28.833333333333332,0.3333333333333333,0.21190753690753691,-0.6434636290562866,0.4140454419182864,2,0.018867924528301886,1,-4.5,8,0.0047169811320754715,-5.147709032450293
17,1,Elizabeth Berkley Lauren,Valentin Chmerkovskiy,Actor/Actress,United States,39,6,24.0,0.0510509883398741,2.5,8.0,12.0,0.0,0.0,4.44848491256943,4,0.5,6.5,24.0,0.5263157894736842,0.21190753690753691,0.21114000036903446,0.04458009975583587,2,0.018867924528301886,1,5.5,8,0.009433962264150943,0.21114000036903446
17,2,Elizabeth Berkley Lauren,Valentin Chmerkovskiy,Actor/Actress,United States,39,6,25.0,0.0657653637817413,2.5,11.0,12.0,0.041666664930555625,0.7071067811865476,4.44848491256943,4,0.5,6.5,24.5,0.5263157894736842,0.21190753690753691,0.21114000036903446,0.04458009975583587,2,0.018867924528301886,1,5.5,8,0.009433962264150943,0.42228000073806893
17,3,Elizabeth Berkley Lauren,Valentin Chmerkovskiy,Actor/Actress,United States,39,6,25.0,0.0790398873120356,4.5,10.0,11.0,0.041666664930555625,0.5773502691896255,4.44848491256943,4,0.5,6.5,24.666666666666668,0.5263157894736842,0.21190753690753691,0.21114000036903446,0.04458009975583587,2,0.018867924528301886,1,5.5,8,0.009433962264150943,0.6334200011071034
17,4,Elizabeth Berkley Lauren,Valentin Chmerkovskiy,Actor/Actress,United States,39,6,27.0,0.1144334591197186,2.0,2.0,10.0,0.12499999479166687,1.1547005383792506,4.44848491256943,4,0.5,6.5,25.666666666666668,0.5263157894736842,0.21190753690753691,0.21114000036903446,0.04458009975583587,2,0.018867924528301886,1,5.5,8,0.009433962264150943,0.8445600014761379
17,5,Elizabeth Berkley Lauren,Valentin Chmerkovskiy,Actor/Actress,United States,39,6,26.0,0.1380450250046284,6.5,2.0,9.0,0.08333332986111125,0.9999999999999987,4.44848491256943,4,0.5,6.5,26.0,0.5263157894736842,0.21190753690753691,0.21114000036903446,0.04458009975583587,2,0.018867924528301886,1,5.5,8,0.009433962264150943,1.0557000018451723
17,6,Elizabeth Berkley Lauren,Valentin Chmerkovskiy,Actor/Actress,United States,39,6,31.9998,0.1718324473384737,2.0,3.0,8.0,0.33332498611145894,3.214436189028075,4.44848491256943,4,0.5,6.5,28.333266666666663,0.5263157894736842,0.21190753690753691,0.21114000036903446,0.04458009975583587,2,0.018867924528301886,1,5.5,8,0.009433962264150943,1.2668400022142068
17,7,Elizabeth Berkley Lauren,Valentin Chmerkovskiy,Actor/Actress,United States,39,6,27.0,0.1111240356335336,5.5,5.0,8.0,0.12499999479166687,3.214436189028075,4.44848491256943,4,0.5,6.5,28.333266666666663,0.5263157894736842,0.21190753690753691,0.21114000036903446,0.04458009975583587,2,0.018867924528301886,1,5.5,8,0.009433962264150943,1.4779800025832412
17,8,Elizabeth Berkley Lauren,Valentin Chmerkovskiy,Actor/Actress,United States,39,6,25.0,0.1276279664156585,6.0,6.0,7.0,0.041666664930555625,3.6054403355669797,4.44848491256943,4,0.5,6.5,27.99993333333333,0.5263157894736842,0.21190753690753691,0.21114000036903446,0.04458009975583587,2,0.018867924528301886,1,5.5,8,0.009433962264150943,1.6891200029522757
17,9,Elizabeth Berkley Lauren,Valentin Chmerkovskiy,Actor/Actress,United States,39,6,28.0,0.1350172615622445,2.0,6.0,6.0,0.1666666597222225,1.527525231651948,4.44848491256943,4,0.5,6.5,26.666666666666668,0.5263157894736842,0.21190753690753691,0.21114000036903446,0.04458009975583587,2,0.018867924528301886,1,5.5,8,0.009433962264150943,1.9002600033213102
17,1,Leah Remini,Tony Dovolani,Actor/Actress,United States,43,5,21.0,0.0435094334571579,8.5,10.0,12.0,0.0,0.0,4.44848491256943,15,0.2,7.266666666666667,21.0,0.23809523809523808,0.21190753690753691,0.5219049565236967,0.27238478364400176,2,0.018867924528301886,1,1.5,30,0.0037735849056603774,0.5219049565236967
17,2,Leah Remini,Tony Dovolani,Actor/Actress,United States,43,5,24.0,0.0747356410363889,5.0,9.0,12.0,0.14285713605442207,2.1213203435596424,4.44848491256943,15,0.2,7.266666666666667,22.5,0.23809523809523808,0.21190753690753691,0.5219049565236967,0.27238478364400176,2,0.018867924528301886,1,1.5,30,0.0037735849056603774,1.0438099130473935
17,3,Leah Remini,Tony Dovolani,Actor/Actress,United States,43,5,24.0,0.0903333759269562,7.0,7.0,11.0,0.14285713605442207,1.7320508075688772,4.44848491256943,15,0.2,7.266666666666667,23.0,0.23809523809523808,0.21190753690753691,0.5219049565236967,0.27238478364400176,2,0.018867924528301886,1,1.5,30,0.0037735849056603774,1.56571486957109
17,4,Leah Remini,Tony Dovolani,Actor/Actress,United States,43,5,24.0,0.1017909797415408,5.5,5.0,10.0,0.14285713605442207,0.0,4.44848491256943,15,0.2,7.266666666666667,24.0,0.23809523809523808,0.21190753690753691,0.5219049565236967,0.27238478364400176,2,0.018867924528301886,1,1.5,30,0.0037735849056603774,2.087619826094787
17,5,Leah Remini,Tony Dovolani,Actor/Actress,United States,43,5,22.0,0.1238216994747808,9.0,3.0,9.0,0.04761904535147403,1.154700538379251,4.44848491256943,15,0.2,7.266666666666667,23.333333333333332,0.23809523809523808,0.21190753690753691,0.5219049565236967,0.27238478364400176,2,0.018867924528301886,1,1.5,30,0.0037735849056603774,2.6095247826184838
17,6,Leah Remini,Tony Dovolani,Actor/Actress,United States,43,5,27.999899999999997,0.1318180687445115,5.0,4.0,8.0,0.3333285555557829,3.0549959088897842,4.44848491256943,15,0.2,7.266666666666667,24.666633333333333,0.23809523809523808,0.21190753690753691,0.5219049565236967,0.27238478364400176,2,0.018867924528301886,1,1.5,30,0.0037735849056603774,3.13142973914218
17,7,Leah Remini,Tony Dovolani,Actor/Actress,United States,43,5,26.5,0.1403120672965555,7.0,4.0,8.0,0.26190474943310715,3.122458967437894,4.44848491256943,15,0.2,7.266666666666667,25.499966666666666,0.23809523809523808,0.21190753690753691,0.5219049565236967,0.27238478364400176,2,0.018867924528301886,1,1.5,30,0.0037735849056603774,3.653334695665877
17,8,Leah Remini,Tony Dovolani,Actor/Actress,United States,43,5,28.0,0.148895421228265,3.5,3.0,7.0,0.3333333174603182,0.8659965377143991,4.44848491256943,15,0.2,7.266666666666667,27.499966666666666,0.23809523809523808,0.21190753690753691,0.5219049565236967,0.27238478364400176,2,0.018867924528301886,1,1.5,30,0.0037735849056603774,4.175239652189574
17,9,Leah Remini,Tony Dovolani,Actor/Actress,United States,43,5,27.0,0.1600972456107677,3.5,4.0,6.0,0.28571427210884415,0.76376261582597,4.44848491256943,15,0.2,7.266666666666667,27.166666666666668,0.23809523809523808,0.21190753690753691,0.5219049565236967,0.27238478364400176,2,0.018867924528301886,1,1.5,30,0.0037735849056603774,4.697144608713271
17,10,Leah Remini,Tony Dovolani,Actor/Actress,United States,43,5,32.5,0.1585273019185115,4.0,5.0,5.0,0.5476190215419513,2.9297326385411564,4.44848491256943,15,0.2,7.266666666666667,29.166666666666668,0.23809523809523808,0.21190753690753691,0.5219049565236967,0.27238478364400176,2,0.018867924528301886,1,1.5,30,0.0037735849056603774,5.2190495652369675
17,1,Corbin Bleu,Karina Smirnoff,Actor/Actress,United States,24,2,24.0,0.0904069325870817,2.5,5.0,12.0,0.0,0.0,4.44848491256943,13,0.23076923076923078,5.846153846153846,24.0,0.2222222222222222,0.21190753690753691,-0.9542285852109489,0.9105521928336892,2,0.018867924528301886,1,2.5,26,0.0043541364296081275,-0.9542285852109489
17,2,Corbin Bleu,Karina Smirnoff,Actor/Actress,United States,24,2,26.0,0.08431035158174,1.0,5.0,12.0,0.08333332986111125,1.4142135623730951,4.44848491256943,13,0.23076923076923078,5.846153846153846,25.0,0.2222222222222222,0.21190753690753691,-0.9542285852109489,0.9105521928336892,2,0.018867924528301886,1,2.5,26,0.0043541364296081275,-1.9084571704218978
17,3,Corbin Bleu,Karina Smirnoff,Actor/Actress,United States,24,2,26.0,0.1023996674857386,2.5,3.0,11.0,0.08333332986111125,1.1547005383792517,4.44848491256943,13,0.23076923076923078,5.846153846153846,25.333333333333332,0.2222222222222222,0.21190753690753691,-0.9542285852109489,0.9105521928336892,2,0.018867924528301886,1,2.5,26,0.0043541364296081275,-2.862685755632847
17,4,Corbin Bleu,Karina Smirnoff,Actor/Actress,United States,24,2,27.0,0.1114734469553027,2.0,3.0,10.0,0.12499999479166687,0.5773502691896278,4.44848491256943,13,0.23076923076923078,5.846153846153846,26.333333333333332,0.2222222222222222,0.21190753690753691,-0.9542285852109489,0.9105521928336892,2,0.018867924528301886,1,2.5,26,0.0043541364296081275,-3.8169143408437956
17,5,Corbin Bleu,Karina Smirnoff,Actor/Actress,United States,24,2,28.0,0.1112914745680328,1.5,4.0,9.0,0.1666666597222225,1.0000000000000013,4.44848491256943,13,0.23076923076923078,5.846153846153846,27.0,0.2222222222222222,0.21190753690753691,-0.9542285852109489,0.9105521928336892,2,0.018867924528301886,1,2.5,26,0.0043541364296081275,-4.771142926054744
17,6,Corbin Bleu,Karina Smirnoff,Actor/Actress,United States,24,2,26.999899999999997,0.0305240789205481,6.0,8.0,8.0,0.12499582812517368,0.5773791388680435,4.44848491256943,13,0.23076923076923078,5.846153846153846,27.333299999999998,0.2222222222222222,0.21190753690753691,-0.9542285852109489,0.9105521928336892,2,0.018867924528301886,1,2.5,26,0.0043541364296081275,-5.725371511265694
17,7,Corbin Bleu,Karina Smirnoff,Actor/Actress,United States,24,2,29.5,0.0975432107997212,1.5,7.0,8.0,0.22916665711805595,1.2583520983148313,4.44848491256943,13,0.23076923076923078,5.846153846153846,28.166633333333333,0.2222222222222222,0.21190753690753691,-0.9542285852109489,0.9105521928336892,2,0.018867924528301886,1,2.5,26,0.0043541364296081275,-6.679600096476642
17,8,Corbin Bleu,Karina Smirnoff,Actor/Actress,United States,24,2,30.0,0.1304016415410733,1.5,5.0,7.0,0.24999998958333375,1.6073321592004588,4.44848491256943,13,0.23076923076923078,5.846153846153846,28.833299999999998,0.2222222222222222,0.21190753690753691,-0.9542285852109489,0.9105521928336892,2,0.018867924528301886,1,2.5,26,0.0043541364296081275,-7.633828681687591
17,9,Corbin Bleu,Karina Smirnoff,Actor/Actress,United States,24,2,29.0,0.1417998638695446,1.0,5.0,6.0,0.20833332465277812,0.5000000000000044,4.44848491256943,13,0.23076923076923078,5.846153846153846,29.5,0.2222222222222222,0.21190753690753691,-0.9542285852109489,0.9105521928336892,2,0.018867924528301886,1,2.5,26,0.0043541364296081275,-8.58805726689854
17,10,Corbin Bleu,Karina Smirnoff,Actor/Actress,United States,24,2,37.5,0.1933909329518369,2.0,3.0,5.0,0.562499976562501,4.645786621588786,4.44848491256943,13,0.23076923076923078,5.846153846153846,32.166666666666664,0.2222222222222222,0.21190753690753691,-0.9542285852109489,0.9105521928336892,2,0.018867924528301886,1,2.5,26,0.0043541364296081275,-9.542285852109488
17,11,Corbin Bleu,Karina Smirnoff,Actor/Actress,United States,24,2,29.6664,0.228373662853547,2.0,3.0,4.0,0.23609999016250038,4.726862559175309,4.44848491256943,13,0.23076923076923078,5.846153846153846,32.05546666666667,0.2222222222222222,0.21190753690753691,-0.9542285852109489,0.9105521928336892,2,0.018867924528301886,1,2.5,26,0.0043541364296081275,-10.496514437320437
17,1,Amber Riley,Derek Hough,Actor/Actress,United States,27,1,27.0,0.1966712744313912,1.0,1.0,12.0,0.0,0.0,4.44848491256943,11,0.5454545454545454,2.909090909090909,27.0,0.35294117647058826,0.21190753690753691,-0.7211548680949522,0.5200643437770479,2,0.018867924528301886,1,0.0,22,0.010291595197255574,-0.7211548680949522
17,2,Amber Riley,Derek Hough,Actor/Actress,United States,27,1,24.0,0.1025042091261993,5.0,2.0,12.0,-0.11111110699588492,2.1213203435596424,4.44848491256943,11,0.5454545454545454,2.909090909090909,25.5,0.35294117647058826,0.21190753690753691,-0.7211548680949522,0.5200643437770479,2,0.018867924528301886,1,0.0,22,0.010291595197255574,-1.4423097361899044
17,3,Amber Riley,Derek Hough,Actor/Actress,United States,27,1,24.0,0.0812453642528869,7.0,9.0,11.0,-0.11111110699588492,1.7320508075688772,4.44848491256943,11,0.5454545454545454,2.909090909090909,25.0,0.35294117647058826,0.21190753690753691,-0.7211548680949522,0.5200643437770479,2,0.018867924528301886,1,0.0,22,0.010291595197255574,-2.1634646042848567
17,4,Amber Riley,Derek Hough,Actor/Actress,United States,27,1,27.0,0.0909338166403301,2.0,8.0,10.0,0.0,1.7320508075688772,4.44848491256943,11,0.5454545454545454,2.909090909090909,25.0,0.35294117647058826,0.21190753690753691,-0.7211548680949522,0.5200643437770479,2,0.018867924528301886,1,0.0,22,0.010291595197255574,-2.884619472379809
17,5,Amber Riley,Derek Hough,Actor/Actress,United States,27,1,26.0,0.1026915142395158,6.5,7.0,9.0,-0.037037035665294975,1.5275252316519465,4.44848491256943,11,0.5454545454545454,2.909090909090909,25.666666666666668,0.35294117647058826,0.21190753690753691,-0.7211548680949522,0.5200643437770479,2,0.018867924528301886,1,0.0,22,0.010291595197255574,-3.605774340474761
17,6,Amber Riley,Derek Hough,Actor/Actress,United States,27,1,31.999899999999997,0.1234351822002742,1.0,5.0,8.0,0.1851814746229082,3.2144932213336506,4.44848491256943,11,0.5454545454545454,2.909090909090909,28.333299999999998,0.35294117647058826,0.21190753690753691,-0.7211548680949522,0.5200643437770479,2,0.018867924528301886,1,0.0,22,0.010291595197255574,-4.326929208569713
17,7,Amber Riley,Derek Hough,Actor/Actress,United States,27,1,29.5,0.100422000810864,1.5,6.0,8.0,0.09259258916323744,3.0138098817498964,4.44848491256943,11,0.5454545454545454,2.909090909090909,29.166633333333333,0.35294117647058826,0.21190753690753691,-0.7211548680949522,0.5200643437770479,2,0.018867924528301886,1,0.0,22,0.010291595197255574,-5.048084076664665
17,8,Amber Riley,Derek Hough,Actor/Actress,United States,27,1,28.0,0.1402412957030477,3.5,4.0,7.0,0.037037035665294975,2.0206723311808843,4.44848491256943,11,0.5454545454545454,2.909090909090909,29.833299999999998,0.35294117647058826,0.21190753690753691,-0.7211548680949522,0.5200643437770479,2,0.018867924528301886,1,0.0,22,0.010291595197255574,-5.769238944759618
17,9,Amber Riley,Derek Hough,Actor/Actress,United States,27,1,25.5,0.1915199141055183,5.0,1.0,6.0,-0.05555555349794246,2.0207259421636894,4.44848491256943,11,0.5454545454545454,2.909090909090909,27.666666666666668,0.35294117647058826,0.21190753690753691,-0.7211548680949522,0.5200643437770479,2,0.018867924528301886,1,0.0,22,0.010291595197255574,-6.49039381285457
17,10,Amber Riley,Derek Hough,Actor/Actress,United States,27,1,39.5,0.2361283795517005,1.0,1.0,5.0,0.4629629458161872,7.466592261534039,4.44848491256943,11,0.5454545454545454,2.909090909090909,31.0,0.35294117647058826,0.21190753690753691,-0.7211548680949522,0.5200643437770479,2,0.018867924528301886,1,0.0,22,0.010291595197255574,-7.211548680949522
17,11,Amber Riley,Derek Hough,Actor/Actress,United States,27,1,31.333199999999998,0.2903479523151211,1.0,1.0,4.0,0.1604888829448561,7.032340109332976,4.44848491256943,11,0.5454545454545454,2.909090909090909,32.111066666666666,0.35294117647058826,0.21190753690753691,-0.7211548680949522,0.5200643437770479,2,0.018867924528301886,1,0.0,22,0.010291595197255574,-7.932703549044474
17,1,Keyshawn Johnson,Sharna Burgess,Athlete,United States,41,12,17.0,0.0492608637616168,11.0,9.0,12.0,0.0,0.0,4.44848491256943,1,0.0,7.0,17.0,0.42857142857142855,0.21190753690753691,0.3665224784463656,0.13433872720646653,3,0.5,1,-2.0,3,0.0,0.3665224784463656
17,2,Keyshawn Johnson,Sharna Burgess,Athlete,United States,41,12,18.0,0.0642719055970896,11.0,12.0,12.0,0.05882352595155729,0.0,4.44848491256943,1,0.0,7.0,17.5,0.42857142857142855,0.21190753690753691,0.3665224784463656,0.13433872720646653,3,0.5,1,-2.0,3,0.0,0.7330449568927312
17,1,Bill Engvall,Emma Slater,Comedian,United States,56,4,18.0,0.0529867386856568,10.0,7.0,12.0,0.0,0.0,4.44848491256943,0,0.0,6.0,18.0,0.0625,0.21190753690753691,1.531891064026349,2.34669023204378,1,0.09090909090909091,1,-3.0,0,0.0,1.531891064026349
17,2,Bill Engvall,Emma Slater,Comedian,United States,56,4,21.0,0.0748117366279584,8.0,8.0,12.0,0.1666666574074079,2.1213203435596424,4.44848491256943,0,0.0,6.0,19.5,0.0625,0.21190753690753691,1.531891064026349,2.34669023204378,1,0.09090909090909091,1,-3.0,0,0.0,3.063782128052698
17,3,Bill Engvall,Emma Slater,Comedian,United States,56,4,24.0,0.1029920181597382,7.0,2.0,11.0,0.3333333148148158,3.0,4.44848491256943,0,0.0,6.0,21.0,0.0625,0.21190753690753691,1.531891064026349,2.34669023204378,1,0.09090909090909091,1,-3.0,0,0.0,4.5956731920790475
17,4,Bill Engvall,Emma Slater,Comedian,United States,56,4,21.0,0.0966247957505126,8.5,6.0,10.0,0.1666666574074079,1.7320508075688772,4.44848491256943,0,0.0,6.0,22.0,0.0625,0.21190753690753691,1.531891064026349,2.34669023204378,1,0.09090909090909091,1,-3.0,0,0.0,6.127564256105396
17,5,Bill Engvall,Emma Slater,Comedian,United States,56,4,24.0,0.1105143051484118,8.0,5.0,9.0,0.3333333148148158,1.7320508075688772,4.44848491256943,0,0.0,6.0,23.0,0.0625,0.21190753690753691,1.531891064026349,2.34669023204378,1,0.09090909090909091,1,-3.0,0,0.0,7.659455320131745
17,6,Bill Engvall,Emma Slater,Comedian,United States,56,4,23.9999,0.1841881010958821,8.0,1.0,8.0,0.3333277592595689,1.732021940777118,4.44848491256943,0,0.0,6.0,22.999966666666666,0.0625,0.21190753690753691,1.531891064026349,2.34669023204378,1,0.09090909090909091,1,-3.0,0,0.0,9.191346384158095
17,7,Bill Engvall,Emma Slater,Comedian,United States,56,4,25.0,0.1450599355419267,8.0,2.0,8.0,0.3888888672839518,0.577379138868046,4.44848491256943,0,0.0,6.0,24.333299999999998,0.0625,0.21190753690753691,1.531891064026349,2.34669023204378,1,0.09090909090909091,1,-3.0,0,0.0,10.723237448184443
17,8,Bill Engvall,Emma Slater,Comedian,United States,56,4,24.0,0.1701612865276648,7.0,1.0,7.0,0.3333333148148158,0.577379138868046,4.44848491256943,0,0.0,6.0,24.333299999999998,0.0625,0.21190753690753691,1.531891064026349,2.34669023204378,1,0.09090909090909091,1,-3.0,0,0.0,12.255128512210792
17,9,Bill Engvall,Emma Slater,Comedian,United States,56,4,21.0,0.1814465604659113,6.0,3.0,6.0,0.1666666574074079,2.081665999466133,4.44848491256943,0,0.0,6.0,23.333333333333332,0.0625,0.21190753690753691,1.531891064026349,2.34669023204378,1,0.09090909090909091,1,-3.0,0,0.0,13.78701957623714
17,10,Bill Engvall,Emma Slater,Comedian,United States,56,4,30.0,0.1880389409656179,5.0,4.0,5.0,0.6666666296296316,4.58257569495584,4.44848491256943,0,0.0,6.0,25.0,0.0625,0.21190753690753691,1.531891064026349,2.34669023204378,1,0.09090909090909091,1,-3.0,0,0.0,15.31891064026349
17,11,Bill Engvall,Emma Slater,Comedian,United States,56,4,25.499899999999997,0.2192770763806339,4.0,4.0,4.0,0.41666108796327267,4.50000000037037,4.44848491256943,0,0.0,6.0,25.499966666666666,0.0625,0.21190753690753691,1.531891064026349,2.34669023204378,1,0.09090909090909091,1,-3.0,0,0.0,16.85080170428984
17,1,Christina Milian,Mark Ballas,Singer/Rapper,United States,31,9,22.0,0.0168530615726524,6.5,12.0,12.0,0.0,0.0,4.44848491256943,12,0.4166666666666667,5.916666666666667,22.0,0.09523809523809523,0.21190753690753691,-0.41038991194028995,0.16841987982235895,2,0.2,1,5.5,24,0.08333333333333334,-0.41038991194028995
17,2,Christina Milian,Mark Ballas,Singer/Rapper,United States,31,9,25.0,0.0765443219927838,2.5,7.0,12.0,0.13636363016528952,2.1213203435596424,4.44848491256943,12,0.4166666666666667,5.916666666666667,23.5,0.09523809523809523,0.21190753690753691,-0.41038991194028995,0.16841987982235895,2,0.2,1,5.5,24,0.08333333333333334,-0.8207798238805799
17,3,Christina Milian,Mark Ballas,Singer/Rapper,United States,31,9,26.0,0.0846257180097994,2.5,8.0,11.0,0.18181817355371938,2.081665999466133,4.44848491256943,12,0.4166666666666667,5.916666666666667,24.333333333333332,0.09523809523809523,0.21190753690753691,-0.41038991194028995,0.16841987982235895,2,0.2,1,5.5,24,0.08333333333333334,-1.23116973582087
17,4,Christina Milian,Mark Ballas,Singer/Rapper,United States,31,9,24.0,0.0934915432683518,5.5,7.0,10.0,0.09090908677685969,1.0000000000000018,4.44848491256943,12,0.4166666666666667,5.916666666666667,25.0,0.09523809523809523,0.21190753690753691,-0.41038991194028995,0.16841987982235895,2,0.2,1,5.5,24,0.08333333333333334,-1.6415596477611598
17,5,Christina Milian,Mark Ballas,Singer/Rapper,United States,31,9,28.0,0.0827404086296358,1.5,9.0,9.0,0.27272726033057904,2.000000000000001,4.44848491256943,12,0.4166666666666667,5.916666666666667,26.0,0.09523809523809523,0.21190753690753691,-0.41038991194028995,0.16841987982235895,2,0.2,1,5.5,24,0.08333333333333334,-2.0519495597014497
17,1,"Nicole ""Snooki"" Polizzi",Sasha Farber,TV Personality,Chile,25,8,23.0,0.0258722465038717,4.5,11.0,12.0,0.0,0.0,4.44848491256943,0,0.0,6.0,23.0,0.25,0.21190753690753691,-0.8765373461722833,0.7683177192347492,1,0.047619047619047616,0,6.5,0,0.0,-0.8765373461722833
17,2,"Nicole ""Snooki"" Polizzi",Sasha Farber,TV Personality,Chile,25,8,20.0,0.0796976924819163,9.0,6.0,12.0,-0.1304347769376184,2.1213203435596424,4.44848491256943,0,0.0,6.0,21.5,0.25,0.21190753690753691,-0.8765373461722833,0.7683177192347492,1,0.047619047619047616,0,6.5,0,0.0,-1.7530746923445666
17,3,"Nicole ""Snooki"" Polizzi",Sasha Farber,TV Personality,Chile,25,8,25.0,0.1055490457962454,4.5,1.0,11.0,0.08695651795841226,2.5166114784235827,4.44848491256943,0,0.0,6.0,22.666666666666668,0.25,0.21190753690753691,-0.8765373461722833,0.7683177192347492,1,0.047619047619047616,0,6.5,0,0.0,-2.62961203851685
17,4,"Nicole ""Snooki"" Polizzi",Sasha Farber,TV Personality,Chile,25,8,24.0,0.0898487867010044,5.5,9.0,10.0,0.04347825897920613,2.6457513110645903,4.44848491256943,0,0.0,6.0,23.0,0.25,0.21190753690753691,-0.8765373461722833,0.7683177192347492,1,0.047619047619047616,0,6.5,0,0.0,-3.506149384689133
17,5,"Nicole ""Snooki"" Polizzi",Sasha Farber,TV Personality,Chile,25,8,27.0,0.0887572925481243,4.0,8.0,9.0,0.17391303591682453,1.5275252316519465,4.44848491256943,0,0.0,6.0,25.333333333333332,0.25,0.21190753690753691,-0.8765373461722833,0.7683177192347492,1,0.047619047619047616,0,6.5,0,0.0,-4.382686730861416
17,6,"Nicole ""Snooki"" Polizzi",Sasha Farber,TV Personality,Chile,25,8,30.0,0.0995580618309268,4.0,6.0,8.0,0.3043478128544429,3.0,4.44848491256943,0,0.0,6.0,27.0,0.25,0.21190753690753691,-0.8765373461722833,0.7683177192347492,1,0.047619047619047616,0,6.5,0,0.0,-5.2592240770337
17,7,"Nicole ""Snooki"" Polizzi",Sasha Farber,TV Personality,Chile,25,8,27.0,0.0894185792774485,5.5,8.0,8.0,0.17391303591682453,1.7320508075688772,4.44848491256943,0,0.0,6.0,28.0,0.25,0.21190753690753691,-0.8765373461722833,0.7683177192347492,1,0.047619047619047616,0,6.5,0,0.0,-6.135761423205983
17,1,Jack Osbourne,Cheryl Burke,TV Personality,England,27,3,23.0,0.0877686684647823,4.5,6.0,12.0,0.0,0.0,4.44848491256943,15,0.4,4.933333333333334,23.0,0.08,0.21190753690753691,-0.7211548680949522,0.5200643437770479,1,0.047619047619047616,0,1.5,15,0.01904761904761905,-0.7211548680949522
17,2,Jack Osbourne,Cheryl Burke,TV Personality,England,27,3,24.0,0.0862278079302475,5.0,4.0,12.0,0.04347825897920613,0.7071067811865476,4.44848491256943,15,0.4,4.933333333333334,23.5,0.08,0.21190753690753691,-0.7211548680949522,0.5200643437770479,1,0.047619047619047616,0,1.5,15,0.01904761904761905,-1.4423097361899044
17,3,Jack Osbourne,Cheryl Burke,TV Personality,England,27,3,22.0,0.1004667300274869,9.0,4.0,11.0,-0.04347825897920613,1.0,4.44848491256943,15,0.4,4.933333333333334,23.0,0.08,0.21190753690753691,-0.7211548680949522,0.5200643437770479,1,0.047619047619047616,0,1.5,15,0.01904761904761905,-2.1634646042848567
17,4,Jack Osbourne,Cheryl Burke,TV Personality,England,27,3,24.0,0.1030167434339888,5.5,4.0,10.0,0.04347825897920613,1.1547005383792517,4.44848491256943,15,0.4,4.933333333333334,23.333333333333332,0.08,0.21190753690753691,-0.7211548680949522,0.5200643437770479,1,0.047619047619047616,0,1.5,15,0.01904761904761905,-2.884619472379809
17,5,Jack Osbourne,Cheryl Burke,TV Personality,England,27,3,27.0,0.1032177633769085,4.0,6.0,9.0,0.17391303591682453,2.5166114784235836,4.44848491256943,15,0.4,4.933333333333334,24.333333333333332,0.08,0.21190753690753691,-0.7211548680949522,0.5200643437770479,1,0.047619047619047616,0,1.5,15,0.01904761904761905,-3.605774340474761
17,6,Jack Osbourne,Cheryl Burke,TV Personality,England,27,3,26.9998,0.0756799096000973,7.0,7.0,8.0,0.17390434026502868,1.731993075428807,4.44848491256943,15,0.4,4.933333333333334,25.99993333333333,0.08,0.21190753690753691,-0.7211548680949522,0.5200643437770479,1,0.047619047619047616,0,1.5,15,0.01904761904761905,-4.326929208569713
17,7,Jack Osbourne,Cheryl Burke,TV Personality,England,27,3,28.5,0.1751261626742866,3.5,1.0,8.0,0.2391304243856337,0.866083144584473,4.44848491256943,15,0.4,4.933333333333334,27.49993333333333,0.08,0.21190753690753691,-0.7211548680949522,0.5200643437770479,1,0.047619047619047616,0,1.5,15,0.01904761904761905,-5.048084076664665
17,8,Jack Osbourne,Cheryl Burke,TV Personality,England,27,3,30.0,0.1688733894142041,1.5,2.0,7.0,0.3043478128544429,1.5001000011110337,4.44848491256943,15,0.4,4.933333333333334,28.49993333333333,0.08,0.21190753690753691,-0.7211548680949522,0.5200643437770479,1,0.047619047619047616,0,1.5,15,0.01904761904761905,-5.769238944759618
17,9,Jack Osbourne,Cheryl Burke,TV Personality,England,27,3,27.0,0.1901191543860135,3.5,2.0,6.0,0.17391303591682453,1.4999999999999964,4.44848491256943,15,0.4,4.933333333333334,28.5,0.08,0.21190753690753691,-0.7211548680949522,0.5200643437770479,1,0.047619047619047616,0,1.5,15,0.01904761904761905,-6.49039381285457
17,10,Jack Osbourne,Cheryl Burke,TV Personality,England,27,3,35.5,0.2239144446123332,3.0,2.0,5.0,0.5434782372400766,4.3108390521258535,4.44848491256943,15,0.4,4.933333333333334,30.833333333333332,0.08,0.21190753690753691,-0.7211548680949522,0.5200643437770479,1,0.047619047619047616,0,1.5,15,0.01904761904761905,-7.211548680949522
17,11,Jack Osbourne,Cheryl Burke,TV Personality,England,27,3,27.999899999999997,0.2620013084506977,3.0,2.0,4.0,0.2173869470701326,4.645809940509118,4.44848491256943,15,0.4,4.933333333333334,30.166633333333333,0.08,0.21190753690753691,-0.7211548680949522,0.5200643437770479,1,0.047619047619047616,0,1.5,15,0.01904761904761905,-7.932703549044474
17,1,Bill Nye,Tyne Stecklein,TV Personality,United States,57,11,14.0,0.1038395309665452,12.0,4.0,12.0,0.0,0.0,4.44848491256943,0,0.0,6.0,14.0,1.0,0.21190753690753691,1.6095823030650145,2.5907551903400763,1,0.047619047619047616,1,-8.0,0,0.0,1.6095823030650145
17,2,Bill Nye,Tyne Stecklein,TV Personality,United States,57,11,17.0,0.0716588901388244,12.0,10.0,12.0,0.21428569897959293,2.1213203435596424,4.44848491256943,0,0.0,6.0,15.5,1.0,0.21190753690753691,1.6095823030650145,2.5907551903400763,1,0.047619047619047616,1,-8.0,0,0.0,3.219164606130029
17,3,Bill Nye,Tyne Stecklein,TV Personality,United States,57,11,16.0,0.0670530579286586,10.5,11.0,11.0,0.14285713265306196,1.5275252316519468,4.44848491256943,0,0.0,6.0,15.666666666666666,1.0,0.21190753690753691,1.6095823030650145,2.5907551903400763,1,0.047619047619047616,1,-8.0,0,0.0,4.8287469091950435
18,1,Billy Dee Williams,Emma Slater,Actor/Actress,United States,76,10,15.0,0.1247598807155025,12.0,2.0,12.0,0.0,0.0,6.796180875108449,1,0.0,4.0,15.0,0.3125,0.23219627594627598,3.08571584479966,9.521642274847679,2,0.03333333333333333,1,-10.0,2,0.0,3.08571584479966
18,2,Billy Dee Williams,Emma Slater,Actor/Actress,United States,76,10,15.0,0.0913754927460222,11.0,5.0,11.0,0.0,0.0,6.796180875108449,1,0.0,4.0,15.0,0.3125,0.23219627594627598,3.08571584479966,9.521642274847679,2,0.03333333333333333,1,-10.0,2,0.0,6.17143168959932
18,1,Danica McKellar,Valentin Chmerkovskiy,Actor/Actress,United States,39,6,24.0,0.0529716327101998,4.0,10.0,12.0,0.0,0.0,6.796180875108449,5,0.4,6.4,24.0,0.5263157894736842,0.23219627594627598,0.21114000036903446,0.04458009975583587,2,0.03333333333333333,1,6.0,10,0.013333333333333334,0.21114000036903446
18,2,Danica McKellar,Valentin Chmerkovskiy,Actor/Actress,United States,39,6,24.0,0.0683913128476611,4.5,10.0,11.0,0.0,0.0,6.796180875108449,5,0.4,6.4,24.0,0.5263157894736842,0.23219627594627598,0.21114000036903446,0.04458009975583587,2,0.03333333333333333,1,6.0,10,0.013333333333333334,0.42228000073806893
18,3,Danica McKellar,Valentin Chmerkovskiy,Actor/Actress,United States,39,6,36.0,0.0621495559815926,3.5,7.0,9.0,0.4999999791666675,6.928203230275509,6.796180875108449,5,0.4,6.4,28.0,0.5263157894736842,0.23219627594627598,0.21114000036903446,0.04458009975583587,2,0.03333333333333333,1,6.0,10,0.013333333333333334,0.6334200011071034
18,4,Danica McKellar,Valentin Chmerkovskiy,Actor/Actress,United States,39,6,32.0,0.1045489226743758,6.5,5.0,9.0,0.333333319444445,6.110100926607786,6.796180875108449,5,0.4,6.4,30.666666666666668,0.5263157894736842,0.23219627594627598,0.21114000036903446,0.04458009975583587,2,0.03333333333333333,1,6.0,10,0.013333333333333334,0.8445600014761379
18,5,Danica McKellar,Valentin Chmerkovskiy,Actor/Actress,United States,39,6,39.0,0.1398751598376686,2.0,1.0,9.0,0.6249999739583344,3.511884584284245,6.796180875108449,5,0.4,6.4,35.666666666666664,0.5263157894736842,0.23219627594627598,0.21114000036903446,0.04458009975583587,2,0.03333333333333333,1,6.0,10,0.013333333333333334,1.0557000018451723
18,6,Danica McKellar,Valentin Chmerkovskiy,Actor/Actress,United States,39,6,36.0,0.133270688858951,3.5,4.0,8.0,0.4999999791666675,3.511884584284245,6.796180875108449,5,0.4,6.4,35.666666666666664,0.5263157894736842,0.23219627594627598,0.21114000036903446,0.04458009975583587,2,0.03333333333333333,1,6.0,10,0.013333333333333334,1.2668400022142068
18,7,Danica McKellar,Valentin Chmerkovskiy,Actor/Actress,United States,39,6,36.0,0.1376678359621033,4.0,4.0,7.0,0.4999999791666675,1.7320508075688767,6.796180875108449,5,0.4,6.4,37.0,0.5263157894736842,0.23219627594627598,0.21114000036903446,0.04458009975583587,2,0.03333333333333333,1,6.0,10,0.013333333333333334,1.4779800025832412
18,8,Danica McKellar,Valentin Chmerkovskiy,Actor/Actress,United States,39,6,38.0,0.1444219534830238,3.0,6.0,6.0,0.5833333090277788,1.1547005383792517,6.796180875108449,5,0.4,6.4,36.666666666666664,0.5263157894736842,0.23219627594627598,0.21114000036903446,0.04458009975583587,2,0.03333333333333333,1,6.0,10,0.013333333333333334,1.6891200029522757
18,1,James Maslow,Peta Murgatroyd,Actor/Actress,United States,23,4,21.0,0.1105617109195339,8.0,5.0,12.0,0.0,0.0,6.796180875108449,5,0.2,6.4,21.0,0.3333333333333333,0.23219627594627598,-1.0319198242496144,1.064858523679355,2,0.03333333333333333,1,-3.0,10,0.006666666666666667,-1.0319198242496144
18,2,James Maslow,Peta Murgatroyd,Actor/Actress,United States,23,4,25.0,0.0876230158342964,2.0,6.0,11.0,0.19047618140589612,2.8284271247461903,6.796180875108449,5,0.2,6.4,23.0,0.3333333333333333,0.23219627594627598,-1.0319198242496144,1.064858523679355,2,0.03333333333333333,1,-3.0,10,0.006666666666666667,-2.0638396484992287
18,3,James Maslow,Peta Murgatroyd,Actor/Actress,United States,23,4,36.0,0.0580835223268852,3.5,8.0,9.0,0.7142856802721105,7.76745346515403,6.796180875108449,5,0.2,6.4,27.333333333333332,0.3333333333333333,0.23219627594627598,-1.0319198242496144,1.064858523679355,2,0.03333333333333333,1,-3.0,10,0.006666666666666667,-3.095759472748843
18,4,James Maslow,Peta Murgatroyd,Actor/Actress,United States,23,4,35.0,0.1024259426518896,2.0,6.0,9.0,0.6666666349206364,6.082762530298221,6.796180875108449,5,0.2,6.4,32.0,0.3333333333333333,0.23219627594627598,-1.0319198242496144,1.064858523679355,2,0.03333333333333333,1,-3.0,10,0.006666666666666667,-4.1276792969984575
18,5,James Maslow,Peta Murgatroyd,Actor/Actress,United States,23,4,40.0,0.1220390463170837,1.0,4.0,9.0,0.9047618616780065,2.6457513110645934,6.796180875108449,5,0.2,6.4,37.0,0.3333333333333333,0.23219627594627598,-1.0319198242496144,1.064858523679355,2,0.03333333333333333,1,-3.0,10,0.006666666666666667,-5.159599121248072
18,6,James Maslow,Peta Murgatroyd,Actor/Actress,United States,23,4,35.0,0.1196401112391617,5.0,5.0,8.0,0.6666666349206364,2.886751345948131,6.796180875108449,5,0.2,6.4,36.666666666666664,0.3333333333333333,0.23219627594627598,-1.0319198242496144,1.064858523679355,2,0.03333333333333333,1,-3.0,10,0.006666666666666667,-6.191518945497686
18,7,James Maslow,Peta Murgatroyd,Actor/Actress,United States,23,4,35.0,0.139601951738189,6.0,3.0,7.0,0.6666666349206364,2.886751345948131,6.796180875108449,5,0.2,6.4,36.666666666666664,0.3333333333333333,0.23219627594627598,-1.0319198242496144,1.064858523679355,2,0.03333333333333333,1,-3.0,10,0.006666666666666667,-7.2234387697473
18,8,James Maslow,Peta Murgatroyd,Actor/Actress,United States,23,4,36.0,0.1631614253728241,5.0,4.0,6.0,0.7142856802721105,0.5773502691896294,6.796180875108449,5,0.2,6.4,35.333333333333336,0.3333333333333333,0.23219627594627598,-1.0319198242496144,1.064858523679355,2,0.03333333333333333,1,-3.0,10,0.006666666666666667,-8.255358593996915
18,9,James Maslow,Peta Murgatroyd,Actor/Actress,United States,23,4,38.0,0.1893633487929959,3.5,4.0,5.0,0.8095237709750585,1.5275252316519468,6.796180875108449,5,0.2,6.4,36.333333333333336,0.3333333333333333,0.23219627594627598,-1.0319198242496144,1.064858523679355,2,0.03333333333333333,1,-3.0,10,0.006666666666666667,-9.28727841824653
18,10,James Maslow,Peta Murgatroyd,Actor/Actress,United States,23,4,29.0,0.2271278872300517,3.0,4.0,4.0,0.38095236281179223,4.72581562625261,6.796180875108449,5,0.2,6.4,34.333333333333336,0.3333333333333333,0.23219627594627598,-1.0319198242496144,1.064858523679355,2,0.03333333333333333,1,-3.0,10,0.006666666666666667,-10.319198242496144
18,1,Candace Cameron Bure,Mark Ballas,Actor/Actress,United States,37,3,25.0,0.1055403745227537,2.0,6.0,12.0,0.0,0.0,6.796180875108449,13,0.38461538461538464,6.153846153846154,25.0,0.3333333333333333,0.23219627594627598,0.05575752229170335,0.0031089012921097963,2,0.03333333333333333,1,4.0,26,0.012820512820512822,0.05575752229170335
18,2,Candace Cameron Bure,Mark Ballas,Actor/Actress,United States,37,3,21.0,0.126592608218854,8.5,1.0,11.0,-0.15999999360000025,2.8284271247461903,6.796180875108449,13,0.38461538461538464,6.153846153846154,23.0,0.3333333333333333,0.23219627594627598,0.05575752229170335,0.0031089012921097963,2,0.03333333333333333,1,4.0,26,0.012820512820512822,0.1115150445834067
18,3,Candace Cameron Bure,Mark Ballas,Actor/Actress,United States,37,3,32.0,0.1077309136362794,7.0,4.0,9.0,0.27999998880000043,5.5677643628300215,6.796180875108449,13,0.38461538461538464,6.153846153846154,26.0,0.3333333333333333,0.23219627594627598,0.05575752229170335,0.0031089012921097963,2,0.03333333333333333,1,4.0,26,0.012820512820512822,0.16727256687511005
18,4,Candace Cameron Bure,Mark Ballas,Actor/Actress,United States,37,3,28.0,0.1650511517238981,9.0,2.0,9.0,0.11999999520000018,5.5677643628300215,6.796180875108449,13,0.38461538461538464,6.153846153846154,27.0,0.3333333333333333,0.23219627594627598,0.05575752229170335,0.0031089012921097963,2,0.03333333333333333,1,4.0,26,0.012820512820512822,0.2230300891668134
18,5,Candace Cameron Bure,Mark Ballas,Actor/Actress,United States,37,3,35.0,0.0920073173278493,7.0,8.0,9.0,0.39999998400000064,3.5118845842842457,6.796180875108449,13,0.38461538461538464,6.153846153846154,31.666666666666668,0.3333333333333333,0.23219627594627598,0.05575752229170335,0.0031089012921097963,2,0.03333333333333333,1,4.0,26,0.012820512820512822,0.27878761145851677
18,6,Candace Cameron Bure,Mark Ballas,Actor/Actress,United States,37,3,32.0,0.1347423168602255,7.5,3.0,8.0,0.27999998880000043,3.5118845842842457,6.796180875108449,13,0.38461538461538464,6.153846153846154,31.666666666666668,0.3333333333333333,0.23219627594627598,0.05575752229170335,0.0031089012921097963,2,0.03333333333333333,1,4.0,26,0.012820512820512822,0.3345451337502201
18,7,Candace Cameron Bure,Mark Ballas,Actor/Actress,United States,37,3,37.0,0.1662645836681124,3.0,1.0,7.0,0.4799999808000007,2.5166114784235827,6.796180875108449,13,0.38461538461538464,6.153846153846154,34.666666666666664,0.3333333333333333,0.23219627594627598,0.05575752229170335,0.0031089012921097963,2,0.03333333333333333,1,4.0,26,0.012820512820512822,0.3903026560419235
18,8,Candace Cameron Bure,Mark Ballas,Actor/Actress,United States,37,3,36.0,0.1978809465983638,5.0,1.0,6.0,0.4399999824000007,2.64575131106459,6.796180875108449,13,0.38461538461538464,6.153846153846154,35.0,0.3333333333333333,0.23219627594627598,0.05575752229170335,0.0031089012921097963,2,0.03333333333333333,1,4.0,26,0.012820512820512822,0.4460601783336268
18,9,Candace Cameron Bure,Mark Ballas,Actor/Actress,United States,37,3,36.0,0.2334631465260962,5.0,1.0,5.0,0.4399999824000007,0.5773502691896232,6.796180875108449,13,0.38461538461538464,6.153846153846154,36.333333333333336,0.3333333333333333,0.23219627594627598,0.05575752229170335,0.0031089012921097963,2,0.03333333333333333,1,4.0,26,0.012820512820512822,0.5018177006253302
18,10,Candace Cameron Bure,Mark Ballas,Actor/Actress,United States,37,3,25.9998,0.266289996471333,4.0,1.0,4.0,0.03999199840032008,5.773618161950097,6.796180875108449,13,0.38461538461538464,6.153846153846154,32.666599999999995,0.3333333333333333,0.23219627594627598,0.05575752229170335,0.0031089012921097963,2,0.03333333333333333,1,4.0,26,0.012820512820512822,0.5575752229170335
18,1,Sean Avery,Karina Smirnoff,Athlete,Canada,33,11,20.0,0.1477632659398771,10.0,1.0,12.0,0.0,0.0,6.796180875108449,14,0.2857142857142857,5.571428571428571,20.0,0.3888888888888889,0.23219627594627598,-0.2550074338629589,0.06502879132537134,3,0.03125,0,-9.0,42,0.008928571428571428,-0.2550074338629589
18,2,Sean Avery,Karina Smirnoff,Athlete,Canada,33,11,21.0,0.063674659846216,8.5,11.0,11.0,0.04999999750000012,0.0,6.796180875108449,14,0.2857142857142857,5.571428571428571,20.5,0.3888888888888889,0.23219627594627598,-0.2550074338629589,0.06502879132537134,3,0.03125,0,-9.0,42,0.008928571428571428,-0.5100148677259178
18,1,Diana Nyad,Henry Byalikov,Athlete,United States,64,12,18.0,0.0111456471312315,11.0,12.0,12.0,0.0,0.0,6.796180875108449,0,0.0,6.0,0.0,1.0,0.23219627594627598,2.1534209763356733,4.6372219013224845,3,0.03125,1,1.0,0,0.0,2.1534209763356733
18,1,Charlie White,Sharna Burgess,Athlete,United States,26,5,27.0,0.0563520844399006,1.0,8.0,12.0,0.0,0.0,6.796180875108449,2,0.0,9.5,27.0,0.42857142857142855,0.23219627594627598,-0.7988461071336178,0.6381551028825356,3,0.03125,1,7.0,6,0.0,-0.7988461071336178
18,2,Charlie White,Sharna Burgess,Athlete,United States,26,5,25.0,0.1119052405656151,2.0,2.0,11.0,-0.07407407133058995,1.4142135623730951,6.796180875108449,2,0.0,9.5,26.0,0.42857142857142855,0.23219627594627598,-0.7988461071336178,0.6381551028825356,3,0.03125,1,7.0,6,0.0,-1.5976922142672356
18,3,Charlie White,Sharna Burgess,Athlete,United States,26,5,36.0,0.2293570530506643,3.5,1.0,9.0,0.3333333209876548,5.859465277082316,6.796180875108449,2,0.0,9.5,29.333333333333332,0.42857142857142855,0.23219627594627598,-0.7988461071336178,0.6381551028825356,3,0.03125,1,7.0,6,0.0,-2.3965383214008535
18,4,Charlie White,Sharna Burgess,Athlete,United States,26,5,33.0,0.2206191601921674,4.5,1.0,9.0,0.22222221399176983,5.686240703077328,6.796180875108449,2,0.0,9.5,31.333333333333332,0.42857142857142855,0.23219627594627598,-0.7988461071336178,0.6381551028825356,3,0.03125,1,7.0,6,0.0,-3.1953844285344712
18,5,Charlie White,Sharna Burgess,Athlete,United States,26,5,37.0,0.1293633646759074,3.5,2.0,9.0,0.37037035665294976,2.0816659994661353,6.796180875108449,2,0.0,9.5,35.333333333333336,0.42857142857142855,0.23219627594627598,-0.7988461071336178,0.6381551028825356,3,0.03125,1,7.0,6,0.0,-3.994230535668089
18,6,Charlie White,Sharna Burgess,Athlete,United States,26,5,36.0,0.1508772513903186,3.5,1.0,8.0,0.3333333209876548,2.0816659994661353,6.796180875108449,2,0.0,9.5,35.333333333333336,0.42857142857142855,0.23219627594627598,-0.7988461071336178,0.6381551028825356,3,0.03125,1,7.0,6,0.0,-4.793076642801707
18,7,Charlie White,Sharna Burgess,Athlete,United States,26,5,35.5,0.132607622161722,5.0,5.0,7.0,0.31481480315500726,0.7637626158259773,6.796180875108449,2,0.0,9.5,36.166666666666664,0.42857142857142855,0.23219627594627598,-0.7988461071336178,0.6381551028825356,3,0.03125,1,7.0,6,0.0,-5.591922749935325
18,8,Charlie White,Sharna Burgess,Athlete,United States,26,5,40.0,0.1455494633172959,1.5,5.0,6.0,0.48148146364883465,2.4664414311581258,6.796180875108449,2,0.0,9.5,37.166666666666664,0.42857142857142855,0.23219627594627598,-0.7988461071336178,0.6381551028825356,3,0.03125,1,7.0,6,0.0,-6.3907688570689425
18,9,Charlie White,Sharna Burgess,Athlete,United States,26,5,38.0,0.1484168225308389,3.5,5.0,5.0,0.4074073923182447,2.25462487641145,6.796180875108449,2,0.0,9.5,37.833333333333336,0.42857142857142855,0.23219627594627598,-0.7988461071336178,0.6381551028825356,3,0.03125,1,7.0,6,0.0,-7.18961496420256
18,1,Amy Purdy,Derek Hough,Athlete,United States,34,2,24.0,0.1131536214874777,4.0,4.0,12.0,0.0,0.0,6.796180875108449,12,0.5833333333333334,2.75,24.0,0.17647058823529413,0.23219627594627598,-0.1773161948242933,0.03144103294696674,3,0.03125,1,0.0,36,0.018229166666666668,-0.1773161948242933
18,2,Amy Purdy,Derek Hough,Athlete,United States,34,2,24.0,0.0847617223940278,4.5,7.0,11.0,0.0,0.0,6.796180875108449,12,0.5833333333333334,2.75,24.0,0.17647058823529413,0.23219627594627598,-0.1773161948242933,0.03144103294696674,3,0.03125,1,0.0,36,0.018229166666666668,-0.3546323896485866
18,3,Amy Purdy,Derek Hough,Athlete,United States,34,2,36.0,0.1826724852017739,3.5,2.0,9.0,0.4999999791666675,6.928203230275509,6.796180875108449,12,0.5833333333333334,2.75,28.0,0.17647058823529413,0.23219627594627598,-0.1773161948242933,0.03144103294696674,3,0.03125,1,0.0,36,0.018229166666666668,-0.53194858447288
18,4,Amy Purdy,Derek Hough,Athlete,United States,34,2,34.0,0.1522737823593657,3.0,4.0,9.0,0.41666664930555625,6.429100507328637,6.796180875108449,12,0.5833333333333334,2.75,31.333333333333332,0.17647058823529413,0.23219627594627598,-0.1773161948242933,0.03144103294696674,3,0.03125,1,0.0,36,0.018229166666666668,-0.7092647792971732
18,5,Amy Purdy,Derek Hough,Athlete,United States,34,2,37.0,0.1064575359025025,3.5,6.0,9.0,0.5416666440972231,1.5275252316519499,6.796180875108449,12,0.5833333333333334,2.75,35.666666666666664,0.17647058823529413,0.23219627594627598,-0.1773161948242933,0.03144103294696674,3,0.03125,1,0.0,36,0.018229166666666668,-0.8865809741214665
18,6,Amy Purdy,Derek Hough,Athlete,United States,34,2,38.0,0.1011856931213377,2.0,8.0,8.0,0.5833333090277788,2.081665999466134,6.796180875108449,12,0.5833333333333334,2.75,36.333333333333336,0.17647058823529413,0.23219627594627598,-0.1773161948242933,0.03144103294696674,3,0.03125,1,0.0,36,0.018229166666666668,-1.06389716894576
18,7,Amy Purdy,Derek Hough,Athlete,United States,34,2,37.5,0.1320151361929716,2.0,6.0,7.0,0.562499976562501,0.5000000000000018,6.796180875108449,12,0.5833333333333334,2.75,37.5,0.17647058823529413,0.23219627594627598,-0.1773161948242933,0.03144103294696674,3,0.03125,1,0.0,36,0.018229166666666668,-1.241213363770053
18,8,Amy Purdy,Derek Hough,Athlete,United States,34,2,40.0,0.1772948410963576,1.5,2.0,6.0,0.66666663888889,1.322875655532296,6.796180875108449,12,0.5833333333333334,2.75,38.5,0.17647058823529413,0.23219627594627598,-0.1773161948242933,0.03144103294696674,3,0.03125,1,0.0,36,0.018229166666666668,-1.4185295585943465
18,9,Amy Purdy,Derek Hough,Athlete,United States,34,2,39.0,0.217303266336118,2.0,2.0,5.0,0.6249999739583344,1.2583057392117922,6.796180875108449,12,0.5833333333333334,2.75,38.833333333333336,0.17647058823529413,0.23219627594627598,-0.1773161948242933,0.03144103294696674,3,0.03125,1,0.0,36,0.018229166666666668,-1.5958457534186399
18,10,Amy Purdy,Derek Hough,Athlete,United States,34,2,29.666600000000003,0.2522984697245929,2.0,3.0,4.0,0.2361083234954866,5.699291054157524,6.796180875108449,12,0.5833333333333334,2.75,36.2222,0.17647058823529413,0.23219627594627598,-0.1773161948242933,0.03144103294696674,3,0.03125,1,0.0,36,0.018229166666666668,-1.773161948242933
18,1,Meryl Davis,Maksim Chmerkoskiy,Athlete,United States,27,1,24.0,0.1140087367969518,4.0,3.0,12.0,0.0,0.0,6.796180875108449,13,0.3076923076923077,5.923076923076923,24.0,0.23529411764705882,0.23219627594627598,-0.7211548680949522,0.5200643437770479,3,0.03125,1,-1.0,39,0.009615384615384616,-0.7211548680949522
18,2,Meryl Davis,Maksim Chmerkoskiy,Athlete,United States,27,1,25.0,0.0805802688023049,2.0,8.0,11.0,0.041666664930555625,0.7071067811865476,6.796180875108449,13,0.3076923076923077,5.923076923076923,24.5,0.23529411764705882,0.23219627594627598,-0.7211548680949522,0.5200643437770479,3,0.03125,1,-1.0,39,0.009615384615384616,-1.4423097361899044
18,3,Meryl Davis,Maksim Chmerkoskiy,Athlete,United States,27,1,39.0,0.1016171183171742,1.0,5.0,9.0,0.6249999739583344,8.386497083606084,6.796180875108449,13,0.3076923076923077,5.923076923076923,29.333333333333332,0.23529411764705882,0.23219627594627598,-0.7211548680949522,0.5200643437770479,3,0.03125,1,-1.0,39,0.009615384615384616,-2.1634646042848567
18,4,Meryl Davis,Maksim Chmerkoskiy,Athlete,United States,27,1,39.0,0.04041998272145,1.0,8.0,9.0,0.6249999739583344,8.082903768654761,6.796180875108449,13,0.3076923076923077,5.923076923076923,34.333333333333336,0.23529411764705882,0.23219627594627598,-0.7211548680949522,0.5200643437770479,3,0.03125,1,-1.0,39,0.009615384615384616,-2.884619472379809
18,5,Meryl Davis,Maksim Chmerkoskiy,Athlete,United States,27,1,36.0,0.1071736099953881,5.5,5.0,9.0,0.4999999791666675,1.7320508075688772,6.796180875108449,13,0.3076923076923077,5.923076923076923,38.0,0.23529411764705882,0.23219627594627598,-0.7211548680949522,0.5200643437770479,3,0.03125,1,-1.0,39,0.009615384615384616,-3.605774340474761
18,6,Meryl Davis,Maksim Chmerkoskiy,Athlete,United States,27,1,40.0,0.1348207868883186,1.0,2.0,8.0,0.66666663888889,2.081665999466132,6.796180875108449,13,0.3076923076923077,5.923076923076923,38.333333333333336,0.23529411764705882,0.23219627594627598,-0.7211548680949522,0.5200643437770479,3,0.03125,1,-1.0,39,0.009615384615384616,-4.326929208569713
18,7,Meryl Davis,Maksim Chmerkoskiy,Athlete,United States,27,1,39.0,0.162962516654765,1.0,2.0,7.0,0.6249999739583344,2.081665999466132,6.796180875108449,13,0.3076923076923077,5.923076923076923,38.333333333333336,0.23529411764705882,0.23219627594627598,-0.7211548680949522,0.5200643437770479,3,0.03125,1,-1.0,39,0.009615384615384616,-5.048084076664665
18,8,Meryl Davis,Maksim Chmerkoskiy,Athlete,United States,27,1,36.0,0.1716913701321345,5.0,3.0,6.0,0.4999999791666675,2.081665999466132,6.796180875108449,13,0.3076923076923077,5.923076923076923,38.333333333333336,0.23529411764705882,0.23219627594627598,-0.7211548680949522,0.5200643437770479,3,0.03125,1,-1.0,39,0.009615384615384616,-5.769238944759618
18,9,Meryl Davis,Maksim Chmerkoskiy,Athlete,United States,27,1,40.0,0.211453415813951,1.0,3.0,5.0,0.66666663888889,2.081665999466132,6.796180875108449,13,0.3076923076923077,5.923076923076923,38.333333333333336,0.23529411764705882,0.23219627594627598,-0.7211548680949522,0.5200643437770479,3,0.03125,1,-1.0,39,0.009615384615384616,-6.49039381285457
18,10,Meryl Davis,Maksim Chmerkoskiy,Athlete,United States,27,1,30.0,0.2542836465740224,1.0,2.0,4.0,0.24999998958333375,5.033222956847167,6.796180875108449,13,0.3076923076923077,5.923076923076923,35.333333333333336,0.23529411764705882,0.23219627594627598,-0.7211548680949522,0.5200643437770479,3,0.03125,1,-1.0,39,0.009615384615384616,-7.211548680949522
18,1,Drew Carey,Cheryl Burke,Comedian,United States,55,8,21.0,0.0539614095751877,8.0,9.0,12.0,0.0,0.0,6.796180875108449,16,0.4375,4.8125,21.0,0.08,0.23219627594627598,1.4541998249876833,2.114697130994209,1,0.16666666666666666,1,1.0,16,0.07291666666666666,1.4541998249876833
18,2,Drew Carey,Cheryl Burke,Comedian,United States,55,8,21.0,0.0803631087168036,8.5,9.0,11.0,0.0,0.0,6.796180875108449,16,0.4375,4.8125,21.0,0.08,0.23219627594627598,1.4541998249876833,2.114697130994209,1,0.16666666666666666,1,1.0,16,0.07291666666666666,2.9083996499753666
18,3,Drew Carey,Cheryl Burke,Comedian,United States,55,8,30.0,0.0174271235855912,9.0,9.0,9.0,0.4285714081632663,5.196152422706632,6.796180875108449,16,0.4375,4.8125,24.0,0.08,0.23219627594627598,1.4541998249876833,2.114697130994209,1,0.16666666666666666,1,1.0,16,0.07291666666666666,4.36259947496305
18,4,Drew Carey,Cheryl Burke,Comedian,United States,55,8,33.0,0.0422593842080229,4.5,7.0,9.0,0.5714285442176883,6.244997998398398,6.796180875108449,16,0.4375,4.8125,28.0,0.08,0.23219627594627598,1.4541998249876833,2.114697130994209,1,0.16666666666666666,1,1.0,16,0.07291666666666666,5.816799299950733
18,5,Drew Carey,Cheryl Burke,Comedian,United States,55,8,28.0,0.102161526074619,9.0,7.0,9.0,0.3333333174603182,2.5166114784235827,6.796180875108449,16,0.4375,4.8125,30.333333333333332,0.08,0.23219627594627598,1.4541998249876833,2.114697130994209,1,0.16666666666666666,1,1.0,16,0.07291666666666666,7.270999124938417
18,6,Drew Carey,Cheryl Burke,Comedian,United States,55,8,32.0,0.1061819073419439,7.5,7.0,8.0,0.5238094988662143,2.6457513110645903,6.796180875108449,16,0.4375,4.8125,31.0,0.08,0.23219627594627598,1.4541998249876833,2.114697130994209,1,0.16666666666666666,1,1.0,16,0.07291666666666666,8.7251989499261
18,1,Cody Simpson,Witney Carson,Singer/Rapper,Australia,17,9,22.0,0.0686785774979558,6.0,7.0,12.0,0.0,0.0,6.796180875108449,0,0.0,6.0,22.0,0.14285714285714285,0.23219627594627598,-1.4980672584816077,2.2442055109346,2,0.2,0,1.0,0,0.0,-1.4980672584816077
18,2,Cody Simpson,Witney Carson,Singer/Rapper,Australia,17,9,22.0,0.1052022474699152,6.0,3.0,11.0,0.0,0.0,6.796180875108449,0,0.0,6.0,22.0,0.14285714285714285,0.23219627594627598,-1.4980672584816077,2.2442055109346,2,0.2,0,1.0,0,0.0,-2.9961345169632154
18,3,Cody Simpson,Witney Carson,Singer/Rapper,Australia,17,9,35.0,0.0802098410288252,6.0,6.0,9.0,0.590909064049588,7.505553499465136,6.796180875108449,0,0.0,6.0,26.333333333333332,0.14285714285714285,0.23219627594627598,-1.4980672584816077,2.2442055109346,2,0.2,0,1.0,0,0.0,-4.494201775444823
18,4,Cody Simpson,Witney Carson,Singer/Rapper,Australia,17,9,31.0,0.0197061639763567,8.0,9.0,9.0,0.4090908904958686,6.658328118479394,6.796180875108449,0,0.0,6.0,29.333333333333332,0.14285714285714285,0.23219627594627598,-1.4980672584816077,2.2442055109346,2,0.2,0,1.0,0,0.0,-5.992269033926431
18,5,Cody Simpson,Witney Carson,Singer/Rapper,Australia,17,9,34.0,0.0771972593104919,8.0,9.0,9.0,0.5454545206611581,2.0816659994661375,6.796180875108449,0,0.0,6.0,33.333333333333336,0.14285714285714285,0.23219627594627598,-1.4980672584816077,2.2442055109346,2,0.2,0,1.0,0,0.0,-7.490336292408038
18,1,NeNe Leakes,Tony Dovolani,TV Personality,United States,46,7,21.0,0.0411030582634274,8.0,11.0,12.0,0.0,0.0,6.796180875108449,16,0.1875,7.125,21.0,0.42857142857142855,0.23219627594627598,0.7549786736396934,0.5699927976507507,1,0.14285714285714285,1,3.0,16,0.026785714285714284,0.7549786736396934
18,2,NeNe Leakes,Tony Dovolani,TV Personality,United States,46,7,21.0,0.0995303225582834,8.5,4.0,11.0,0.0,0.0,6.796180875108449,16,0.1875,7.125,21.0,0.42857142857142855,0.23219627594627598,0.7549786736396934,0.5699927976507507,1,0.14285714285714285,1,3.0,16,0.026785714285714284,1.5099573472793868
18,3,NeNe Leakes,Tony Dovolani,TV Personality,United States,46,7,31.0,0.1607523868712136,8.0,3.0,9.0,0.47619045351474026,5.773502691896258,6.796180875108449,16,0.1875,7.125,24.333333333333332,0.42857142857142855,0.23219627594627598,0.7549786736396934,0.5699927976507507,1,0.14285714285714285,1,3.0,16,0.026785714285714284,2.2649360209190803
18,4,NeNe Leakes,Tony Dovolani,TV Personality,United States,46,7,32.0,0.1526955094924736,6.5,3.0,9.0,0.5238094988662143,6.082762530298221,6.796180875108449,16,0.1875,7.125,28.0,0.42857142857142855,0.23219627594627598,0.7549786736396934,0.5699927976507507,1,0.14285714285714285,1,3.0,16,0.026785714285714284,3.0199146945587736
18,5,NeNe Leakes,Tony Dovolani,TV Personality,United States,46,7,36.0,0.123725180558489,5.5,3.0,9.0,0.7142856802721105,2.6457513110645934,6.796180875108449,16,0.1875,7.125,33.0,0.42857142857142855,0.23219627594627598,0.7549786736396934,0.5699927976507507,1,0.14285714285714285,1,3.0,16,0.026785714285714284,3.774893368198467
18,6,NeNe Leakes,Tony Dovolani,TV Personality,United States,46,7,33.0,0.1192812442997428,6.0,6.0,8.0,0.5714285442176883,2.0816659994661357,6.796180875108449,16,0.1875,7.125,33.666666666666664,0.42857142857142855,0.23219627594627598,0.7549786736396934,0.5699927976507507,1,0.14285714285714285,1,3.0,16,0.026785714285714284,4.529872041838161
18,7,NeNe Leakes,Tony Dovolani,TV Personality,United States,46,7,33.0,0.1288803536221365,7.0,7.0,7.0,0.5714285442176883,1.7320508075688819,6.796180875108449,16,0.1875,7.125,34.0,0.42857142857142855,0.23219627594627598,0.7549786736396934,0.5699927976507507,1,0.14285714285714285,1,3.0,16,0.026785714285714284,5.2848507154778535
19,1,Antonio Sabato Jr.,Cheryl Burke,Actor/Actress,Italy,42,8,25.0,0.0866155420417763,10.5,4.0,13.0,0.0,0.0,5.110890700514968,17,0.4117647058823529,5.0,25.0,0.24,0.18452753882618136,0.44421371748503113,0.19732582680187105,2,0.022727272727272728,0,-6.5,34,0.009358288770053475,0.44421371748503113
19,2,Antonio Sabato Jr.,Cheryl Burke,Actor/Actress,Italy,42,8,31.0,0.0832883154946978,5.5,5.0,12.0,0.23999999040000036,4.242640687119285,5.110890700514968,17,0.4117647058823529,5.0,28.0,0.24,0.18452753882618136,0.44421371748503113,0.19732582680187105,2,0.022727272727272728,0,-6.5,34,0.009358288770053475,0.8884274349700623
19,3,Antonio Sabato Jr.,Cheryl Burke,Actor/Actress,Italy,42,8,29.0,0.0722179405537228,8.5,11.0,11.0,0.15999999360000025,3.0550504633038935,5.110890700514968,17,0.4117647058823529,5.0,28.333333333333332,0.24,0.18452753882618136,0.44421371748503113,0.19732582680187105,2,0.022727272727272728,0,-6.5,34,0.009358288770053475,1.3326411524550934
19,4,Antonio Sabato Jr.,Cheryl Burke,Actor/Actress,Italy,42,8,29.0,0.0909876242562292,6.5,8.0,10.0,0.15999999360000025,1.1547005383792532,5.110890700514968,17,0.4117647058823529,5.0,29.666666666666668,0.24,0.18452753882618136,0.44421371748503113,0.19732582680187105,2,0.022727272727272728,0,-6.5,34,0.009358288770053475,1.7768548699401245
19,5,Antonio Sabato Jr.,Cheryl Burke,Actor/Actress,Italy,42,8,28.0,0.0817936291299236,6.0,6.0,9.0,0.11999999520000018,0.5773502691896308,5.110890700514968,17,0.4117647058823529,5.0,28.666666666666668,0.24,0.18452753882618136,0.44421371748503113,0.19732582680187105,2,0.022727272727272728,0,-6.5,34,0.009358288770053475,2.2210685874251554
19,6,Antonio Sabato Jr.,Cheryl Burke,Actor/Actress,Italy,42,8,28.0,0.1087535329411167,8.5,8.0,9.0,0.11999999520000018,0.5773502691896308,5.110890700514968,17,0.4117647058823529,5.0,28.333333333333332,0.24,0.18452753882618136,0.44421371748503113,0.19732582680187105,2,0.022727272727272728,0,-6.5,34,0.009358288770053475,2.665282304910187
19,7,Antonio Sabato Jr.,Cheryl Burke,Actor/Actress,Italy,42,8,29.5,0.0931198915098725,7.0,8.0,8.0,0.17999999280000029,0.8660254037844417,5.110890700514968,17,0.4117647058823529,5.0,28.5,0.24,0.18452753882618136,0.44421371748503113,0.19732582680187105,2,0.022727272727272728,0,-6.5,34,0.009358288770053475,3.109496022395218
19,1,Jonathan Bennett,Allison Holker,Actor/Actress,United States,33,9,30.0,0.078494812821777,6.0,7.0,13.0,0.0,0.0,5.110890700514968,0,0.0,6.0,30.0,0.5,0.18452753882618136,-0.2550074338629589,0.06502879132537134,2,0.022727272727272728,1,1.0,0,0.0,-0.2550074338629589
19,2,Jonathan Bennett,Allison Holker,Actor/Actress,United States,33,9,30.0,0.1118826893418794,7.0,1.0,12.0,0.0,0.0,5.110890700514968,0,0.0,6.0,30.0,0.5,0.18452753882618136,-0.2550074338629589,0.06502879132537134,2,0.022727272727272728,1,1.0,0,0.0,-0.5100148677259178
19,3,Jonathan Bennett,Allison Holker,Actor/Actress,United States,33,9,32.0,0.0892684791898675,5.0,7.0,11.0,0.06666666444444451,1.154700538379251,5.110890700514968,0,0.0,6.0,30.666666666666668,0.5,0.18452753882618136,-0.2550074338629589,0.06502879132537134,2,0.022727272727272728,1,1.0,0,0.0,-0.7650223015888766
19,4,Jonathan Bennett,Allison Holker,Actor/Actress,United States,33,9,24.0,0.1079577915427493,10.0,4.0,10.0,-0.19999999333333354,4.163331998932266,5.110890700514968,0,0.0,6.0,28.666666666666668,0.5,0.18452753882618136,-0.2550074338629589,0.06502879132537134,2,0.022727272727272728,1,1.0,0,0.0,-1.0200297354518355
19,5,Jonathan Bennett,Allison Holker,Actor/Actress,United States,33,9,24.0,0.03427904032791,7.0,9.0,9.0,-0.19999999333333354,4.618802153517007,5.110890700514968,0,0.0,6.0,26.666666666666668,0.5,0.18452753882618136,-0.2550074338629589,0.06502879132537134,2,0.022727272727272728,1,1.0,0,0.0,-1.2750371693147944
19,6,Jonathan Bennett,Allison Holker,Actor/Actress,United States,33,9,32.0,0.0685035316244726,5.5,9.0,9.0,0.06666666444444451,4.618802153517007,5.110890700514968,0,0.0,6.0,26.666666666666668,0.5,0.18452753882618136,-0.2550074338629589,0.06502879132537134,2,0.022727272727272728,1,1.0,0,0.0,-1.5300446031777533
19,1,Lea Thompson,Artem Chigvintsev,Actor/Actress,United States,53,6,32.0,0.0879699672932834,3.5,3.0,13.0,0.0,0.0,5.110890700514968,0,0.0,6.0,32.0,0.3333333333333333,0.18452753882618136,1.2988173469103523,1.6869265006352465,2,0.022727272727272728,1,-0.5,0,0.0,1.2988173469103523
19,2,Lea Thompson,Artem Chigvintsev,Actor/Actress,United States,53,6,35.0,0.0893524634072121,1.0,4.0,12.0,0.0937499970703126,2.1213203435596424,5.110890700514968,0,0.0,6.0,33.5,0.3333333333333333,0.18452753882618136,1.2988173469103523,1.6869265006352465,2,0.022727272727272728,1,-0.5,0,0.0,2.5976346938207047
19,3,Lea Thompson,Artem Chigvintsev,Actor/Actress,United States,53,6,31.0,0.1021194992482118,7.0,3.0,11.0,-0.031249999023437534,2.081665999466132,5.110890700514968,0,0.0,6.0,32.666666666666664,0.3333333333333333,0.18452753882618136,1.2988173469103523,1.6869265006352465,2,0.022727272727272728,1,-0.5,0,0.0,3.8964520407310568
19,4,Lea Thompson,Artem Chigvintsev,Actor/Actress,United States,53,6,39.0,0.0990510014633558,2.0,6.0,10.0,0.21874999316406274,3.9999999999999996,5.110890700514968,0,0.0,6.0,35.0,0.3333333333333333,0.18452753882618136,1.2988173469103523,1.6869265006352465,2,0.022727272727272728,1,-0.5,0,0.0,5.195269387641409
19,5,Lea Thompson,Artem Chigvintsev,Actor/Actress,United States,53,6,34.0,0.0632351198277288,2.5,7.0,9.0,0.06249999804687507,4.04145188432738,5.110890700514968,0,0.0,6.0,34.666666666666664,0.3333333333333333,0.18452753882618136,1.2988173469103523,1.6869265006352465,2,0.022727272727272728,1,-0.5,0,0.0,6.494086734551762
19,6,Lea Thompson,Artem Chigvintsev,Actor/Actress,United States,53,6,32.0,0.1149403053284628,5.5,5.0,9.0,0.0,3.6055512754639896,5.110890700514968,0,0.0,6.0,35.0,0.3333333333333333,0.18452753882618136,1.2988173469103523,1.6869265006352465,2,0.022727272727272728,1,-0.5,0,0.0,7.7929040814621136
19,7,Lea Thompson,Artem Chigvintsev,Actor/Actress,United States,53,6,35.0,0.1430606797800646,2.0,2.0,8.0,0.0937499970703126,1.527525231651948,5.110890700514968,0,0.0,6.0,33.666666666666664,0.3333333333333333,0.18452753882618136,1.2988173469103523,1.6869265006352465,2,0.022727272727272728,1,-0.5,0,0.0,9.091721428372466
19,8,Lea Thompson,Artem Chigvintsev,Actor/Actress,United States,53,6,32.0,0.1475127293968886,5.0,3.0,7.0,0.0,1.7320508075688783,5.110890700514968,0,0.0,6.0,33.0,0.3333333333333333,0.18452753882618136,1.2988173469103523,1.6869265006352465,2,0.022727272727272728,1,-0.5,0,0.0,10.390538775282819
19,9,Lea Thompson,Artem Chigvintsev,Actor/Actress,United States,53,6,35.0,0.1369698875045364,5.0,6.0,6.0,0.0937499970703126,1.7320508075688783,5.110890700514968,0,0.0,6.0,34.0,0.3333333333333333,0.18452753882618136,1.2988173469103523,1.6869265006352465,2,0.022727272727272728,1,-0.5,0,0.0,11.689356122193171
19,1,Janel Parrish,Valentin Chmerkovskiy,Actor/Actress,United States,25,3,29.0,0.0731798351729076,7.5,9.0,13.0,0.0,0.0,5.110890700514968,6,0.3333333333333333,6.333333333333333,29.0,0.5263157894736842,0.18452753882618136,-0.8765373461722833,0.7683177192347492,2,0.022727272727272728,1,1.5,12,0.007575757575757576,-0.8765373461722833
19,2,Janel Parrish,Valentin Chmerkovskiy,Actor/Actress,United States,25,3,34.0,0.0795616075026198,2.0,6.0,12.0,0.17241378715814526,3.5355339059327378,5.110890700514968,6,0.3333333333333333,6.333333333333333,31.5,0.5263157894736842,0.18452753882618136,-0.8765373461722833,0.7683177192347492,2,0.022727272727272728,1,1.5,12,0.007575757575757576,-1.7530746923445666
19,3,Janel Parrish,Valentin Chmerkovskiy,Actor/Actress,United States,25,3,40.0,0.0963379170907747,1.5,4.0,11.0,0.37931033174791956,5.507570547286101,5.110890700514968,6,0.3333333333333333,6.333333333333333,34.333333333333336,0.5263157894736842,0.18452753882618136,-0.8765373461722833,0.7683177192347492,2,0.022727272727272728,1,1.5,12,0.007575757575757576,-2.62961203851685
19,4,Janel Parrish,Valentin Chmerkovskiy,Actor/Actress,United States,25,3,36.0,0.131369798463446,4.0,1.0,10.0,0.24137930202140337,3.0550504633038895,5.110890700514968,6,0.3333333333333333,6.333333333333333,36.666666666666664,0.5263157894736842,0.18452753882618136,-0.8765373461722833,0.7683177192347492,2,0.022727272727272728,1,1.5,12,0.007575757575757576,-3.506149384689133
19,5,Janel Parrish,Valentin Chmerkovskiy,Actor/Actress,United States,25,3,33.0,0.0452797950238172,4.0,8.0,9.0,0.13793102972651622,3.5118845842842448,5.110890700514968,6,0.3333333333333333,6.333333333333333,36.333333333333336,0.5263157894736842,0.18452753882618136,-0.8765373461722833,0.7683177192347492,2,0.022727272727272728,1,1.5,12,0.007575757575757576,-4.382686730861416
19,6,Janel Parrish,Valentin Chmerkovskiy,Actor/Actress,United States,25,3,33.0,0.1115716274129334,4.0,6.0,9.0,0.13793102972651622,1.7320508075688759,5.110890700514968,6,0.3333333333333333,6.333333333333333,34.0,0.5263157894736842,0.18452753882618136,-0.8765373461722833,0.7683177192347492,2,0.022727272727272728,1,1.5,12,0.007575757575757576,-5.2592240770337
19,7,Janel Parrish,Valentin Chmerkovskiy,Actor/Actress,United States,25,3,33.5,0.1263116900712647,4.0,4.0,8.0,0.15517240844233074,0.28867513459480465,5.110890700514968,6,0.3333333333333333,6.333333333333333,33.166666666666664,0.5263157894736842,0.18452753882618136,-0.8765373461722833,0.7683177192347492,2,0.022727272727272728,1,1.5,12,0.007575757575757576,-6.135761423205983
19,8,Janel Parrish,Valentin Chmerkovskiy,Actor/Actress,United States,25,3,43.0,0.151763361816962,1.0,2.0,7.0,0.48275860404280674,5.634713834792322,5.110890700514968,6,0.3333333333333333,6.333333333333333,36.5,0.5263157894736842,0.18452753882618136,-0.8765373461722833,0.7683177192347492,2,0.022727272727272728,1,1.5,12,0.007575757575757576,-7.012298769378266
19,9,Janel Parrish,Valentin Chmerkovskiy,Actor/Actress,United States,25,3,38.5,0.1837135447263709,1.5,2.0,6.0,0.327586195600476,4.752192476461084,5.110890700514968,6,0.3333333333333333,6.333333333333333,38.333333333333336,0.5263157894736842,0.18452753882618136,-0.8765373461722833,0.7683177192347492,2,0.022727272727272728,1,1.5,12,0.007575757575757576,-7.88883611555055
19,10,Janel Parrish,Valentin Chmerkovskiy,Actor/Actress,United States,25,3,39.0,0.2275433132913867,1.0,1.0,5.0,0.3448275743162905,2.4664414311581204,5.110890700514968,6,0.3333333333333333,6.333333333333333,40.166666666666664,0.5263157894736842,0.18452753882618136,-0.8765373461722833,0.7683177192347492,2,0.022727272727272728,1,1.5,12,0.007575757575757576,-8.765373461722833
19,11,Janel Parrish,Valentin Chmerkovskiy,Actor/Actress,United States,25,3,38.9998,0.2571891672074151,3.0,2.0,4.0,0.34482067776480424,0.28861741689182946,5.110890700514968,6,0.3333333333333333,6.333333333333333,38.83326666666667,0.5263157894736842,0.18452753882618136,-0.8765373461722833,0.7683177192347492,2,0.022727272727272728,1,1.5,12,0.007575757575757576,-9.641910807895115
19,1,Alfonso Ribeiro,Witney Carson,Actor/Actress,United States,42,1,36.0,0.0563991373793685,1.0,11.0,13.0,0.0,0.0,5.110890700514968,1,0.0,9.0,36.0,0.35714285714285715,0.18452753882618136,0.44421371748503113,0.19732582680187105,2,0.022727272727272728,1,10.0,2,0.0,0.44421371748503113
19,2,Alfonso Ribeiro,Witney Carson,Actor/Actress,United States,42,1,32.0,0.0695678891110542,4.0,11.0,12.0,-0.11111110802469146,2.8284271247461903,5.110890700514968,1,0.0,9.0,34.0,0.35714285714285715,0.18452753882618136,0.44421371748503113,0.19732582680187105,2,0.022727272727272728,1,10.0,2,0.0,0.8884274349700623
19,3,Alfonso Ribeiro,Witney Carson,Actor/Actress,United States,42,1,32.0,0.0918304609774493,5.0,6.0,11.0,-0.11111110802469146,2.3094010767585034,5.110890700514968,1,0.0,9.0,33.333333333333336,0.35714285714285715,0.18452753882618136,0.44421371748503113,0.19732582680187105,2,0.022727272727272728,1,10.0,2,0.0,1.3326411524550934
19,4,Alfonso Ribeiro,Witney Carson,Actor/Actress,United States,42,1,40.0,0.0972979518270662,1.0,7.0,10.0,0.11111110802469146,4.618802153517008,5.110890700514968,1,0.0,9.0,34.666666666666664,0.35714285714285715,0.18452753882618136,0.44421371748503113,0.19732582680187105,2,0.022727272727272728,1,10.0,2,0.0,1.7768548699401245
19,5,Alfonso Ribeiro,Witney Carson,Actor/Actress,United States,42,1,34.0,0.2224090239853142,2.5,1.0,9.0,-0.05555555401234573,4.163331998932268,5.110890700514968,1,0.0,9.0,35.333333333333336,0.35714285714285715,0.18452753882618136,0.44421371748503113,0.19732582680187105,2,0.022727272727272728,1,10.0,2,0.0,2.2210685874251554
19,6,Alfonso Ribeiro,Witney Carson,Actor/Actress,United States,42,1,39.0,0.1275489855092476,1.0,1.0,9.0,0.08333333101851859,3.2145502536643216,5.110890700514968,1,0.0,9.0,37.666666666666664,0.35714285714285715,0.18452753882618136,0.44421371748503113,0.19732582680187105,2,0.022727272727272728,1,10.0,2,0.0,2.665282304910187
19,7,Alfonso Ribeiro,Witney Carson,Actor/Actress,United States,42,1,34.0,0.1644602688935884,3.0,1.0,8.0,-0.05555555401234573,2.886751345948131,5.110890700514968,1,0.0,9.0,35.666666666666664,0.35714285714285715,0.18452753882618136,0.44421371748503113,0.19732582680187105,2,0.022727272727272728,1,10.0,2,0.0,3.109496022395218
19,8,Alfonso Ribeiro,Witney Carson,Actor/Actress,United States,42,1,41.0,0.1831517353100657,2.0,1.0,7.0,0.1388888850308643,3.6055512754639913,5.110890700514968,1,0.0,9.0,38.0,0.35714285714285715,0.18452753882618136,0.44421371748503113,0.19732582680187105,2,0.022727272727272728,1,10.0,2,0.0,3.553709739880249
19,9,Alfonso Ribeiro,Witney Carson,Actor/Actress,United States,42,1,38.5,0.1931688303317641,1.5,1.0,6.0,0.06944444251543215,3.547299442298796,5.110890700514968,1,0.0,9.0,37.833333333333336,0.35714285714285715,0.18452753882618136,0.44421371748503113,0.19732582680187105,2,0.022727272727272728,1,10.0,2,0.0,3.99792345736528
19,10,Alfonso Ribeiro,Witney Carson,Actor/Actress,United States,42,1,37.5,0.2154515276978053,3.0,2.0,5.0,0.04166666550925929,1.802775637731997,5.110890700514968,1,0.0,9.0,39.0,0.35714285714285715,0.18452753882618136,0.44421371748503113,0.19732582680187105,2,0.022727272727272728,1,10.0,2,0.0,4.442137174850311
19,11,Alfonso Ribeiro,Witney Carson,Actor/Actress,United States,42,1,40.0,0.2593833821841049,1.0,1.0,4.0,0.11111110802469146,1.258305739211796,5.110890700514968,1,0.0,9.0,38.666666666666664,0.35714285714285715,0.18452753882618136,0.44421371748503113,0.19732582680187105,2,0.022727272727272728,1,10.0,2,0.0,4.886350892335343
19,1,Lolo Jones,Keo Motsepe,Athlete,United States,32,13,22.0,0.0433363135030196,12.0,13.0,13.0,0.0,0.0,5.110890700514968,0,0.0,6.0,0.0,0.2222222222222222,0.18452753882618136,-0.3326986729016244,0.11068840695050207,3,0.25,1,1.0,0,0.0,-0.3326986729016244
19,1,Randy Couture,Karina Smirnoff,Athlete,United States,51,11,31.0,0.1027906163945253,5.0,2.0,13.0,0.0,0.0,5.110890700514968,15,0.26666666666666666,5.933333333333334,31.0,0.3888888888888889,0.18452753882618136,1.1434348688330211,1.3074432992631884,3,0.25,1,-3.0,45,0.06666666666666667,1.1434348688330211
19,2,Randy Couture,Karina Smirnoff,Athlete,United States,51,11,28.0,0.0712103245363395,9.5,10.0,12.0,-0.09677419042663901,2.1213203435596424,5.110890700514968,15,0.26666666666666666,5.933333333333334,29.5,0.3888888888888889,0.18452753882618136,1.1434348688330211,1.3074432992631884,3,0.25,1,-3.0,45,0.06666666666666667,2.2868697376660423
19,3,Randy Couture,Karina Smirnoff,Athlete,United States,51,11,26.0,0.0750029097186225,11.0,10.0,11.0,-0.1612903173777317,2.5166114784235827,5.110890700514968,15,0.26666666666666666,5.933333333333334,28.333333333333332,0.3888888888888889,0.18452753882618136,1.1434348688330211,1.3074432992631884,3,0.25,1,-3.0,45,0.06666666666666667,3.4303046064990634
19,1,Tommy Chong,Peta Murgatroyd,Comedian,Canada,76,5,27.0,0.1095042836302875,9.0,1.0,13.0,0.0,0.0,5.110890700514968,6,0.16666666666666666,6.0,27.0,0.06666666666666667,0.18452753882618136,3.08571584479966,9.521642274847679,1,0.1,0,-8.0,6,0.016666666666666666,3.08571584479966
19,2,Tommy Chong,Peta Murgatroyd,Comedian,Canada,76,5,28.0,0.1045128765804561,9.5,2.0,12.0,0.037037035665294975,0.7071067811865476,5.110890700514968,6,0.16666666666666666,6.0,27.5,0.06666666666666667,0.18452753882618136,3.08571584479966,9.521642274847679,1,0.1,0,-8.0,6,0.016666666666666666,6.17143168959932
19,3,Tommy Chong,Peta Murgatroyd,Comedian,Canada,76,5,34.0,0.0942630222853173,3.0,5.0,11.0,0.2592592496570648,3.785938897200182,5.110890700514968,6,0.16666666666666666,6.0,29.666666666666668,0.06666666666666667,0.18452753882618136,3.08571584479966,9.521642274847679,1,0.1,0,-8.0,6,0.016666666666666666,9.25714753439898
19,4,Tommy Chong,Peta Murgatroyd,Comedian,Canada,76,5,28.0,0.1051905252512158,8.0,5.0,10.0,0.037037035665294975,3.4641016151377535,5.110890700514968,6,0.16666666666666666,6.0,30.0,0.06666666666666667,0.18452753882618136,3.08571584479966,9.521642274847679,1,0.1,0,-8.0,6,0.016666666666666666,12.34286337919864
19,5,Tommy Chong,Peta Murgatroyd,Comedian,Canada,76,5,23.0,0.1075819795239167,8.0,4.0,9.0,-0.1481481426611799,5.507570547286101,5.110890700514968,6,0.16666666666666666,6.0,28.333333333333332,0.06666666666666667,0.18452753882618136,3.08571584479966,9.521642274847679,1,0.1,0,-8.0,6,0.016666666666666666,15.4285792239983
19,6,Tommy Chong,Peta Murgatroyd,Comedian,Canada,76,5,28.0,0.1099259221261608,8.5,7.0,9.0,0.037037035665294975,2.886751345948126,5.110890700514968,6,0.16666666666666666,6.0,26.333333333333332,0.06666666666666667,0.18452753882618136,3.08571584479966,9.521642274847679,1,0.1,0,-8.0,6,0.016666666666666666,18.51429506879796
19,7,Tommy Chong,Peta Murgatroyd,Comedian,Canada,76,5,30.0,0.1171558500662837,6.0,5.0,8.0,0.11111110699588492,3.605551275463987,5.110890700514968,6,0.16666666666666666,6.0,27.0,0.06666666666666667,0.18452753882618136,3.08571584479966,9.521642274847679,1,0.1,0,-8.0,6,0.016666666666666666,21.60001091359762
19,8,Tommy Chong,Peta Murgatroyd,Comedian,Canada,76,5,29.0,0.1369889918997523,6.0,4.0,7.0,0.07407407133058995,0.9999999999999911,5.110890700514968,6,0.16666666666666666,6.0,29.0,0.06666666666666667,0.18452753882618136,3.08571584479966,9.521642274847679,1,0.1,0,-8.0,6,0.016666666666666666,24.68572675839728
19,9,Tommy Chong,Peta Murgatroyd,Comedian,Canada,76,5,28.5,0.1711150360975525,6.0,3.0,6.0,0.05555555349794246,0.763762615825962,5.110890700514968,6,0.16666666666666666,6.0,29.166666666666668,0.06666666666666667,0.18452753882618136,3.08571584479966,9.521642274847679,1,0.1,0,-8.0,6,0.016666666666666666,27.771442603196938
19,10,Tommy Chong,Peta Murgatroyd,Comedian,Canada,76,5,31.0,0.1687005246426832,5.0,5.0,5.0,0.1481481426611799,1.3228756555322891,5.110890700514968,6,0.16666666666666666,6.0,29.5,0.06666666666666667,0.18452753882618136,3.08571584479966,9.521642274847679,1,0.1,0,-8.0,6,0.016666666666666666,30.8571584479966
19,1,Betsey Johnson,Tony Dovolani,Fashion Designer,United States,72,10,20.0,0.0813955407880461,13.0,5.0,13.0,0.0,0.0,5.110890700514968,17,0.17647058823529413,7.117647058823529,20.0,0.047619047619047616,0.18452753882618136,2.7749508886449976,7.700352434391662,2,0.25,1,-8.0,34,0.04411764705882353,2.7749508886449976
19,2,Betsey Johnson,Tony Dovolani,Fashion Designer,United States,72,10,28.0,0.103645704200056,9.5,3.0,12.0,0.399999980000001,5.656854249492381,5.110890700514968,17,0.17647058823529413,7.117647058823529,24.0,0.047619047619047616,0.18452753882618136,2.7749508886449976,7.700352434391662,2,0.25,1,-8.0,34,0.04411764705882353,5.549901777289995
19,3,Betsey Johnson,Tony Dovolani,Fashion Designer,United States,72,10,29.0,0.0827004789883196,8.5,9.0,11.0,0.4499999775000011,4.932882862316247,5.110890700514968,17,0.17647058823529413,7.117647058823529,25.666666666666668,0.047619047619047616,0.18452753882618136,2.7749508886449976,7.700352434391662,2,0.25,1,-8.0,34,0.04411764705882353,8.324852665934992
19,4,Betsey Johnson,Tony Dovolani,Fashion Designer,United States,72,10,29.0,0.07735450461989,6.5,9.0,10.0,0.4499999775000011,0.5773502691896163,5.110890700514968,17,0.17647058823529413,7.117647058823529,28.666666666666668,0.047619047619047616,0.18452753882618136,2.7749508886449976,7.700352434391662,2,0.25,1,-8.0,34,0.04411764705882353,11.09980355457999
19,1,Michael Waltrip,Emma Slater,Racing Driver,United States,51,7,25.0,0.0752170160930007,10.5,8.0,13.0,0.0,0.0,5.110890700514968,2,0.0,7.0,25.0,0.0625,0.18452753882618136,1.1434348688330211,1.3074432992631884,3,0.125,1,-2.5,6,0.0,1.1434348688330211
19,2,Michael Waltrip,Emma Slater,Racing Driver,United States,51,7,24.0,0.0752672535373369,12.0,8.0,12.0,-0.03999999840000006,0.7071067811865476,5.110890700514968,2,0.0,7.0,24.5,0.0625,0.18452753882618136,1.1434348688330211,1.3074432992631884,3,0.125,1,-2.5,6,0.0,2.2868697376660423
19,3,Michael Waltrip,Emma Slater,Racing Driver,United States,51,7,28.0,0.1083476174039157,10.0,1.0,11.0,0.11999999520000018,2.081665999466132,5.110890700514968,2,0.0,7.0,25.666666666666668,0.0625,0.18452753882618136,1.1434348688330211,1.3074432992631884,3,0.125,1,-2.5,6,0.0,3.4303046064990634
19,4,Michael Waltrip,Emma Slater,Racing Driver,United States,51,7,25.0,0.1128162778199978,9.0,2.0,10.0,0.0,2.081665999466132,5.110890700514968,2,0.0,7.0,25.666666666666668,0.0625,0.18452753882618136,1.1434348688330211,1.3074432992631884,3,0.125,1,-2.5,6,0.0,4.573739475332085
19,5,Michael Waltrip,Emma Slater,Racing Driver,United States,51,7,20.0,0.1408035701727916,9.0,3.0,9.0,-0.19999999200000032,4.04145188432738,5.110890700514968,2,0.0,7.0,24.333333333333332,0.0625,0.18452753882618136,1.1434348688330211,1.3074432992631884,3,0.125,1,-2.5,6,0.0,5.717174344165105
19,6,Michael Waltrip,Emma Slater,Racing Driver,United States,51,7,30.0,0.1202422703291647,7.0,3.0,9.0,0.19999999200000032,4.999999999999999,5.110890700514968,2,0.0,7.0,25.0,0.0625,0.18452753882618136,1.1434348688330211,1.3074432992631884,3,0.125,1,-2.5,6,0.0,6.860609212998127
19,7,Michael Waltrip,Emma Slater,Racing Driver,United States,51,7,28.0,0.1158334124192487,8.0,6.0,8.0,0.11999999520000018,5.2915026221291805,5.110890700514968,2,0.0,7.0,26.0,0.0625,0.18452753882618136,1.1434348688330211,1.3074432992631884,3,0.125,1,-2.5,6,0.0,8.004044081831148
19,8,Michael Waltrip,Emma Slater,Racing Driver,United States,51,7,25.0,0.1070794088135673,7.0,7.0,7.0,0.0,2.516611478423582,5.110890700514968,2,0.0,7.0,27.666666666666668,0.0625,0.18452753882618136,1.1434348688330211,1.3074432992631884,3,0.125,1,-2.5,6,0.0,9.14747895066417
19,1,Tavis Smiley,Sharna Burgess,Radio Personality,United States,50,12,29.0,0.0559473045047621,7.5,12.0,13.0,0.0,0.0,5.110890700514968,3,0.0,8.0,29.0,0.14285714285714285,0.18452753882618136,1.0657436297943557,1.1358094844472486,1,0.5,1,4.5,3,0.0,1.0657436297943557
19,2,Tavis Smiley,Sharna Burgess,Radio Personality,United States,50,12,28.0,0.0586459274732222,9.5,12.0,12.0,-0.034482757431629055,0.0,5.110890700514968,3,0.0,8.0,28.5,0.14285714285714285,0.18452753882618136,1.0657436297943557,1.1358094844472486,1,0.5,1,4.5,3,0.0,2.1314872595887113
19,1,Bethany Mota,Derek Hough,Social Media Personality,United States,18,4,32.0,0.0687996716163578,3.5,10.0,13.0,0.0,0.0,5.110890700514968,13,0.6153846153846154,2.6923076923076925,32.0,0.058823529411764705,0.18452753882618136,-1.4203760194429422,2.0174680366085775,2,0.09090909090909091,1,6.5,26,0.05594405594405595,-1.4203760194429422
19,2,Bethany Mota,Derek Hough,Social Media Personality,United States,18,4,33.0,0.0782639183800476,3.0,7.0,12.0,0.031249999023437534,0.7071067811865476,5.110890700514968,13,0.6153846153846154,2.6923076923076925,32.5,0.058823529411764705,0.18452753882618136,-1.4203760194429422,2.0174680366085775,2,0.09090909090909091,1,6.5,26,0.05594405594405595,-2.8407520388858845
19,3,Bethany Mota,Derek Hough,Social Media Personality,United States,18,4,40.0,0.0831842145918637,1.5,8.0,11.0,0.24999999218750027,4.358898943540674,5.110890700514968,13,0.6153846153846154,2.6923076923076925,35.0,0.058823529411764705,0.18452753882618136,-1.4203760194429422,2.0174680366085775,2,0.09090909090909091,1,6.5,26,0.05594405594405595,-4.2611280583288265
19,4,Bethany Mota,Derek Hough,Social Media Personality,United States,18,4,33.0,0.1097663679318577,5.0,3.0,10.0,0.031249999023437534,4.041451884327381,5.110890700514968,13,0.6153846153846154,2.6923076923076925,35.333333333333336,0.058823529411764705,0.18452753882618136,-1.4203760194429422,2.0174680366085775,2,0.09090909090909091,1,6.5,26,0.05594405594405595,-5.681504077771769
19,5,Bethany Mota,Derek Hough,Social Media Personality,United States,18,4,32.0,0.2075254340924534,5.0,2.0,9.0,0.0,4.358898943540674,5.110890700514968,13,0.6153846153846154,2.6923076923076925,35.0,0.058823529411764705,0.18452753882618136,-1.4203760194429422,2.0174680366085775,2,0.09090909090909091,1,6.5,26,0.05594405594405595,-7.101880097214711
19,6,Bethany Mota,Derek Hough,Social Media Personality,United States,18,4,36.0,0.1209502531672923,2.0,2.0,9.0,0.12499999609375013,2.0816659994661335,5.110890700514968,13,0.6153846153846154,2.6923076923076925,33.666666666666664,0.058823529411764705,0.18452753882618136,-1.4203760194429422,2.0174680366085775,2,0.09090909090909091,1,6.5,26,0.05594405594405595,-8.522256116657653
19,7,Bethany Mota,Derek Hough,Social Media Personality,United States,18,4,37.5,0.1275423652738932,1.0,3.0,8.0,0.17187499462890643,2.843120351538665,5.110890700514968,13,0.6153846153846154,2.6923076923076925,35.166666666666664,0.058823529411764705,0.18452753882618136,-1.4203760194429422,2.0174680366085775,2,0.09090909090909091,1,6.5,26,0.05594405594405595,-9.942632136100595
19,8,Bethany Mota,Derek Hough,Social Media Personality,United States,18,4,40.0,0.1366702517471782,3.0,6.0,7.0,0.24999999218750027,2.020725942163693,5.110890700514968,13,0.6153846153846154,2.6923076923076925,37.833333333333336,0.058823529411764705,0.18452753882618136,-1.4203760194429422,2.0174680366085775,2,0.09090909090909091,1,6.5,26,0.05594405594405595,-11.363008155543538
19,9,Bethany Mota,Derek Hough,Social Media Personality,United States,18,4,37.0,0.1612808900862442,3.0,4.0,6.0,0.15624999511718765,1.607275126832161,5.110890700514968,13,0.6153846153846154,2.6923076923076925,38.166666666666664,0.058823529411764705,0.18452753882618136,-1.4203760194429422,2.0174680366085775,2,0.09090909090909091,1,6.5,26,0.05594405594405595,-12.78338417498648
19,10,Bethany Mota,Derek Hough,Social Media Personality,United States,18,4,38.0,0.1941858201742066,2.0,3.0,5.0,0.1874999941406252,1.5275252316519492,5.110890700514968,13,0.6153846153846154,2.6923076923076925,38.333333333333336,0.058823529411764705,0.18452753882618136,-1.4203760194429422,2.0174680366085775,2,0.09090909090909091,1,6.5,26,0.05594405594405595,-14.203760194429423
19,11,Bethany Mota,Derek Hough,Social Media Personality,United States,18,4,38.0,0.2421206887221501,4.0,3.0,4.0,0.1874999941406252,0.5773502691896355,5.110890700514968,13,0.6153846153846154,2.6923076923076925,37.666666666666664,0.058823529411764705,0.18452753882618136,-1.4203760194429422,2.0174680366085775,2,0.09090909090909091,1,6.5,26,0.05594405594405595,-15.624136213872365
19,1,Sadie Robertson,Mark Ballas,TV Personality,United States,17,2,34.0,0.0803499587608876,2.0,6.0,13.0,0.0,0.0,5.110890700514968,14,0.42857142857142855,5.928571428571429,34.0,0.2857142857142857,0.18452753882618136,-1.4980672584816077,2.2442055109346,1,0.09090909090909091,1,4.0,14,0.03896103896103896,-1.4980672584816077
19,2,Sadie Robertson,Mark Ballas,TV Personality,United States,17,2,31.0,0.0748010304350776,5.5,9.0,12.0,-0.08823529152249143,2.1213203435596424,5.110890700514968,14,0.42857142857142855,5.928571428571429,32.5,0.2857142857142857,0.18452753882618136,-1.4980672584816077,2.2442055109346,1,0.09090909090909091,1,4.0,14,0.03896103896103896,-2.9961345169632154
19,3,Sadie Robertson,Mark Ballas,TV Personality,United States,17,2,32.0,0.1047274599519345,5.0,2.0,11.0,-0.05882352768166096,1.5275252316519468,5.110890700514968,14,0.42857142857142855,5.928571428571429,32.333333333333336,0.2857142857142857,0.18452753882618136,-1.4980672584816077,2.2442055109346,1,0.09090909090909091,1,4.0,14,0.03896103896103896,-4.494201775444823
19,4,Sadie Robertson,Mark Ballas,TV Personality,United States,17,2,37.0,0.068208156824192,3.0,10.0,10.0,0.08823529152249143,3.214550253664317,5.110890700514968,14,0.42857142857142855,5.928571428571429,33.333333333333336,0.2857142857142857,0.18452753882618136,-1.4980672584816077,2.2442055109346,1,0.09090909090909091,1,4.0,14,0.03896103896103896,-5.992269033926431
19,5,Sadie Robertson,Mark Ballas,TV Personality,United States,17,2,36.0,0.097092407916144,1.0,5.0,9.0,0.05882352768166096,2.6457513110645885,5.110890700514968,14,0.42857142857142855,5.928571428571429,35.0,0.2857142857142857,0.18452753882618136,-1.4980672584816077,2.2442055109346,1,0.09090909090909091,1,4.0,14,0.03896103896103896,-7.490336292408038
19,6,Sadie Robertson,Mark Ballas,TV Personality,United States,17,2,35.0,0.1175635715611486,3.0,4.0,9.0,0.02941176384083048,0.9999999999999947,5.110890700514968,14,0.42857142857142855,5.928571428571429,36.0,0.2857142857142857,0.18452753882618136,-1.4980672584816077,2.2442055109346,1,0.09090909090909091,1,4.0,14,0.03896103896103896,-8.988403550889647
19,7,Sadie Robertson,Mark Ballas,TV Personality,United States,17,2,31.0,0.1125158419857839,5.0,7.0,8.0,-0.08823529152249143,2.6457513110645885,5.110890700514968,14,0.42857142857142855,5.928571428571429,34.0,0.2857142857142857,0.18452753882618136,-1.4980672584816077,2.2442055109346,1,0.09090909090909091,1,4.0,14,0.03896103896103896,-10.486470809371253
19,8,Sadie Robertson,Mark Ballas,TV Personality,United States,17,2,38.0,0.1368335210155858,4.0,5.0,7.0,0.11764705536332191,3.5118845842842457,5.110890700514968,14,0.42857142857142855,5.928571428571429,34.666666666666664,0.2857142857142857,0.18452753882618136,-1.4980672584816077,2.2442055109346,1,0.09090909090909091,1,4.0,14,0.03896103896103896,-11.984538067852862
19,9,Sadie Robertson,Mark Ballas,TV Personality,United States,17,2,36.5,0.1537518112535319,4.0,5.0,6.0,0.0735294096020762,3.6855573979159963,5.110890700514968,14,0.42857142857142855,5.928571428571429,35.166666666666664,0.2857142857142857,0.18452753882618136,-1.4980672584816077,2.2442055109346,1,0.09090909090909091,1,4.0,14,0.03896103896103896,-13.48260532633447
19,10,Sadie Robertson,Mark Ballas,TV Personality,United States,17,2,37.0,0.1941188141939181,4.0,4.0,5.0,0.08823529152249143,0.7637626158259766,5.110890700514968,14,0.42857142857142855,5.928571428571429,37.166666666666664,0.2857142857142857,0.18452753882618136,-1.4980672584816077,2.2442055109346,1,0.09090909090909091,1,4.0,14,0.03896103896103896,-14.980672584816077
19,11,Sadie Robertson,Mark Ballas,TV Personality,United States,17,2,39.333200000000005,0.2413067618863297,2.0,4.0,4.0,0.15685881891591724,1.5122193668027626,5.110890700514968,14,0.42857142857142855,5.928571428571429,37.611066666666666,0.2857142857142857,0.18452753882618136,-1.4980672584816077,2.2442055109346,1,0.09090909090909091,1,4.0,14,0.03896103896103896,-16.478739843297685
20,1,Suzanne Somers,Tony Dovolani,Actor/Actress,United States,68,9,25.0,0.0858190526432976,9.0,7.0,12.0,0.0,0.0,5.340192207722218,18,0.16666666666666666,7.277777777777778,25.0,0.23809523809523808,0.2153235653235653,2.4641859324903357,6.072212309883265,2,0.03125,1,-2.0,36,0.005208333333333333,2.4641859324903357
20,2,Suzanne Somers,Tony Dovolani,Actor/Actress,United States,68,9,28.0,0.073554699482321,7.5,10.0,12.0,0.11999999520000018,2.1213203435596424,5.340192207722218,18,0.16666666666666666,7.277777777777778,26.5,0.23809523809523808,0.2153235653235653,2.4641859324903357,6.072212309883265,2,0.03125,1,-2.0,36,0.005208333333333333,4.928371864980671
20,3,Suzanne Somers,Tony Dovolani,Actor/Actress,United States,68,9,25.0,0.0854238538797025,8.0,7.0,11.0,0.0,1.7320508075688772,5.340192207722218,18,0.16666666666666666,7.277777777777778,26.0,0.23809523809523808,0.2153235653235653,2.4641859324903357,6.072212309883265,2,0.03125,1,-2.0,36,0.005208333333333333,7.392557797471007
20,4,Suzanne Somers,Tony Dovolani,Actor/Actress,United States,68,9,28.0,0.1016435247936208,9.0,6.0,10.0,0.11999999520000018,1.7320508075688772,5.340192207722218,18,0.16666666666666666,7.277777777777778,27.0,0.23809523809523808,0.2153235653235653,2.4641859324903357,6.072212309883265,2,0.03125,1,-2.0,36,0.005208333333333333,9.856743729961343
20,5,Suzanne Somers,Tony Dovolani,Actor/Actress,United States,68,9,28.0,0.0767977231452084,5.5,9.0,9.0,0.11999999520000018,1.7320508075688772,5.340192207722218,18,0.16666666666666666,7.277777777777778,27.0,0.23809523809523808,0.2153235653235653,2.4641859324903357,6.072212309883265,2,0.03125,1,-2.0,36,0.005208333333333333,12.320929662451679
20,1,Willow Shields,Mark Ballas,Actor/Actress,United States,14,7,25.0,0.1626447079597158,9.0,1.0,12.0,0.0,0.0,5.340192207722218,15,0.4666666666666667,5.666666666666667,25.0,0.3333333333333333,0.2153235653235653,-1.7311409755976044,2.9968490773930254,2,0.03125,1,-8.0,30,0.014583333333333334,-1.7311409755976044
20,2,Willow Shields,Mark Ballas,Actor/Actress,United States,14,7,32.0,0.0825669839260709,3.0,5.0,12.0,0.27999998880000043,4.949747468305833,5.340192207722218,15,0.4666666666666667,5.666666666666667,28.5,0.3333333333333333,0.2153235653235653,-1.7311409755976044,2.9968490773930254,2,0.03125,1,-8.0,30,0.014583333333333334,-3.4622819511952088
20,3,Willow Shields,Mark Ballas,Actor/Actress,United States,14,7,32.0,0.1029324445376962,4.0,3.0,11.0,0.27999998880000043,4.041451884327381,5.340192207722218,15,0.4666666666666667,5.666666666666667,29.666666666666668,0.3333333333333333,0.2153235653235653,-1.7311409755976044,2.9968490773930254,2,0.03125,1,-8.0,30,0.014583333333333334,-5.193422926792813
20,4,Willow Shields,Mark Ballas,Actor/Actress,United States,14,7,39.0,0.1113139530495259,1.0,2.0,10.0,0.5599999776000009,4.041451884327379,5.340192207722218,15,0.4666666666666667,5.666666666666667,34.333333333333336,0.3333333333333333,0.2153235653235653,-1.7311409755976044,2.9968490773930254,2,0.03125,1,-8.0,30,0.014583333333333334,-6.9245639023904175
20,5,Willow Shields,Mark Ballas,Actor/Actress,United States,14,7,34.0,0.122592334375651,4.0,3.0,9.0,0.35999998560000057,3.605551275463987,5.340192207722218,15,0.4666666666666667,5.666666666666667,35.0,0.3333333333333333,0.2153235653235653,-1.7311409755976044,2.9968490773930254,2,0.03125,1,-8.0,30,0.014583333333333334,-8.655704877988022
20,6,Willow Shields,Mark Ballas,Actor/Actress,United States,14,7,36.5,0.1087286926535683,2.5,7.0,8.0,0.4599999816000007,2.499999999999997,5.340192207722218,15,0.4666666666666667,5.666666666666667,36.5,0.3333333333333333,0.2153235653235653,-1.7311409755976044,2.9968490773930254,2,0.03125,1,-8.0,30,0.014583333333333334,-10.386845853585626
20,7,Willow Shields,Mark Ballas,Actor/Actress,United States,14,7,39.0,0.0862107268422848,2.0,7.0,7.0,0.5599999776000009,2.499999999999997,5.340192207722218,15,0.4666666666666667,5.666666666666667,36.5,0.3333333333333333,0.2153235653235653,-1.7311409755976044,2.9968490773930254,2,0.03125,1,-8.0,30,0.014583333333333334,-12.11798682918323
20,1,Riker Lynch,Allison Holker,Actor/Actress,United States,23,2,31.0,0.0756934726839365,2.0,8.0,12.0,0.0,0.0,5.340192207722218,1,0.0,9.0,31.0,0.5,0.2153235653235653,-1.0319198242496144,1.064858523679355,2,0.03125,1,6.0,2,0.0,-1.0319198242496144
20,2,Riker Lynch,Allison Holker,Actor/Actress,United States,23,2,32.0,0.1258004470201613,3.0,1.0,12.0,0.032258063475546335,0.7071067811865476,5.340192207722218,1,0.0,9.0,31.5,0.5,0.2153235653235653,-1.0319198242496144,1.064858523679355,2,0.03125,1,6.0,2,0.0,-2.0638396484992287
20,3,Riker Lynch,Allison Holker,Actor/Actress,United States,23,2,34.0,0.1091659665322097,1.5,2.0,11.0,0.09677419042663901,1.5275252316519456,5.340192207722218,1,0.0,9.0,32.333333333333336,0.5,0.2153235653235653,-1.0319198242496144,1.064858523679355,2,0.03125,1,6.0,2,0.0,-3.095759472748843
20,4,Riker Lynch,Allison Holker,Actor/Actress,United States,23,2,34.0,0.0887427288450601,4.5,8.0,10.0,0.09677419042663901,1.1547005383792488,5.340192207722218,1,0.0,9.0,33.333333333333336,0.5,0.2153235653235653,-1.0319198242496144,1.064858523679355,2,0.03125,1,6.0,2,0.0,-4.1276792969984575
20,5,Riker Lynch,Allison Holker,Actor/Actress,United States,23,2,38.0,0.0981642412142004,2.5,7.0,9.0,0.22580644432882438,2.3094010767585003,5.340192207722218,1,0.0,9.0,35.333333333333336,0.5,0.2153235653235653,-1.0319198242496144,1.064858523679355,2,0.03125,1,6.0,2,0.0,-5.159599121248072
20,6,Riker Lynch,Allison Holker,Actor/Actress,United States,23,2,38.0,0.1135558816741741,1.0,6.0,8.0,0.22580644432882438,2.3094010767585003,5.340192207722218,1,0.0,9.0,36.666666666666664,0.5,0.2153235653235653,-1.0319198242496144,1.064858523679355,2,0.03125,1,6.0,2,0.0,-6.191518945497686
20,7,Riker Lynch,Allison Holker,Actor/Actress,United States,23,2,37.0,0.1174723828954685,4.5,6.0,7.0,0.19354838085327802,0.5773502691896171,5.340192207722218,1,0.0,9.0,37.666666666666664,0.5,0.2153235653235653,-1.0319198242496144,1.064858523679355,2,0.03125,1,6.0,2,0.0,-7.2234387697473
20,8,Riker Lynch,Allison Holker,Actor/Actress,United States,23,2,39.0,0.181119045649595,2.0,3.0,6.0,0.2580645078043707,0.9999999999999947,5.340192207722218,1,0.0,9.0,38.0,0.5,0.2153235653235653,-1.0319198242496144,1.064858523679355,2,0.03125,1,6.0,2,0.0,-8.255358593996915
20,9,Riker Lynch,Allison Holker,Actor/Actress,United States,23,2,40.0,0.2760076384217571,1.5,2.0,4.0,0.29032257127991706,1.5275252316519439,5.340192207722218,1,0.0,9.0,38.666666666666664,0.5,0.2153235653235653,-1.0319198242496144,1.064858523679355,2,0.03125,1,6.0,2,0.0,-9.28727841824653
20,10,Riker Lynch,Allison Holker,Actor/Actress,United States,23,2,40.0,0.3011921641344744,1.5,2.0,3.0,0.29032257127991706,0.5773502691896216,5.340192207722218,1,0.0,9.0,39.666666666666664,0.5,0.2153235653235653,-1.0319198242496144,1.064858523679355,2,0.03125,1,6.0,2,0.0,-10.319198242496144
20,1,Rumer Willis,Valentin Chmerkovskiy,Actor/Actress,United States,26,1,32.0,0.0948925121177295,1.0,6.0,12.0,0.0,0.0,5.340192207722218,7,0.42857142857142855,5.857142857142857,32.0,0.5263157894736842,0.2153235653235653,-0.7988461071336178,0.6381551028825356,2,0.03125,1,5.0,14,0.013392857142857142,-0.7988461071336178
20,2,Rumer Willis,Valentin Chmerkovskiy,Actor/Actress,United States,26,1,32.0,0.0735995229841433,3.0,9.0,12.0,0.0,0.0,5.340192207722218,7,0.42857142857142855,5.857142857142857,32.0,0.5263157894736842,0.2153235653235653,-0.7988461071336178,0.6381551028825356,2,0.03125,1,5.0,14,0.013392857142857142,-1.5976922142672356
20,3,Rumer Willis,Valentin Chmerkovskiy,Actor/Actress,United States,26,1,33.0,0.0776109795877114,3.0,9.0,11.0,0.031249999023437534,0.5773502691896247,5.340192207722218,7,0.42857142857142855,5.857142857142857,32.333333333333336,0.5263157894736842,0.2153235653235653,-0.7988461071336178,0.6381551028825356,2,0.03125,1,5.0,14,0.013392857142857142,-2.3965383214008535
20,4,Rumer Willis,Valentin Chmerkovskiy,Actor/Actress,United States,26,1,35.0,0.0889364955635614,3.0,7.0,10.0,0.0937499970703126,1.5275252316519452,5.340192207722218,7,0.42857142857142855,5.857142857142857,33.333333333333336,0.5263157894736842,0.2153235653235653,-0.7988461071336178,0.6381551028825356,2,0.03125,1,5.0,14,0.013392857142857142,-3.1953844285344712
20,5,Rumer Willis,Valentin Chmerkovskiy,Actor/Actress,United States,26,1,39.0,0.1138828929566019,1.0,6.0,9.0,0.21874999316406274,3.055050463303893,5.340192207722218,7,0.42857142857142855,5.857142857142857,35.666666666666664,0.5263157894736842,0.2153235653235653,-0.7988461071336178,0.6381551028825356,2,0.03125,1,5.0,14,0.013392857142857142,-3.994230535668089
20,6,Rumer Willis,Valentin Chmerkovskiy,Actor/Actress,United States,26,1,35.5,0.15189918761814,4.0,1.0,8.0,0.10937499658203137,2.1794494717703374,5.340192207722218,7,0.42857142857142855,5.857142857142857,36.5,0.5263157894736842,0.2153235653235653,-0.7988461071336178,0.6381551028825356,2,0.03125,1,5.0,14,0.013392857142857142,-4.793076642801707
20,7,Rumer Willis,Valentin Chmerkovskiy,Actor/Actress,United States,26,1,37.0,0.195884359730475,4.5,1.0,7.0,0.15624999511718765,1.7559422921421242,5.340192207722218,7,0.42857142857142855,5.857142857142857,37.166666666666664,0.5263157894736842,0.2153235653235653,-0.7988461071336178,0.6381551028825356,2,0.03125,1,5.0,14,0.013392857142857142,-5.591922749935325
20,8,Rumer Willis,Valentin Chmerkovskiy,Actor/Actress,United States,26,1,40.0,0.2974070342182562,1.0,1.0,6.0,0.24999999218750027,2.29128784747792,5.340192207722218,7,0.42857142857142855,5.857142857142857,37.5,0.5263157894736842,0.2153235653235653,-0.7988461071336178,0.6381551028825356,2,0.03125,1,5.0,14,0.013392857142857142,-6.3907688570689425
20,9,Rumer Willis,Valentin Chmerkovskiy,Actor/Actress,United States,26,1,39.0,0.3262693354469779,3.0,1.0,4.0,0.21874999316406274,1.5275252316519468,5.340192207722218,7,0.42857142857142855,5.857142857142857,38.666666666666664,0.5263157894736842,0.2153235653235653,-0.7988461071336178,0.6381551028825356,2,0.03125,1,5.0,14,0.013392857142857142,-7.18961496420256
20,10,Rumer Willis,Valentin Chmerkovskiy,Actor/Actress,United States,26,1,40.0,0.422192953883987,1.5,1.0,3.0,0.24999999218750027,0.5773502691896294,5.340192207722218,7,0.42857142857142855,5.857142857142857,39.666666666666664,0.5263157894736842,0.2153235653235653,-0.7988461071336178,0.6381551028825356,2,0.03125,1,5.0,14,0.013392857142857142,-7.988461071336178
20,1,Nastia Liukin,Derek Hough,Athlete,Russia,25,4,30.0,0.057838862069409,3.0,9.0,12.0,0.0,0.0,5.340192207722218,14,0.5714285714285714,2.7857142857142856,30.0,0.17647058823529413,0.2153235653235653,-0.8765373461722833,0.7683177192347492,3,0.07692307692307693,0,6.0,42,0.04395604395604396,-0.8765373461722833
20,2,Nastia Liukin,Derek Hough,Athlete,Russia,25,4,34.0,0.0600994831201934,1.0,11.0,12.0,0.13333332888888902,2.8284271247461903,5.340192207722218,14,0.5714285714285714,2.7857142857142856,32.0,0.17647058823529413,0.2153235653235653,-0.8765373461722833,0.7683177192347492,3,0.07692307692307693,0,6.0,42,0.04395604395604396,-1.7530746923445666
20,3,Nastia Liukin,Derek Hough,Athlete,Russia,25,4,34.0,0.0840795547038578,1.5,8.0,11.0,0.13333332888888902,2.3094010767585034,5.340192207722218,14,0.5714285714285714,2.7857142857142856,32.666666666666664,0.17647058823529413,0.2153235653235653,-0.8765373461722833,0.7683177192347492,3,0.07692307692307693,0,6.0,42,0.04395604395604396,-2.62961203851685
20,4,Nastia Liukin,Derek Hough,Athlete,Russia,25,4,36.0,0.1222812008972542,2.0,1.0,10.0,0.19999999333333354,1.1547005383792557,5.340192207722218,14,0.5714285714285714,2.7857142857142856,34.666666666666664,0.17647058823529413,0.2153235653235653,-0.8765373461722833,0.7683177192347492,3,0.07692307692307693,0,6.0,42,0.04395604395604396,-3.506149384689133
20,5,Nastia Liukin,Derek Hough,Athlete,Russia,25,4,38.0,0.1292716833313934,2.5,2.0,9.0,0.26666665777777804,2.0000000000000027,5.340192207722218,14,0.5714285714285714,2.7857142857142856,36.0,0.17647058823529413,0.2153235653235653,-0.8765373461722833,0.7683177192347492,3,0.07692307692307693,0,6.0,42,0.04395604395604396,-4.382686730861416
20,6,Nastia Liukin,Derek Hough,Athlete,Russia,25,4,36.5,0.1389917132593198,2.5,2.0,8.0,0.2166666594444447,1.0408329997330719,5.340192207722218,14,0.5714285714285714,2.7857142857142856,36.833333333333336,0.17647058823529413,0.2153235653235653,-0.8765373461722833,0.7683177192347492,3,0.07692307692307693,0,6.0,42,0.04395604395604396,-5.2592240770337
20,7,Nastia Liukin,Derek Hough,Athlete,Russia,25,4,41.0,0.1573693211413339,1.0,3.0,7.0,0.36666665444444485,2.291287847477922,5.340192207722218,14,0.5714285714285714,2.7857142857142856,38.5,0.17647058823529413,0.2153235653235653,-0.8765373461722833,0.7683177192347492,3,0.07692307692307693,0,6.0,42,0.04395604395604396,-6.135761423205983
20,8,Nastia Liukin,Derek Hough,Athlete,Russia,25,4,38.0,0.1011875390563689,3.0,6.0,6.0,0.26666665777777804,2.291287847477922,5.340192207722218,14,0.5714285714285714,2.7857142857142856,38.5,0.17647058823529413,0.2153235653235653,-0.8765373461722833,0.7683177192347492,3,0.07692307692307693,0,6.0,42,0.04395604395604396,-7.012298769378266
20,9,Nastia Liukin,Derek Hough,Athlete,Russia,25,4,40.0,0.1657900522030717,1.5,4.0,4.0,0.33333332222222256,1.52752523165195,5.340192207722218,14,0.5714285714285714,2.7857142857142856,39.666666666666664,0.17647058823529413,0.2153235653235653,-0.8765373461722833,0.7683177192347492,3,0.07692307692307693,0,6.0,42,0.04395604395604396,-7.88883611555055
20,1,Michael Sam,Peta Murgatroyd,Athlete,United States,25,10,26.0,0.0265309015248668,6.0,10.0,12.0,0.0,0.0,5.340192207722218,7,0.14285714285714285,5.857142857142857,26.0,0.3333333333333333,0.2153235653235653,-0.8765373461722833,0.7683177192347492,3,0.07692307692307693,1,4.0,21,0.01098901098901099,-0.8765373461722833
20,2,Michael Sam,Peta Murgatroyd,Athlete,United States,25,10,28.0,0.0802147928315085,7.5,6.0,12.0,0.07692307396449716,1.4142135623730951,5.340192207722218,7,0.14285714285714285,5.857142857142857,27.0,0.3333333333333333,0.2153235653235653,-0.8765373461722833,0.7683177192347492,3,0.07692307692307693,1,4.0,21,0.01098901098901099,-1.7530746923445666
20,3,Michael Sam,Peta Murgatroyd,Athlete,United States,25,10,24.0,0.0963155294131118,9.0,4.0,11.0,-0.07692307396449716,2.0,5.340192207722218,7,0.14285714285714285,5.857142857142857,26.0,0.3333333333333333,0.2153235653235653,-0.8765373461722833,0.7683177192347492,3,0.07692307692307693,1,4.0,21,0.01098901098901099,-2.62961203851685
20,4,Michael Sam,Peta Murgatroyd,Athlete,United States,25,10,30.0,0.0861069243702778,7.5,10.0,10.0,0.15384614792899431,3.0550504633038935,5.340192207722218,7,0.14285714285714285,5.857142857142857,27.333333333333332,0.3333333333333333,0.2153235653235653,-0.8765373461722833,0.7683177192347492,3,0.07692307692307693,1,4.0,21,0.01098901098901099,-3.506149384689133
20,1,Robert Herjavec,Kym Johnson,Entrepreneur,Croatia,52,6,28.0,0.1289422374605009,4.0,3.0,12.0,0.0,0.0,5.340192207722218,13,0.3076923076923077,6.3076923076923075,28.0,0.07142857142857142,0.2153235653235653,1.2211261078716866,1.4911489713258541,1,0.125,0,-1.0,13,0.038461538461538464,1.2211261078716866
20,2,Robert Herjavec,Kym Johnson,Entrepreneur,Croatia,52,6,28.0,0.0765201847339407,7.5,8.0,12.0,0.0,0.0,5.340192207722218,13,0.3076923076923077,6.3076923076923075,28.0,0.07142857142857142,0.2153235653235653,1.2211261078716866,1.4911489713258541,1,0.125,0,-1.0,13,0.038461538461538464,2.4422522157433733
20,3,Robert Herjavec,Kym Johnson,Entrepreneur,Croatia,52,6,29.0,0.0915777469603738,6.0,6.0,11.0,0.035714284438775556,0.5773502691896263,5.340192207722218,13,0.3076923076923077,6.3076923076923075,28.333333333333332,0.07142857142857142,0.2153235653235653,1.2211261078716866,1.4911489713258541,1,0.125,0,-1.0,13,0.038461538461538464,3.66337832361506
20,4,Robert Herjavec,Kym Johnson,Entrepreneur,Croatia,52,6,34.0,0.1019907311938947,4.5,5.0,10.0,0.21428570663265334,3.214550253664319,5.340192207722218,13,0.3076923076923077,6.3076923076923075,30.333333333333332,0.07142857142857142,0.2153235653235653,1.2211261078716866,1.4911489713258541,1,0.125,0,-1.0,13,0.038461538461538464,4.8845044314867465
20,5,Robert Herjavec,Kym Johnson,Entrepreneur,Croatia,52,6,24.0,0.1171650757560008,9.0,5.0,9.0,-0.14285713775510223,5.0,5.340192207722218,13,0.3076923076923077,6.3076923076923075,29.0,0.07142857142857142,0.2153235653235653,1.2211261078716866,1.4911489713258541,1,0.125,0,-1.0,13,0.038461538461538464,6.105630539358433
20,6,Robert Herjavec,Kym Johnson,Entrepreneur,Croatia,52,6,33.5,0.1257096463130665,8.0,4.0,8.0,0.19642856441326556,5.634713834792323,5.340192207722218,13,0.3076923076923077,6.3076923076923075,30.5,0.07142857142857142,0.2153235653235653,1.2211261078716866,1.4911489713258541,1,0.125,0,-1.0,13,0.038461538461538464,7.32675664723012
20,7,Robert Herjavec,Kym Johnson,Entrepreneur,Croatia,52,6,31.0,0.1405870089309236,6.5,4.0,7.0,0.10714285331632667,4.924428900898053,5.340192207722218,13,0.3076923076923077,6.3076923076923075,29.5,0.07142857142857142,0.2153235653235653,1.2211261078716866,1.4911489713258541,1,0.125,0,-1.0,13,0.038461538461538464,8.547882755101806
20,8,Robert Herjavec,Kym Johnson,Entrepreneur,Croatia,52,6,31.0,0.1218235956679237,6.0,4.0,6.0,0.10714285331632667,1.4433756729740654,5.340192207722218,13,0.3076923076923077,6.3076923076923075,31.833333333333332,0.07142857142857142,0.2153235653235653,1.2211261078716866,1.4911489713258541,1,0.125,0,-1.0,13,0.038461538461538464,9.769008862973493
20,1,Charlotte McKinney,Keo Motsepe,Model,United States,21,11,22.0,0.0224017113699,11.5,11.0,12.0,0.0,0.0,5.340192207722218,1,0.0,13.0,22.0,0.1111111111111111,0.2153235653235653,-1.1873023023269456,1.4096867571108656,2,0.3333333333333333,1,-0.5,2,0.0,-1.1873023023269456
20,2,Charlotte McKinney,Keo Motsepe,Model,United States,21,11,26.0,0.1008672234600369,11.0,2.0,12.0,0.18181817355371938,2.8284271247461903,5.340192207722218,1,0.0,13.0,24.0,0.1111111111111111,0.2153235653235653,-1.1873023023269456,1.4096867571108656,2,0.3333333333333333,1,-0.5,2,0.0,-2.374604604653891
20,3,Charlotte McKinney,Keo Motsepe,Model,United States,21,11,22.0,0.0731143629305389,10.5,11.0,11.0,0.0,2.309401076758503,5.340192207722218,1,0.0,13.0,23.333333333333332,0.1111111111111111,0.2153235653235653,-1.1873023023269456,1.4096867571108656,2,0.3333333333333333,1,-0.5,2,0.0,-3.5619069069808367
20,1,Noah Galloway,Sharna Burgess,Motivational Speaker,United States,33,3,26.0,0.095726986813861,6.0,5.0,12.0,0.0,0.0,5.340192207722218,4,0.0,9.0,26.0,0.07142857142857142,0.2153235653235653,-0.2550074338629589,0.06502879132537134,2,0.1,1,-1.0,8,0.0,-0.2550074338629589
20,2,Noah Galloway,Sharna Burgess,Motivational Speaker,United States,33,3,27.0,0.0941358988465314,10.0,4.0,12.0,0.03846153698224858,0.7071067811865476,5.340192207722218,4,0.0,9.0,26.5,0.07142857142857142,0.2153235653235653,-0.2550074338629589,0.06502879132537134,2,0.1,1,-1.0,8,0.0,-0.5100148677259178
20,3,Noah Galloway,Sharna Burgess,Motivational Speaker,United States,33,3,30.0,0.0950038872979627,5.0,5.0,11.0,0.15384614792899431,2.081665999466132,5.340192207722218,4,0.0,9.0,27.666666666666668,0.07142857142857142,0.2153235653235653,-0.2550074338629589,0.06502879132537134,2,0.1,1,-1.0,8,0.0,-0.7650223015888766
20,4,Noah Galloway,Sharna Burgess,Motivational Speaker,United States,33,3,32.0,0.0886240615417577,6.0,9.0,10.0,0.23076922189349144,2.5166114784235822,5.340192207722218,4,0.0,9.0,29.666666666666668,0.07142857142857142,0.2153235653235653,-0.2550074338629589,0.06502879132537134,2,0.1,1,-1.0,8,0.0,-1.0200297354518355
20,5,Noah Galloway,Sharna Burgess,Motivational Speaker,United States,33,3,28.0,0.0892345096165273,5.5,8.0,9.0,0.07692307396449716,1.999999999999998,5.340192207722218,4,0.0,9.0,30.0,0.07142857142857142,0.2153235653235653,-0.2550074338629589,0.06502879132537134,2,0.1,1,-1.0,8,0.0,-1.2750371693147944
20,6,Noah Galloway,Sharna Burgess,Motivational Speaker,United States,33,3,34.0,0.1360651860988783,6.5,3.0,8.0,0.30769229585798863,3.0550504633038926,5.340192207722218,4,0.0,9.0,31.333333333333332,0.07142857142857142,0.2153235653235653,-0.2550074338629589,0.06502879132537134,2,0.1,1,-1.0,8,0.0,-1.5300446031777533
20,7,Noah Galloway,Sharna Burgess,Motivational Speaker,United States,33,3,38.0,0.1786665932562245,3.0,2.0,7.0,0.4615384437869829,5.033222956847165,5.340192207722218,4,0.0,9.0,33.333333333333336,0.07142857142857142,0.2153235653235653,-0.2550074338629589,0.06502879132537134,2,0.1,1,-1.0,8,0.0,-1.7850520370407121
20,8,Noah Galloway,Sharna Burgess,Motivational Speaker,United States,33,3,31.5,0.1813180994256872,5.0,2.0,6.0,0.21153845340236715,3.278719262150997,5.340192207722218,4,0.0,9.0,34.5,0.07142857142857142,0.2153235653235653,-0.2550074338629589,0.06502879132537134,2,0.1,1,-1.0,8,0.0,-2.040059470903671
20,9,Noah Galloway,Sharna Burgess,Motivational Speaker,United States,33,3,38.0,0.2319329739281931,4.0,3.0,4.0,0.4615384437869829,3.752776749732564,5.340192207722218,4,0.0,9.0,35.833333333333336,0.07142857142857142,0.2153235653235653,-0.2550074338629589,0.06502879132537134,2,0.1,1,-1.0,8,0.0,-2.29506690476663
20,10,Noah Galloway,Sharna Burgess,Motivational Speaker,United States,33,3,36.0,0.2766148819815386,3.0,3.0,3.0,0.3846153698224858,3.3291640592396936,5.340192207722218,4,0.0,9.0,35.166666666666664,0.07142857142857142,0.2153235653235653,-0.2550074338629589,0.06502879132537134,2,0.1,1,-1.0,8,0.0,-2.5500743386295888
20,1,Redfoo,Emma Slater,Singer/Rapper,United States,39,12,22.0,0.1360460356579486,11.5,2.0,12.0,0.0,0.0,5.340192207722218,3,0.0,7.0,22.0,0.125,0.2153235653235653,0.21114000036903446,0.04458009975583587,2,0.125,1,-9.5,6,0.0,0.21114000036903446
20,2,Redfoo,Emma Slater,Singer/Rapper,United States,39,12,31.0,0.0568014224066016,5.0,12.0,12.0,0.4090908904958686,0.0,5.340192207722218,3,0.0,7.0,26.5,0.125,0.2153235653235653,0.21114000036903446,0.04458009975583587,2,0.125,1,-9.5,6,0.0,0.42228000073806893
20,1,Patti LaBelle,Artem Chigvintsev,Singer/Rapper,United States,70,8,25.0,0.0142398393443439,9.0,12.0,12.0,0.0,0.0,5.340192207722218,1,0.0,6.0,25.0,0.08333333333333333,0.2153235653235653,2.6195684105676666,6.862138657644011,2,0.125,1,3.0,2,0.0,2.6195684105676666
20,2,Patti LaBelle,Artem Chigvintsev,Singer/Rapper,United States,70,8,28.0,0.0792224899207585,7.5,7.0,12.0,0.11999999520000018,2.1213203435596424,5.340192207722218,1,0.0,6.0,26.5,0.08333333333333333,0.2153235653235653,2.6195684105676666,6.862138657644011,2,0.125,1,3.0,2,0.0,5.239136821135333
20,3,Patti LaBelle,Artem Chigvintsev,Singer/Rapper,United States,70,8,22.0,0.0752997704356452,10.5,10.0,11.0,-0.11999999520000018,3.0,5.340192207722218,1,0.0,6.0,25.0,0.08333333333333333,0.2153235653235653,2.6195684105676666,6.862138657644011,2,0.125,1,3.0,2,0.0,7.858705231703
20,4,Patti LaBelle,Artem Chigvintsev,Singer/Rapper,United States,70,8,30.0,0.105606448267234,7.5,3.0,10.0,0.19999999200000032,4.163331998932265,5.340192207722218,1,0.0,6.0,26.666666666666668,0.08333333333333333,0.2153235653235653,2.6195684105676666,6.862138657644011,2,0.125,1,3.0,2,0.0,10.478273642270667
20,5,Patti LaBelle,Artem Chigvintsev,Singer/Rapper,United States,70,8,27.0,0.1224323129851375,7.5,4.0,9.0,0.07999999680000013,4.04145188432738,5.340192207722218,1,0.0,6.0,26.333333333333332,0.08333333333333333,0.2153235653235653,2.6195684105676666,6.862138657644011,2,0.125,1,3.0,2,0.0,13.097842052838333
20,6,Patti LaBelle,Artem Chigvintsev,Singer/Rapper,United States,70,8,34.0,0.1058427161959078,6.5,8.0,8.0,0.35999998560000057,3.5118845842842465,5.340192207722218,1,0.0,6.0,30.333333333333332,0.08333333333333333,0.2153235653235653,2.6195684105676666,6.862138657644011,2,0.125,1,3.0,2,0.0,15.717410463406
20,1,Chris Soules,Witney Carson,TV Personality,United States,33,5,26.0,0.0992236803544898,6.0,4.0,12.0,0.0,0.0,5.340192207722218,2,0.5,5.0,26.0,0.07142857142857142,0.2153235653235653,-0.2550074338629589,0.06502879132537134,1,0.125,1,-2.0,2,0.0625,-0.2550074338629589
20,2,Chris Soules,Witney Carson,TV Personality,United States,33,5,21.0,0.096616851267732,12.0,3.0,12.0,-0.1923076849112429,3.5355339059327378,5.340192207722218,2,0.5,5.0,23.5,0.07142857142857142,0.2153235653235653,-0.2550074338629589,0.06502879132537134,1,0.125,1,-2.0,2,0.0625,-0.5100148677259178
20,3,Chris Soules,Witney Carson,TV Personality,United States,33,5,28.0,0.1094759037211897,7.0,1.0,11.0,0.07692307396449716,3.605551275463989,5.340192207722218,2,0.5,5.0,25.0,0.07142857142857142,0.2153235653235653,-0.2550074338629589,0.06502879132537134,1,0.125,1,-2.0,2,0.0625,-0.7650223015888766
20,4,Chris Soules,Witney Carson,TV Personality,United States,33,5,27.0,0.1047539314778131,10.0,4.0,10.0,0.03846153698224858,3.785938897200183,5.340192207722218,2,0.5,5.0,25.333333333333332,0.07142857142857142,0.2153235653235653,-0.2550074338629589,0.06502879132537134,1,0.125,1,-2.0,2,0.0625,-1.0200297354518355
20,5,Chris Soules,Witney Carson,TV Personality,United States,33,5,27.0,0.1304592266192789,7.5,1.0,9.0,0.03846153698224858,0.5773502691896316,5.340192207722218,2,0.5,5.0,27.333333333333332,0.07142857142857142,0.2153235653235653,-0.2550074338629589,0.06502879132537134,1,0.125,1,-2.0,2,0.0625,-1.2750371693147944
20,6,Chris Soules,Witney Carson,TV Personality,United States,33,5,35.0,0.1192069761869449,5.0,5.0,8.0,0.3461538328402372,4.618802153517007,5.340192207722218,2,0.5,5.0,29.666666666666668,0.07142857142857142,0.2153235653235653,-0.2550074338629589,0.06502879132537134,1,0.125,1,-2.0,2,0.0625,-1.5300446031777533
20,7,Chris Soules,Witney Carson,TV Personality,United States,33,5,31.0,0.1238096072032892,6.5,5.0,7.0,0.1923076849112429,4.0,5.340192207722218,2,0.5,5.0,31.0,0.07142857142857142,0.2153235653235653,-0.2550074338629589,0.06502879132537134,1,0.125,1,-2.0,2,0.0625,-1.7850520370407121
20,8,Chris Soules,Witney Carson,TV Personality,United States,33,5,32.0,0.1171446859821689,4.0,5.0,6.0,0.23076922189349144,2.0816659994661326,5.340192207722218,2,0.5,5.0,32.666666666666664,0.07142857142857142,0.2153235653235653,-0.2550074338629589,0.06502879132537134,1,0.125,1,-2.0,2,0.0625,-2.040059470903671
21,1,Gary Busey,Anna Trebunskaya,Actor/Actress,United States,71,10,15.0,0.0277843987752702,10.0,11.0,13.0,0.0,0.0,6.425290719948622,10,0.2,8.0,15.0,0.2727272727272727,0.24793634727845254,2.697259649606332,7.275209617394474,2,0.041666666666666664,1,1.0,20,0.008333333333333333,2.697259649606332
21,2,Gary Busey,Anna Trebunskaya,Actor/Actress,United States,71,10,16.5,0.0786430271231923,12.0,7.0,13.0,0.09999999333333379,1.0606601717798212,6.425290719948622,10,0.2,8.0,15.75,0.2727272727272727,0.24793634727845254,2.697259649606332,7.275209617394474,2,0.041666666666666664,1,1.0,20,0.008333333333333333,5.394519299212664
21,3,Gary Busey,Anna Trebunskaya,Actor/Actress,United States,71,10,25.0,0.0890490391046884,9.0,7.0,10.0,0.6666666222222252,5.392896562454479,6.425290719948622,10,0.2,8.0,18.833333333333332,0.2727272727272727,0.24793634727845254,2.697259649606332,7.275209617394474,2,0.041666666666666664,1,1.0,20,0.008333333333333333,8.091778948818996
21,4,Gary Busey,Anna Trebunskaya,Actor/Actress,United States,71,10,16.0,0.0730128975009553,10.0,10.0,10.0,0.06666666222222252,5.05799696849784,6.425290719948622,10,0.2,8.0,19.166666666666668,0.2727272727272727,0.24793634727845254,2.697259649606332,7.275209617394474,2,0.041666666666666664,1,1.0,20,0.008333333333333333,10.789038598425329
21,1,Alexa PenaVega,Mark Ballas,Actor/Actress,United States,27,6,22.0,0.1555581150753197,5.5,2.0,13.0,0.0,0.0,6.425290719948622,16,0.4375,5.75,22.0,0.3333333333333333,0.24793634727845254,-0.7211548680949522,0.5200643437770479,2,0.041666666666666664,1,-3.5,32,0.018229166666666664,-0.7211548680949522
21,2,Alexa PenaVega,Mark Ballas,Actor/Actress,United States,27,6,23.0,0.0815063680742999,3.0,3.0,13.0,0.045454543388429844,0.7071067811865476,6.425290719948622,16,0.4375,5.75,22.5,0.3333333333333333,0.24793634727845254,-0.7211548680949522,0.5200643437770479,2,0.041666666666666664,1,-3.5,32,0.018229166666666664,-1.4423097361899044
21,3,Alexa PenaVega,Mark Ballas,Actor/Actress,United States,27,6,36.0,0.0982181453807307,1.5,5.0,10.0,0.6363636074380178,7.810249675906654,6.425290719948622,16,0.4375,5.75,27.0,0.3333333333333333,0.24793634727845254,-0.7211548680949522,0.5200643437770479,2,0.041666666666666664,1,-3.5,32,0.018229166666666664,-2.1634646042848567
21,4,Alexa PenaVega,Mark Ballas,Actor/Actress,United States,27,6,21.0,0.1016586534853998,8.0,4.0,10.0,-0.045454543388429844,8.144527815247079,6.425290719948622,16,0.4375,5.75,26.666666666666668,0.3333333333333333,0.24793634727845254,-0.7211548680949522,0.5200643437770479,2,0.041666666666666664,1,-3.5,32,0.018229166666666664,-2.884619472379809
21,5,Alexa PenaVega,Mark Ballas,Actor/Actress,United States,27,6,40.0,0.1300751588106766,1.0,3.0,9.0,0.8181817809917372,10.016652800877813,6.425290719948622,16,0.4375,5.75,32.333333333333336,0.3333333333333333,0.24793634727845254,-0.7211548680949522,0.5200643437770479,2,0.041666666666666664,1,-3.5,32,0.018229166666666664,-3.605774340474761
21,6,Alexa PenaVega,Mark Ballas,Actor/Actress,United States,27,6,30.0,0.1052514169668926,7.5,5.0,9.0,0.36363634710743875,9.50438495292217,6.425290719948622,16,0.4375,5.75,30.333333333333332,0.3333333333333333,0.24793634727845254,-0.7211548680949522,0.5200643437770479,2,0.041666666666666664,1,-3.5,32,0.018229166666666664,-4.326929208569713
21,7,Alexa PenaVega,Mark Ballas,Actor/Actress,United States,27,6,27.5,0.1388807580577027,5.0,3.0,8.0,0.24999998863636413,6.614378277661476,6.425290719948622,16,0.4375,5.75,32.5,0.3333333333333333,0.24793634727845254,-0.7211548680949522,0.5200643437770479,2,0.041666666666666664,1,-3.5,32,0.018229166666666664,-5.048084076664665
21,8,Alexa PenaVega,Mark Ballas,Actor/Actress,United States,27,6,26.9998,0.1364366536081845,5.0,6.0,7.0,0.22726362603347156,1.6073477159594305,6.425290719948622,16,0.4375,5.75,28.1666,0.3333333333333333,0.24793634727845254,-0.7211548680949522,0.5200643437770479,2,0.041666666666666664,1,-3.5,32,0.018229166666666664,-5.769238944759618
21,9,Alexa PenaVega,Mark Ballas,Actor/Actress,United States,27,6,30.0,0.1129854922274706,1.5,6.0,6.0,0.36363634710743875,1.6073477159594305,6.425290719948622,16,0.4375,5.75,28.1666,0.3333333333333333,0.24793634727845254,-0.7211548680949522,0.5200643437770479,2,0.041666666666666664,1,-3.5,32,0.018229166666666664,-6.49039381285457
21,1,Carlos PenaVega,Witney Carson,Actor/Actress,United States,26,4,23.0,0.0070664579089337,3.5,13.0,13.0,0.0,0.0,6.425290719948622,3,0.3333333333333333,5.0,23.0,0.35714285714285715,0.24793634727845254,-0.7988461071336178,0.6381551028825356,2,0.041666666666666664,1,9.5,6,0.013888888888888888,-0.7988461071336178
21,2,Carlos PenaVega,Witney Carson,Actor/Actress,United States,26,4,22.5,0.0740832845320468,5.5,10.0,13.0,-0.021739129489603066,0.3535533905932738,6.425290719948622,3,0.3333333333333333,5.0,22.75,0.35714285714285715,0.24793634727845254,-0.7988461071336178,0.6381551028825356,2,0.041666666666666664,1,9.5,6,0.013888888888888888,-1.5976922142672356
21,3,Carlos PenaVega,Witney Carson,Actor/Actress,United States,26,4,31.0,0.1307294888192412,6.0,3.0,10.0,0.34782607183364905,4.769696007084728,6.425290719948622,3,0.3333333333333333,5.0,25.5,0.35714285714285715,0.24793634727845254,-0.7988461071336178,0.6381551028825356,2,0.041666666666666664,1,9.5,6,0.013888888888888888,-2.3965383214008535
21,4,Carlos PenaVega,Witney Carson,Actor/Actress,United States,26,4,25.0,0.0959410234925383,5.0,6.0,10.0,0.08695651795841226,4.368447474027053,6.425290719948622,3,0.3333333333333333,5.0,26.166666666666668,0.35714285714285715,0.24793634727845254,-0.7988461071336178,0.6381551028825356,2,0.041666666666666664,1,9.5,6,0.013888888888888888,-3.1953844285344712
21,5,Carlos PenaVega,Witney Carson,Actor/Actress,United States,26,4,39.0,0.0593387312609149,2.0,9.0,9.0,0.6956521436672981,7.023769168568492,6.425290719948622,3,0.3333333333333333,5.0,31.666666666666668,0.35714285714285715,0.24793634727845254,-0.7988461071336178,0.6381551028825356,2,0.041666666666666664,1,9.5,6,0.013888888888888888,-3.994230535668089
21,6,Carlos PenaVega,Witney Carson,Actor/Actress,United States,26,4,38.0,0.1030982522693471,5.0,7.0,9.0,0.6521738846880919,7.810249675906654,6.425290719948622,3,0.3333333333333333,5.0,34.0,0.35714285714285715,0.24793634727845254,-0.7988461071336178,0.6381551028825356,2,0.041666666666666664,1,9.5,6,0.013888888888888888,-4.793076642801707
21,7,Carlos PenaVega,Witney Carson,Actor/Actress,United States,26,4,28.0,0.1165063566230811,3.0,6.0,8.0,0.21739129489603065,6.082762530298219,6.425290719948622,3,0.3333333333333333,5.0,35.0,0.35714285714285715,0.24793634727845254,-0.7988461071336178,0.6381551028825356,2,0.041666666666666664,1,9.5,6,0.013888888888888888,-5.591922749935325
21,8,Carlos PenaVega,Witney Carson,Actor/Actress,United States,26,4,28.9998,0.137780845905817,2.0,5.0,7.0,0.26086085822344096,5.5076189664863335,6.425290719948622,3,0.3333333333333333,5.0,31.6666,0.35714285714285715,0.24793634727845254,-0.7988461071336178,0.6381551028825356,2,0.041666666666666664,1,9.5,6,0.013888888888888888,-6.3907688570689425
21,9,Carlos PenaVega,Witney Carson,Actor/Actress,United States,26,4,27.0,0.1720504847143991,4.0,3.0,6.0,0.17391303591682453,0.999900001666818,6.425290719948622,3,0.3333333333333333,5.0,27.99993333333333,0.35714285714285715,0.24793634727845254,-0.7988461071336178,0.6381551028825356,2,0.041666666666666664,1,9.5,6,0.013888888888888888,-7.18961496420256
21,10,Carlos PenaVega,Witney Carson,Actor/Actress,United States,26,4,31.5,0.2584647603911965,1.5,2.0,4.0,0.3695652013232521,2.254632271568908,6.425290719948622,3,0.3333333333333333,5.0,29.1666,0.35714285714285715,0.24793634727845254,-0.7988461071336178,0.6381551028825356,2,0.041666666666666664,1,9.5,6,0.013888888888888888,-7.988461071336178
21,11,Carlos PenaVega,Witney Carson,Actor/Actress,United States,26,4,30.0,0.2283347797160528,2.0,4.0,4.0,0.3043478128544429,2.2912878474779146,6.425290719948622,3,0.3333333333333333,5.0,29.5,0.35714285714285715,0.24793634727845254,-0.7988461071336178,0.6381551028825356,2,0.041666666666666664,1,9.5,6,0.013888888888888888,-8.787307178469796
21,1,Victor Espinoza,Karina Smirnoff,Athlete,Mexico,43,12,15.0,0.0265420113454975,10.0,12.0,13.0,0.0,0.0,6.425290719948622,16,0.25,6.25,15.0,0.3888888888888889,0.24793634727845254,0.5219049565236967,0.27238478364400176,3,0.5,0,2.0,48,0.125,0.5219049565236967
21,2,Victor Espinoza,Karina Smirnoff,Athlete,Mexico,43,12,18.5,0.0659281555688015,10.0,12.0,13.0,0.23333331777777883,0.0,6.425290719948622,16,0.25,6.25,16.75,0.3888888888888889,0.24793634727845254,0.5219049565236967,0.27238478364400176,3,0.5,0,2.0,48,0.125,1.0438099130473935
21,1,Alek Skarlatos,Lindsay Arnold,Military,United States,22,3,22.0,0.0342465767066161,5.5,10.0,13.0,0.0,0.0,6.425290719948622,1,0.0,8.0,22.0,0.1,0.24793634727845254,-1.10961106328828,1.2312367117717475,2,0.09090909090909091,1,4.5,2,0.0,-1.10961106328828
21,2,Alek Skarlatos,Lindsay Arnold,Military,United States,22,3,22.5,0.0725771667120302,5.5,11.0,13.0,0.022727271694214922,0.3535533905932738,6.425290719948622,1,0.0,8.0,22.25,0.1,0.24793634727845254,-1.10961106328828,1.2312367117717475,2,0.09090909090909091,1,4.5,2,0.0,-2.21922212657656
21,3,Alek Skarlatos,Lindsay Arnold,Military,United States,22,3,33.0,0.0025369389684572,3.5,10.0,10.0,0.49999997727272827,6.211548384528076,6.425290719948622,1,0.0,8.0,25.833333333333332,0.1,0.24793634727845254,-1.10961106328828,1.2312367117717475,2,0.09090909090909091,1,4.5,2,0.0,-3.3288331898648402
21,4,Alek Skarlatos,Lindsay Arnold,Military,United States,22,3,24.0,0.0889049786130673,6.0,7.0,10.0,0.09090908677685969,5.6789083458002745,6.425290719948622,1,0.0,8.0,26.5,0.1,0.24793634727845254,-1.10961106328828,1.2312367117717475,2,0.09090909090909091,1,4.5,2,0.0,-4.43844425315312
21,5,Alek Skarlatos,Lindsay Arnold,Military,United States,22,3,29.0,0.208239849475176,7.5,1.0,9.0,0.3181818037190089,4.509249752822896,6.425290719948622,1,0.0,8.0,28.666666666666668,0.1,0.24793634727845254,-1.10961106328828,1.2312367117717475,2,0.09090909090909091,1,4.5,2,0.0,-5.548055316441401
21,6,Alek Skarlatos,Lindsay Arnold,Military,United States,22,3,30.0,0.1297800210455645,7.5,2.0,9.0,0.36363634710743875,3.214550253664321,6.425290719948622,1,0.0,8.0,27.666666666666668,0.1,0.24793634727845254,-1.10961106328828,1.2312367117717475,2,0.09090909090909091,1,4.5,2,0.0,-6.6576663797296805
21,7,Alek Skarlatos,Lindsay Arnold,Military,United States,22,3,26.5,0.1252225613614122,8.0,4.0,8.0,0.2045454452479343,1.8027756377319986,6.425290719948622,1,0.0,8.0,28.5,0.1,0.24793634727845254,-1.10961106328828,1.2312367117717475,2,0.09090909090909091,1,4.5,2,0.0,-7.76727744301796
21,8,Alek Skarlatos,Lindsay Arnold,Military,United States,22,3,25.0,0.1533748507208518,6.0,2.0,7.0,0.13636363016528952,2.565800719723445,6.425290719948622,1,0.0,8.0,27.166666666666668,0.1,0.24793634727845254,-1.10961106328828,1.2312367117717475,2,0.09090909090909091,1,4.5,2,0.0,-8.87688850630624
21,9,Alek Skarlatos,Lindsay Arnold,Military,United States,22,3,25.5,0.158925042077722,5.0,4.0,6.0,0.15909090185950445,0.7637626158259863,6.425290719948622,1,0.0,8.0,25.666666666666668,0.1,0.24793634727845254,-1.10961106328828,1.2312367117717475,2,0.09090909090909091,1,4.5,2,0.0,-9.986499569594521
21,10,Alek Skarlatos,Lindsay Arnold,Military,United States,22,3,28.5,0.2004103464589601,3.0,4.0,4.0,0.295454532024794,1.8929694486000972,6.425290719948622,1,0.0,8.0,26.333333333333332,0.1,0.24793634727845254,-1.10961106328828,1.2312367117717475,2,0.09090909090909091,1,4.5,2,0.0,-11.096110632882802
21,11,Alek Skarlatos,Lindsay Arnold,Military,United States,22,3,27.999899999999997,0.2532862172430036,4.0,2.0,4.0,0.27272271487624006,1.6072543887014346,6.425290719948622,1,0.0,8.0,27.333299999999998,0.1,0.24793634727845254,-1.10961106328828,1.2312367117717475,2,0.09090909090909091,1,4.5,2,0.0,-12.20572169617108
21,1,Chaka Khan,Keo Motsepe,Singer/Rapper,United States,62,13,13.0,0.0497109186451387,12.0,9.0,13.0,0.0,0.0,6.425290719948622,2,0.0,12.0,13.0,0.1111111111111111,0.24793634727845254,1.9980384982583423,3.992157840522452,2,0.03333333333333333,1,-3.0,4,0.0,1.9980384982583423
21,2,Chaka Khan,Keo Motsepe,Singer/Rapper,United States,62,13,15.0,0.0788990899479028,13.0,6.0,13.0,0.15384614201183525,0.0,6.425290719948622,2,0.0,12.0,14.0,0.1111111111111111,0.24793634727845254,1.9980384982583423,3.992157840522452,2,0.03333333333333333,1,-3.0,4,0.0,3.9960769965166847
21,1,Andy Grammer,Allison Holker,Singer/Rapper,United States,31,7,21.0,0.0551132932046154,7.5,7.0,13.0,0.0,0.0,6.425290719948622,2,0.5,5.5,21.0,0.5,0.24793634727845254,-0.41038991194028995,0.16841987982235895,2,0.03333333333333333,1,-0.5,4,0.016666666666666666,-0.41038991194028995
21,2,Andy Grammer,Allison Holker,Singer/Rapper,United States,31,7,22.0,0.0784653713172303,8.0,8.0,13.0,0.04761904535147403,0.7071067811865476,6.425290719948622,2,0.5,5.5,21.5,0.5,0.24793634727845254,-0.41038991194028995,0.16841987982235895,2,0.03333333333333333,1,-0.5,4,0.016666666666666666,-0.8207798238805799
21,3,Andy Grammer,Allison Holker,Singer/Rapper,United States,31,7,29.0,0.0636897283684264,8.0,8.0,10.0,0.38095236281179223,4.358898943540674,6.425290719948622,2,0.5,5.5,24.0,0.5,0.24793634727845254,-0.41038991194028995,0.16841987982235895,2,0.03333333333333333,1,-0.5,4,0.016666666666666666,-1.23116973582087
21,4,Andy Grammer,Allison Holker,Singer/Rapper,United States,31,7,23.0,0.1165763958804609,7.0,3.0,10.0,0.09523809070294806,3.785938897200183,6.425290719948622,2,0.5,5.5,24.666666666666668,0.5,0.24793634727845254,-0.41038991194028995,0.16841987982235895,2,0.03333333333333333,1,-0.5,4,0.016666666666666666,-1.6415596477611598
21,5,Andy Grammer,Allison Holker,Singer/Rapper,United States,31,7,36.0,0.1426355665971673,4.0,2.0,9.0,0.7142856802721105,6.5064070986477125,6.425290719948622,2,0.5,5.5,29.333333333333332,0.5,0.24793634727845254,-0.41038991194028995,0.16841987982235895,2,0.03333333333333333,1,-0.5,4,0.016666666666666666,-2.0519495597014497
21,6,Andy Grammer,Allison Holker,Singer/Rapper,United States,31,7,40.0,0.1191582845238213,2.0,3.0,9.0,0.9047618616780065,8.888194417315589,6.425290719948622,2,0.5,5.5,33.0,0.5,0.24793634727845254,-0.41038991194028995,0.16841987982235895,2,0.03333333333333333,1,-0.5,4,0.016666666666666666,-2.46233947164174
21,7,Andy Grammer,Allison Holker,Singer/Rapper,United States,31,7,28.0,0.1205963699270544,3.0,5.0,8.0,0.3333333174603182,6.110100926607786,6.425290719948622,2,0.5,5.5,34.666666666666664,0.5,0.24793634727845254,-0.41038991194028995,0.16841987982235895,2,0.03333333333333333,1,-0.5,4,0.016666666666666666,-2.87272938358203
21,8,Andy Grammer,Allison Holker,Singer/Rapper,United States,31,7,23.9998,0.1188609663540061,7.0,7.0,7.0,0.1428476122453518,8.326744062357145,6.425290719948622,2,0.5,5.5,30.6666,0.5,0.24793634727845254,-0.41038991194028995,0.16841987982235895,2,0.03333333333333333,1,-0.5,4,0.016666666666666666,-3.2831192955223196
21,1,Tamar Braxton,Valentin Chmerkovskiy,Singer/Rapper,United States,38,5,23.0,0.104836375222407,3.5,4.0,13.0,0.0,0.0,6.425290719948622,8,0.5,5.25,23.0,0.10526315789473684,0.24793634727845254,0.1334487613303689,0.017808571900609763,2,0.03333333333333333,1,0.5,16,0.016666666666666666,0.1334487613303689
21,2,Tamar Braxton,Valentin Chmerkovskiy,Singer/Rapper,United States,38,5,24.5,0.0944158603424321,1.0,1.0,13.0,0.0652173884688092,1.0606601717798212,6.425290719948622,8,0.5,5.25,23.75,0.10526315789473684,0.24793634727845254,0.1334487613303689,0.017808571900609763,2,0.03333333333333333,1,0.5,16,0.016666666666666666,0.2668975226607378
21,3,Tamar Braxton,Valentin Chmerkovskiy,Singer/Rapper,United States,38,5,33.0,0.2234429615122027,3.5,1.0,10.0,0.4347825897920613,5.392896562454479,6.425290719948622,8,0.5,5.25,26.833333333333332,0.10526315789473684,0.24793634727845254,0.1334487613303689,0.017808571900609763,2,0.03333333333333333,1,0.5,16,0.016666666666666666,0.4003462839911067
21,4,Tamar Braxton,Valentin Chmerkovskiy,Singer/Rapper,United States,38,5,27.0,0.1238714262196705,3.0,2.0,10.0,0.17391303591682453,4.368447474027053,6.425290719948622,8,0.5,5.25,28.166666666666668,0.10526315789473684,0.24793634727845254,0.1334487613303689,0.017808571900609763,2,0.03333333333333333,1,0.5,16,0.016666666666666666,0.5337950453214756
21,5,Tamar Braxton,Valentin Chmerkovskiy,Singer/Rapper,United States,38,5,29.0,0.083604537926777,7.5,7.0,9.0,0.2608695538752368,3.0550504633038944,6.425290719948622,8,0.5,5.25,29.666666666666668,0.10526315789473684,0.24793634727845254,0.1334487613303689,0.017808571900609763,2,0.03333333333333333,1,0.5,16,0.016666666666666666,0.6672438066518445
21,6,Tamar Braxton,Valentin Chmerkovskiy,Singer/Rapper,United States,38,5,40.0,0.1006181868755871,2.0,8.0,9.0,0.7391304026465042,7.000000000000001,6.425290719948622,8,0.5,5.25,32.0,0.10526315789473684,0.24793634727845254,0.1334487613303689,0.017808571900609763,2,0.03333333333333333,1,0.5,16,0.016666666666666666,0.8006925679822134
21,7,Tamar Braxton,Valentin Chmerkovskiy,Singer/Rapper,United States,38,5,27.0,0.1400482636082536,6.5,2.0,8.0,0.17391303591682453,7.000000000000001,6.425290719948622,8,0.5,5.25,32.0,0.10526315789473684,0.24793634727845254,0.1334487613303689,0.017808571900609763,2,0.03333333333333333,1,0.5,16,0.016666666666666666,0.9341413293125823
21,8,Tamar Braxton,Valentin Chmerkovskiy,Singer/Rapper,United States,38,5,28.0,0.1394731077488389,3.5,4.0,7.0,0.21739129489603065,7.234178138070236,6.425290719948622,8,0.5,5.25,31.666666666666668,0.10526315789473684,0.24793634727845254,0.1334487613303689,0.017808571900609763,2,0.03333333333333333,1,0.5,16,0.016666666666666666,1.0675900906429512
21,9,Tamar Braxton,Valentin Chmerkovskiy,Singer/Rapper,United States,38,5,24.5,0.1501704584333165,6.0,5.0,6.0,0.0652173884688092,1.8027756377320006,6.425290719948622,8,0.5,5.25,26.5,0.10526315789473684,0.24793634727845254,0.1334487613303689,0.017808571900609763,2,0.03333333333333333,1,0.5,16,0.016666666666666666,1.2010388519733202
21,1,Nick Carter,Sharna Burgess,Singer/Rapper,United States,35,2,24.0,0.0840549889825267,1.5,5.0,13.0,0.0,0.0,6.425290719948622,5,0.2,7.8,24.0,0.07142857142857142,0.24793634727845254,-0.09962495578562776,0.009925131815288285,2,0.03333333333333333,1,3.5,10,0.006666666666666667,-0.09962495578562776
21,2,Nick Carter,Sharna Burgess,Singer/Rapper,United States,35,2,22.5,0.0826655765214795,5.5,2.0,13.0,-0.06249999739583344,1.0606601717798212,6.425290719948622,5,0.2,7.8,23.25,0.07142857142857142,0.24793634727845254,-0.09962495578562776,0.009925131815288285,2,0.03333333333333333,1,3.5,10,0.006666666666666667,-0.19924991157125552
21,3,Nick Carter,Sharna Burgess,Singer/Rapper,United States,35,2,36.0,0.0342277850260789,1.5,9.0,10.0,0.4999999791666675,7.399324293474371,6.425290719948622,5,0.2,7.8,27.5,0.07142857142857142,0.24793634727845254,-0.09962495578562776,0.009925131815288285,2,0.03333333333333333,1,3.5,10,0.006666666666666667,-0.2988748673568833
21,4,Nick Carter,Sharna Burgess,Singer/Rapper,United States,35,2,27.0,0.0736986563532648,3.0,9.0,10.0,0.12499999479166687,6.87386354243376,6.425290719948622,5,0.2,7.8,28.5,0.07142857142857142,0.24793634727845254,-0.09962495578562776,0.009925131815288285,2,0.03333333333333333,1,3.5,10,0.006666666666666667,-0.39849982314251103
21,5,Nick Carter,Sharna Burgess,Singer/Rapper,United States,35,2,35.0,0.0792669511314347,5.0,8.0,9.0,0.4583333142361119,4.932882862316248,6.425290719948622,5,0.2,7.8,32.666666666666664,0.07142857142857142,0.24793634727845254,-0.09962495578562776,0.009925131815288285,2,0.03333333333333333,1,3.5,10,0.006666666666666667,-0.4981247789281388
21,6,Nick Carter,Sharna Burgess,Singer/Rapper,United States,35,2,39.0,0.1348619372119596,4.0,1.0,9.0,0.6249999739583344,6.110100926607787,6.425290719948622,5,0.2,7.8,33.666666666666664,0.07142857142857142,0.24793634727845254,-0.09962495578562776,0.009925131815288285,2,0.03333333333333333,1,3.5,10,0.006666666666666667,-0.5977497347137666
21,7,Nick Carter,Sharna Burgess,Singer/Rapper,United States,35,2,27.0,0.1610947259535925,6.5,1.0,8.0,0.12499999479166687,6.110100926607787,6.425290719948622,5,0.2,7.8,33.666666666666664,0.07142857142857142,0.24793634727845254,-0.09962495578562776,0.009925131815288285,2,0.03333333333333333,1,3.5,10,0.006666666666666667,-0.6973746904993943
21,8,Nick Carter,Sharna Burgess,Singer/Rapper,United States,35,2,33.0,0.169827549058809,1.0,1.0,7.0,0.37499998437500065,6.000000000000001,6.425290719948622,5,0.2,7.8,33.0,0.07142857142857142,0.24793634727845254,-0.09962495578562776,0.009925131815288285,2,0.03333333333333333,1,3.5,10,0.006666666666666667,-0.7969996462850221
21,9,Nick Carter,Sharna Burgess,Singer/Rapper,United States,35,2,27.5,0.2218944334081821,3.0,1.0,6.0,0.1458333272569447,3.329164059239698,6.425290719948622,5,0.2,7.8,29.166666666666668,0.07142857142857142,0.24793634727845254,-0.09962495578562776,0.009925131815288285,2,0.03333333333333333,1,3.5,10,0.006666666666666667,-0.8966246020706499
21,10,Nick Carter,Sharna Burgess,Singer/Rapper,United States,35,2,27.0,0.2450823627304817,4.0,3.0,4.0,0.12499999479166687,3.329164059239698,6.425290719948622,5,0.2,7.8,29.166666666666668,0.07142857142857142,0.24793634727845254,-0.09962495578562776,0.009925131815288285,2,0.03333333333333333,1,3.5,10,0.006666666666666667,-0.9962495578562776
21,11,Nick Carter,Sharna Burgess,Singer/Rapper,United States,35,2,30.0,0.2435001635681415,2.0,3.0,4.0,0.24999998958333375,1.6072751268321626,6.425290719948622,5,0.2,7.8,28.166666666666668,0.07142857142857142,0.24793634727845254,-0.09962495578562776,0.009925131815288285,2,0.03333333333333333,1,3.5,10,0.006666666666666667,-1.0958745136419052
21,1,Hayes Grier,Emma Slater,Social Media Personality,United States,15,8,21.0,0.1882214669165439,7.5,1.0,13.0,0.0,0.0,6.425290719948622,4,0.0,8.25,21.0,0.0625,0.24793634727845254,-1.653449736558939,2.7338960313268243,2,0.14285714285714285,1,-6.5,8,0.0,-1.653449736558939
21,2,Hayes Grier,Emma Slater,Social Media Personality,United States,15,8,22.5,0.0805237907867366,5.5,4.0,13.0,0.07142856802721104,1.0606601717798212,6.425290719948622,4,0.0,8.25,21.75,0.0625,0.24793634727845254,-1.653449736558939,2.7338960313268243,2,0.14285714285714285,1,-6.5,8,0.0,-3.306899473117878
21,3,Hayes Grier,Emma Slater,Social Media Personality,United States,15,8,30.0,0.159565999872364,7.0,2.0,10.0,0.4285714081632663,4.8218253804964775,6.425290719948622,4,0.0,8.25,24.5,0.0625,0.24793634727845254,-1.653449736558939,2.7338960313268243,2,0.14285714285714285,1,-6.5,8,0.0,-4.960349209676817
21,4,Hayes Grier,Emma Slater,Social Media Personality,United States,15,8,27.0,0.1415178144505855,3.0,1.0,10.0,0.28571427210884415,3.774917217635375,6.425290719948622,4,0.0,8.25,26.5,0.0625,0.24793634727845254,-1.653449736558939,2.7338960313268243,2,0.14285714285714285,1,-6.5,8,0.0,-6.613798946235756
21,5,Hayes Grier,Emma Slater,Social Media Personality,United States,15,8,30.0,0.1154043888921485,6.0,4.0,9.0,0.4285714081632663,1.7320508075688772,6.425290719948622,4,0.0,8.25,29.0,0.0625,0.24793634727845254,-1.653449736558939,2.7338960313268243,2,0.14285714285714285,1,-6.5,8,0.0,-8.267248682794694
21,6,Hayes Grier,Emma Slater,Social Media Personality,United States,15,8,32.0,0.0947467389496214,6.0,9.0,9.0,0.5238094988662143,2.5166114784235827,6.425290719948622,4,0.0,8.25,29.666666666666668,0.0625,0.24793634727845254,-1.653449736558939,2.7338960313268243,2,0.14285714285714285,1,-6.5,8,0.0,-9.920698419353634
21,7,Hayes Grier,Emma Slater,Social Media Personality,United States,15,8,28.0,0.0942481396319517,3.0,8.0,8.0,0.3333333174603182,1.999999999999999,6.425290719948622,4,0.0,8.25,30.0,0.0625,0.24793634727845254,-1.653449736558939,2.7338960313268243,2,0.14285714285714285,1,-6.5,8,0.0,-11.574148155912573
21,1,Bindi Irwin,Derek Hough,TV Personality,Australia,17,1,24.0,0.0522939431021044,1.5,8.0,13.0,0.0,0.0,6.425290719948622,15,0.5333333333333333,2.8666666666666667,24.0,0.17647058823529413,0.24793634727845254,-1.4980672584816077,2.2442055109346,1,0.05263157894736842,0,6.5,15,0.02807017543859649,-1.4980672584816077
21,2,Bindi Irwin,Derek Hough,TV Personality,Australia,17,1,24.0,0.058261889234578,2.0,13.0,13.0,0.0,0.0,6.425290719948622,15,0.5333333333333333,2.8666666666666667,24.0,0.17647058823529413,0.24793634727845254,-1.4980672584816077,2.2442055109346,1,0.05263157894736842,0,6.5,15,0.02807017543859649,-2.9961345169632154
21,3,Bindi Irwin,Derek Hough,TV Personality,Australia,17,1,32.0,0.1077361839858711,5.0,4.0,10.0,0.333333319444445,4.618802153517006,6.425290719948622,15,0.5333333333333333,2.8666666666666667,26.666666666666668,0.17647058823529413,0.24793634727845254,-1.4980672584816077,2.2442055109346,1,0.05263157894736842,0,6.5,15,0.02807017543859649,-4.494201775444823
21,4,Bindi Irwin,Derek Hough,TV Personality,Australia,17,1,28.0,0.0873551161024797,1.0,8.0,10.0,0.1666666597222225,3.999999999999999,6.425290719948622,15,0.5333333333333333,2.8666666666666667,28.0,0.17647058823529413,0.24793634727845254,-1.4980672584816077,2.2442055109346,1,0.05263157894736842,0,6.5,15,0.02807017543859649,-5.992269033926431
21,5,Bindi Irwin,Derek Hough,TV Personality,Australia,17,1,37.0,0.0857398730884414,3.0,6.0,9.0,0.5416666440972231,4.5092497528228925,6.425290719948622,15,0.5333333333333333,2.8666666666666667,32.333333333333336,0.17647058823529413,0.24793634727845254,-1.4980672584816077,2.2442055109346,1,0.05263157894736842,0,6.5,15,0.02807017543859649,-7.490336292408038
21,6,Bindi Irwin,Derek Hough,TV Personality,Australia,17,1,40.0,0.1052364589957253,2.0,6.0,9.0,0.66666663888889,6.244997998398397,6.425290719948622,15,0.5333333333333333,2.8666666666666667,35.0,0.17647058823529413,0.24793634727845254,-1.4980672584816077,2.2442055109346,1,0.05263157894736842,0,6.5,15,0.02807017543859649,-8.988403550889647
21,7,Bindi Irwin,Derek Hough,TV Personality,Australia,17,1,29.0,0.1034028248369517,1.0,7.0,8.0,0.20833332465277812,5.686240703077327,6.425290719948622,15,0.5333333333333333,2.8666666666666667,35.333333333333336,0.17647058823529413,0.24793634727845254,-1.4980672584816077,2.2442055109346,1,0.05263157894736842,0,6.5,15,0.02807017543859649,-10.486470809371253
21,8,Bindi Irwin,Derek Hough,TV Personality,Australia,17,1,28.0,0.1442460266034924,3.5,3.0,7.0,0.1666666597222225,6.658328118479393,6.425290719948622,15,0.5333333333333333,2.8666666666666667,32.333333333333336,0.17647058823529413,0.24793634727845254,-1.4980672584816077,2.2442055109346,1,0.05263157894736842,0,6.5,15,0.02807017543859649,-11.984538067852862
21,9,Bindi Irwin,Derek Hough,TV Personality,Australia,17,1,30.0,0.1839740891389094,1.5,2.0,6.0,0.24999998958333375,1.0000000000000155,6.425290719948622,15,0.5333333333333333,2.8666666666666667,29.0,0.17647058823529413,0.24793634727845254,-1.4980672584816077,2.2442055109346,1,0.05263157894736842,0,6.5,15,0.02807017543859649,-13.48260532633447
21,10,Bindi Irwin,Derek Hough,TV Personality,Australia,17,1,31.5,0.2960425304193617,1.5,1.0,4.0,0.3124999869791672,1.7559422921421282,6.425290719948622,15,0.5333333333333333,2.8666666666666667,29.833333333333332,0.17647058823529413,0.24793634727845254,-1.4980672584816077,2.2442055109346,1,0.05263157894736842,0,6.5,15,0.02807017543859649,-14.980672584816077
21,11,Bindi Irwin,Derek Hough,TV Personality,Australia,17,1,30.0,0.2748788394728021,2.0,1.0,4.0,0.24999998958333375,0.8660254037844423,6.425290719948622,15,0.5333333333333333,2.8666666666666667,30.5,0.17647058823529413,0.24793634727845254,-1.4980672584816077,2.2442055109346,1,0.05263157894736842,0,6.5,15,0.02807017543859649,-16.478739843297685
21,1,Kim Zolciak-Biermann,Tony Dovolani,TV Personality,United States,37,11,12.0,0.1323689036671159,13.0,3.0,13.0,0.0,0.0,6.425290719948622,19,0.15789473684210525,7.368421052631579,12.0,0.42857142857142855,0.24793634727845254,0.05575752229170335,0.0031089012921097963,1,0.05263157894736842,1,-10.0,19,0.008310249307479223,0.05575752229170335
21,2,Kim Zolciak-Biermann,Tony Dovolani,TV Personality,United States,37,11,18.5,0.0743671315516298,10.0,9.0,13.0,0.5416666215277816,0.0,6.425290719948622,19,0.15789473684210525,7.368421052631579,15.25,0.42857142857142855,0.24793634727845254,0.05575752229170335,0.0031089012921097963,1,0.05263157894736842,1,-10.0,19,0.008310249307479223,0.1115150445834067
21,1,Paula Deen,Louis van Amstel,TV Personality,United States,68,9,15.0,0.0822025504479103,10.0,6.0,13.0,0.0,0.0,6.425290719948622,9,0.1111111111111111,6.0,15.0,0.36363636363636365,0.24793634727845254,2.4641859324903357,6.072212309883265,1,0.05263157894736842,1,-4.0,9,0.005847953216374269,2.4641859324903357
21,2,Paula Deen,Louis van Amstel,TV Personality,United States,68,9,18.5,0.0796632882876397,10.0,5.0,13.0,0.23333331777777883,2.4748737341529163,6.425290719948622,9,0.1111111111111111,6.0,16.75,0.36363636363636365,0.24793634727845254,2.4641859324903357,6.072212309883265,1,0.05263157894736842,1,-4.0,9,0.005847953216374269,4.928371864980671
21,3,Paula Deen,Louis van Amstel,TV Personality,United States,68,9,20.0,0.0908037289619391,10.0,6.0,10.0,0.3333333111111126,2.5658007197234425,6.425290719948622,9,0.1111111111111111,6.0,17.833333333333332,0.36363636363636365,0.24793634727845254,2.4641859324903357,6.072212309883265,1,0.05263157894736842,1,-4.0,9,0.005847953216374269,7.392557797471007
21,4,Paula Deen,Louis van Amstel,TV Personality,United States,68,9,18.0,0.0974630379015777,9.0,5.0,10.0,0.19999998666666757,1.0408329997330685,6.425290719948622,9,0.1111111111111111,6.0,18.833333333333332,0.36363636363636365,0.24793634727845254,2.4641859324903357,6.072212309883265,1,0.05263157894736842,1,-4.0,9,0.005847953216374269,9.856743729961343
21,5,Paula Deen,Louis van Amstel,TV Personality,United States,68,9,26.0,0.0956949428172634,9.0,5.0,9.0,0.7333332844444478,4.163331998932266,6.425290719948622,9,0.1111111111111111,6.0,21.333333333333332,0.36363636363636365,0.24793634727845254,2.4641859324903357,6.072212309883265,1,0.05263157894736842,1,-4.0,9,0.005847953216374269,12.320929662451679
21,6,Paula Deen,Louis van Amstel,TV Personality,United States,68,9,24.0,0.1072487031614808,9.0,4.0,9.0,0.5999999600000027,4.163331998932266,6.425290719948622,9,0.1111111111111111,6.0,22.666666666666668,0.36363636363636365,0.24793634727845254,2.4641859324903357,6.072212309883265,1,0.05263157894736842,1,-4.0,9,0.005847953216374269,14.785115594942013
22,1,Mischa Barton,Artem Chigvintsev,Actor/Actress,England,30,11,16.0,0.1600924955155095,10.0,2.0,12.0,0.0,0.0,5.315847660233718,2,0.0,7.0,16.0,0.3333333333333333,0.2208197167755991,-0.48808115097895555,0.238223209940942,2,0.05555555555555555,0,-8.0,4,0.0,-0.48808115097895555
22,2,Mischa Barton,Artem Chigvintsev,Actor/Actress,England,30,11,15.0,0.0966658641919963,11.0,1.0,12.0,-0.06249999609375024,0.7071067811865476,5.315847660233718,2,0.0,7.0,15.5,0.3333333333333333,0.2208197167755991,-0.48808115097895555,0.238223209940942,2,0.05555555555555555,0,-8.0,4,0.0,-0.9761623019579111
22,3,Mischa Barton,Artem Chigvintsev,Actor/Actress,England,30,11,18.0,0.0953088699831925,11.0,4.0,11.0,0.12499999218750048,1.5275252316519472,5.315847660233718,2,0.0,7.0,16.333333333333332,0.3333333333333333,0.2208197167755991,-0.48808115097895555,0.238223209940942,2,0.05555555555555555,0,-8.0,4,0.0,-1.4642434529368666
22,1,Kim Fields,Sasha Farber,Actor/Actress,United States,46,8,20.0,0.0787616088357448,8.5,7.0,12.0,0.0,0.0,5.315847660233718,1,0.0,8.0,20.0,0.3333333333333333,0.2208197167755991,0.7549786736396934,0.5699927976507507,2,0.05555555555555555,1,-1.5,2,0.0,0.7549786736396934
22,2,Kim Fields,Sasha Farber,Actor/Actress,United States,46,8,19.0,0.0941409212358493,9.5,3.0,12.0,-0.04999999750000012,0.7071067811865476,5.315847660233718,1,0.0,8.0,19.5,0.3333333333333333,0.2208197167755991,0.7549786736396934,0.5699927976507507,2,0.05555555555555555,1,-1.5,2,0.0,1.5099573472793868
22,3,Kim Fields,Sasha Farber,Actor/Actress,United States,46,8,22.0,0.1127510856553355,5.0,1.0,11.0,0.09999999500000024,1.5275252316519472,5.315847660233718,1,0.0,8.0,20.333333333333332,0.3333333333333333,0.2208197167755991,0.7549786736396934,0.5699927976507507,2,0.05555555555555555,1,-1.5,2,0.0,2.2649360209190803
22,4,Kim Fields,Sasha Farber,Actor/Actress,United States,46,8,32.0,0.0798352500026498,6.5,9.0,10.0,0.5999999700000015,6.806859285554046,5.315847660233718,1,0.0,8.0,24.333333333333332,0.3333333333333333,0.2208197167755991,0.7549786736396934,0.5699927976507507,2,0.05555555555555555,1,-1.5,2,0.0,3.0199146945587736
22,5,Kim Fields,Sasha Farber,Actor/Actress,United States,46,8,28.0,0.0531549258038708,7.5,9.0,9.0,0.399999980000001,5.033222956847168,5.315847660233718,1,0.0,8.0,27.333333333333332,0.3333333333333333,0.2208197167755991,0.7549786736396934,0.5699927976507507,2,0.05555555555555555,1,-1.5,2,0.0,3.774893368198467
22,6,Kim Fields,Sasha Farber,Actor/Actress,United States,46,8,24.0,0.0838736432109731,7.0,9.0,9.0,0.1999999900000005,4.000000000000003,5.315847660233718,1,0.0,8.0,28.0,0.3333333333333333,0.2208197167755991,0.7549786736396934,0.5699927976507507,2,0.05555555555555555,1,-1.5,2,0.0,4.529872041838161
22,7,Kim Fields,Sasha Farber,Actor/Actress,United States,46,8,26.0,0.0329433777456572,6.0,7.0,8.0,0.29999998500000075,2.0000000000000053,5.315847660233718,1,0.0,8.0,26.0,0.3333333333333333,0.2208197167755991,0.7549786736396934,0.5699927976507507,2,0.05555555555555555,1,-1.5,2,0.0,5.2848507154778535
22,1,Jodie Sweetin,Keo Motsepe,Actor/Actress,United States,34,6,20.0,0.0003516917159582,8.5,12.0,12.0,0.0,0.0,5.315847660233718,3,0.0,12.333333333333334,20.0,0.4444444444444444,0.2208197167755991,-0.1773161948242933,0.03144103294696674,2,0.05555555555555555,1,3.5,6,0.0,-0.1773161948242933
22,2,Jodie Sweetin,Keo Motsepe,Actor/Actress,United States,34,6,21.0,0.063391023366724,3.5,12.0,12.0,0.04999999750000012,0.7071067811865476,5.315847660233718,3,0.0,12.333333333333334,20.5,0.4444444444444444,0.2208197167755991,-0.1773161948242933,0.03144103294696674,2,0.05555555555555555,1,3.5,6,0.0,-0.3546323896485866
22,3,Jodie Sweetin,Keo Motsepe,Actor/Actress,United States,34,6,23.0,0.0785584386591925,3.5,9.0,11.0,0.14999999250000037,1.5275252316519472,5.315847660233718,3,0.0,12.333333333333334,21.333333333333332,0.4444444444444444,0.2208197167755991,-0.1773161948242933,0.03144103294696674,2,0.05555555555555555,1,3.5,6,0.0,-0.53194858447288
22,4,Jodie Sweetin,Keo Motsepe,Actor/Actress,United States,34,6,27.0,0.1175875070594088,9.0,1.0,10.0,0.34999998250000086,3.055050463303893,5.315847660233718,3,0.0,12.333333333333334,23.666666666666668,0.4444444444444444,0.2208197167755991,-0.1773161948242933,0.03144103294696674,2,0.05555555555555555,1,3.5,6,0.0,-0.7092647792971732
22,5,Jodie Sweetin,Keo Motsepe,Actor/Actress,United States,34,6,35.0,0.1915354509590161,2.0,1.0,9.0,0.7499999625000018,6.110100926607787,5.315847660233718,3,0.0,12.333333333333334,28.333333333333332,0.4444444444444444,0.2208197167755991,-0.1773161948242933,0.03144103294696674,2,0.05555555555555555,1,3.5,6,0.0,-0.8865809741214665
22,6,Jodie Sweetin,Keo Motsepe,Actor/Actress,United States,34,6,25.0,0.1395116864432689,4.5,1.0,9.0,0.2499999875000006,5.291502622129182,5.315847660233718,3,0.0,12.333333333333334,29.0,0.4444444444444444,0.2208197167755991,-0.1773161948242933,0.03144103294696674,2,0.05555555555555555,1,3.5,6,0.0,-1.06389716894576
22,7,Jodie Sweetin,Keo Motsepe,Actor/Actress,United States,34,6,25.5,0.1467318263216269,8.0,4.0,8.0,0.27499998625000066,5.634713834792324,5.315847660233718,3,0.0,12.333333333333334,28.5,0.4444444444444444,0.2208197167755991,-0.1773161948242933,0.03144103294696674,2,0.05555555555555555,1,3.5,6,0.0,-1.241213363770053
22,8,Jodie Sweetin,Keo Motsepe,Actor/Actress,United States,34,6,30.0,0.1104402663538108,1.5,6.0,6.0,0.4999999750000012,2.753785273643054,5.315847660233718,3,0.0,12.333333333333334,26.833333333333332,0.4444444444444444,0.2208197167755991,-0.1773161948242933,0.03144103294696674,2,0.05555555555555555,1,3.5,6,0.0,-1.4185295585943465
22,1,Doug Flutie,Karina Smirnoff,Athlete,United States,53,9,15.0,0.1720080993347453,11.0,1.0,12.0,0.0,0.0,5.315847660233718,17,0.23529411764705882,6.588235294117647,15.0,0.3888888888888889,0.2208197167755991,1.2988173469103523,1.6869265006352465,3,0.03125,1,-10.0,51,0.007352941176470588,1.2988173469103523
22,2,Doug Flutie,Karina Smirnoff,Athlete,United States,53,9,20.0,0.0834175946253272,6.5,6.0,12.0,0.3333333111111126,3.5355339059327378,5.315847660233718,17,0.23529411764705882,6.588235294117647,17.5,0.3888888888888889,0.2208197167755991,1.2988173469103523,1.6869265006352465,3,0.03125,1,-10.0,51,0.007352941176470588,2.5976346938207047
22,3,Doug Flutie,Karina Smirnoff,Athlete,United States,53,9,20.0,0.0909027028810343,9.0,6.0,11.0,0.3333333111111126,2.886751345948129,5.315847660233718,17,0.23529411764705882,6.588235294117647,18.333333333333332,0.3888888888888889,0.2208197167755991,1.2988173469103523,1.6869265006352465,3,0.03125,1,-10.0,51,0.007352941176470588,3.8964520407310568
22,4,Doug Flutie,Karina Smirnoff,Athlete,United States,53,9,24.0,0.1142507506530661,10.0,2.0,10.0,0.5999999600000027,2.3094010767585047,5.315847660233718,17,0.23529411764705882,6.588235294117647,21.333333333333332,0.3888888888888889,0.2208197167755991,1.2988173469103523,1.6869265006352465,3,0.03125,1,-10.0,51,0.007352941176470588,5.195269387641409
22,5,Doug Flutie,Karina Smirnoff,Athlete,United States,53,9,28.0,0.1109653227484597,7.5,4.0,9.0,0.8666666088888928,4.000000000000001,5.315847660233718,17,0.23529411764705882,6.588235294117647,24.0,0.3888888888888889,0.2208197167755991,1.2988173469103523,1.6869265006352465,3,0.03125,1,-10.0,51,0.007352941176470588,6.494086734551762
22,6,Doug Flutie,Karina Smirnoff,Athlete,United States,53,9,21.0,0.0964974930426322,9.0,7.0,9.0,0.39999997333333515,3.511884584284247,5.315847660233718,17,0.23529411764705882,6.588235294117647,24.333333333333332,0.3888888888888889,0.2208197167755991,1.2988173469103523,1.6869265006352465,3,0.03125,1,-10.0,51,0.007352941176470588,7.7929040814621136
22,1,Von Miller,Witney Carson,Athlete,United States,27,7,21.0,0.0884337922508016,5.5,6.0,12.0,0.0,0.0,5.315847660233718,4,0.25,4.75,21.0,0.2857142857142857,0.2208197167755991,-0.7211548680949522,0.5200643437770479,3,0.03125,1,0.5,12,0.0078125,-0.7211548680949522
22,2,Von Miller,Witney Carson,Athlete,United States,27,7,20.0,0.0828879886510394,6.5,8.0,12.0,-0.04761904535147403,0.7071067811865476,5.315847660233718,4,0.25,4.75,20.5,0.2857142857142857,0.2208197167755991,-0.7211548680949522,0.5200643437770479,3,0.03125,1,0.5,12,0.0078125,-1.4423097361899044
22,3,Von Miller,Witney Carson,Athlete,United States,27,7,20.0,0.0996472851621224,9.0,2.0,11.0,-0.04761904535147403,0.5773502691896255,5.315847660233718,4,0.25,4.75,20.333333333333332,0.2857142857142857,0.2208197167755991,-0.7211548680949522,0.5200643437770479,3,0.03125,1,0.5,12,0.0078125,-2.1634646042848567
22,4,Von Miller,Witney Carson,Athlete,United States,27,7,32.0,0.0967209991081051,6.5,7.0,10.0,0.5238094988662143,6.928203230275509,5.315847660233718,4,0.25,4.75,24.0,0.2857142857142857,0.2208197167755991,-0.7211548680949522,0.5200643437770479,3,0.03125,1,0.5,12,0.0078125,-2.884619472379809
22,5,Von Miller,Witney Carson,Athlete,United States,27,7,29.0,0.08021397414119,6.0,7.0,9.0,0.38095236281179223,6.244997998398398,5.315847660233718,4,0.25,4.75,27.0,0.2857142857142857,0.2208197167755991,-0.7211548680949522,0.5200643437770479,3,0.03125,1,0.5,12,0.0078125,-3.605774340474761
22,6,Von Miller,Witney Carson,Athlete,United States,27,7,24.0,0.0909655843940022,7.0,8.0,9.0,0.14285713605442207,4.04145188432738,5.315847660233718,4,0.25,4.75,28.333333333333332,0.2857142857142857,0.2208197167755991,-0.7211548680949522,0.5200643437770479,3,0.03125,1,0.5,12,0.0078125,-4.326929208569713
22,7,Von Miller,Witney Carson,Athlete,United States,27,7,26.0,0.0329379074706332,6.0,8.0,8.0,0.23809522675737013,2.516611478423582,5.315847660233718,4,0.25,4.75,26.333333333333332,0.2857142857142857,0.2208197167755991,-0.7211548680949522,0.5200643437770479,3,0.03125,1,0.5,12,0.0078125,-5.048084076664665
22,1,Antonio Brown,Sharna Burgess,Athlete,United States,27,5,21.0,0.0929736308870435,5.5,4.0,12.0,0.0,0.0,5.315847660233718,6,0.3333333333333333,6.833333333333333,21.0,0.42857142857142855,0.2208197167755991,-0.7211548680949522,0.5200643437770479,3,0.03125,1,-1.5,18,0.010416666666666666,-0.7211548680949522
22,2,Antonio Brown,Sharna Burgess,Athlete,United States,27,5,19.0,0.0829625011455932,9.5,7.0,12.0,-0.09523809070294806,1.4142135623730951,5.315847660233718,6,0.3333333333333333,6.833333333333333,20.0,0.42857142857142855,0.2208197167755991,-0.7211548680949522,0.5200643437770479,3,0.03125,1,-1.5,18,0.010416666666666666,-1.4423097361899044
22,3,Antonio Brown,Sharna Burgess,Athlete,United States,27,5,20.0,0.0873629761329828,9.0,8.0,11.0,-0.04761904535147403,1.0,5.315847660233718,6,0.3333333333333333,6.833333333333333,20.0,0.42857142857142855,0.2208197167755991,-0.7211548680949522,0.5200643437770479,3,0.03125,1,-1.5,18,0.010416666666666666,-2.1634646042848567
22,4,Antonio Brown,Sharna Burgess,Athlete,United States,27,5,35.0,0.1136971064377244,3.5,4.0,10.0,0.6666666349206364,8.962886439832502,5.315847660233718,6,0.3333333333333333,6.833333333333333,24.666666666666668,0.42857142857142855,0.2208197167755991,-0.7211548680949522,0.5200643437770479,3,0.03125,1,-1.5,18,0.010416666666666666,-2.884619472379809
22,5,Antonio Brown,Sharna Burgess,Athlete,United States,27,5,26.0,0.1105160056668676,9.0,5.0,9.0,0.23809522675737013,7.549834435270749,5.315847660233718,6,0.3333333333333333,6.833333333333333,27.0,0.42857142857142855,0.2208197167755991,-0.7211548680949522,0.5200643437770479,3,0.03125,1,-1.5,18,0.010416666666666666,-3.605774340474761
22,6,Antonio Brown,Sharna Burgess,Athlete,United States,27,5,27.0,0.1288376792470897,3.0,2.0,9.0,0.28571427210884415,4.932882862316246,5.315847660233718,6,0.3333333333333333,6.833333333333333,29.333333333333332,0.42857142857142855,0.2208197167755991,-0.7211548680949522,0.5200643437770479,3,0.03125,1,-1.5,18,0.010416666666666666,-4.326929208569713
22,7,Antonio Brown,Sharna Burgess,Athlete,United States,27,5,26.0,0.1709125873701946,6.0,2.0,8.0,0.23809522675737013,0.5773502691896071,5.315847660233718,6,0.3333333333333333,6.833333333333333,26.333333333333332,0.42857142857142855,0.2208197167755991,-0.7211548680949522,0.5200643437770479,3,0.03125,1,-1.5,18,0.010416666666666666,-5.048084076664665
22,8,Antonio Brown,Sharna Burgess,Athlete,United States,27,5,27.0,0.1509237183056467,5.0,4.0,6.0,0.28571427210884415,0.5773502691896071,5.315847660233718,6,0.3333333333333333,6.833333333333333,26.666666666666668,0.42857142857142855,0.2208197167755991,-0.7211548680949522,0.5200643437770479,3,0.03125,1,-1.5,18,0.010416666666666666,-5.769238944759618
22,9,Antonio Brown,Sharna Burgess,Athlete,United States,27,5,27.5,0.0665569156611609,5.0,4.0,5.0,0.3095237947845812,0.7637626158259597,5.315847660233718,6,0.3333333333333333,6.833333333333333,26.833333333333332,0.42857142857142855,0.2208197167755991,-0.7211548680949522,0.5200643437770479,3,0.03125,1,-1.5,18,0.010416666666666666,-6.49039381285457
22,1,Paige VanZant,Mark Ballas,Athlete,United States,22,2,21.0,0.0168960454168395,5.5,11.0,12.0,0.0,0.0,5.315847660233718,17,0.4117647058823529,5.764705882352941,21.0,0.19047619047619047,0.2208197167755991,-1.10961106328828,1.2312367117717475,3,0.03125,1,5.5,51,0.012867647058823529,-1.10961106328828
22,2,Paige VanZant,Mark Ballas,Athlete,United States,22,2,24.0,0.0886492263857222,1.5,5.0,12.0,0.14285713605442207,2.1213203435596424,5.315847660233718,17,0.4117647058823529,5.764705882352941,22.5,0.19047619047619047,0.2208197167755991,-1.10961106328828,1.2312367117717475,3,0.03125,1,5.5,51,0.012867647058823529,-2.21922212657656
22,3,Paige VanZant,Mark Ballas,Athlete,United States,22,2,23.0,0.0751790747987718,3.5,11.0,11.0,0.09523809070294806,1.5275252316519465,5.315847660233718,17,0.4117647058823529,5.764705882352941,22.666666666666668,0.19047619047619047,0.2208197167755991,-1.10961106328828,1.2312367117717475,3,0.03125,1,5.5,51,0.012867647058823529,-3.3288331898648402
22,4,Paige VanZant,Mark Ballas,Athlete,United States,22,2,36.0,0.0969369881359056,1.5,6.0,10.0,0.7142856802721105,7.234178138070234,5.315847660233718,17,0.4117647058823529,5.764705882352941,27.666666666666668,0.19047619047619047,0.2208197167755991,-1.10961106328828,1.2312367117717475,3,0.03125,1,5.5,51,0.012867647058823529,-4.43844425315312
22,5,Paige VanZant,Mark Ballas,Athlete,United States,22,2,31.0,0.1119749663717693,4.0,3.0,9.0,0.47619045351474026,6.557438524302,5.315847660233718,17,0.4117647058823529,5.764705882352941,30.0,0.19047619047619047,0.2208197167755991,-1.10961106328828,1.2312367117717475,3,0.03125,1,5.5,51,0.012867647058823529,-5.548055316441401
22,6,Paige VanZant,Mark Ballas,Athlete,United States,22,2,28.0,0.1022973757879296,2.0,5.0,9.0,0.3333333174603182,4.04145188432738,5.315847660233718,17,0.4117647058823529,5.764705882352941,31.666666666666668,0.19047619047619047,0.2208197167755991,-1.10961106328828,1.2312367117717475,3,0.03125,1,5.5,51,0.012867647058823529,-6.6576663797296805
22,7,Paige VanZant,Mark Ballas,Athlete,United States,22,2,27.5,0.1516517995979051,3.0,3.0,8.0,0.3095237947845812,1.892969448600091,5.315847660233718,17,0.4117647058823529,5.764705882352941,28.833333333333332,0.19047619047619047,0.2208197167755991,-1.10961106328828,1.2312367117717475,3,0.03125,1,5.5,51,0.012867647058823529,-7.76727744301796
22,8,Paige VanZant,Mark Ballas,Athlete,United States,22,2,28.0,0.2206076572039866,4.0,1.0,6.0,0.3333333174603182,0.28867513459480776,5.315847660233718,17,0.4117647058823529,5.764705882352941,27.833333333333332,0.19047619047619047,0.2208197167755991,-1.10961106328828,1.2312367117717475,3,0.03125,1,5.5,51,0.012867647058823529,-8.87688850630624
22,9,Paige VanZant,Mark Ballas,Athlete,United States,22,2,29.5,0.2761470447857015,2.0,3.0,5.0,0.4047618854875292,1.0408329997330654,5.315847660233718,17,0.4117647058823529,5.764705882352941,28.333333333333332,0.19047619047619047,0.2208197167755991,-1.10961106328828,1.2312367117717475,3,0.03125,1,5.5,51,0.012867647058823529,-9.986499569594521
22,10,Paige VanZant,Mark Ballas,Athlete,United States,22,2,29.666600000000003,0.3358637267702473,1.0,2.0,3.0,0.41269521844308493,0.9179062334102183,5.315847660233718,17,0.4117647058823529,5.764705882352941,29.055533333333333,0.19047619047619047,0.2208197167755991,-1.10961106328828,1.2312367117717475,3,0.03125,1,5.5,51,0.012867647058823529,-11.096110632882802
22,1,Geraldo Rivera,Edyta Sliwinska,Journalist,United States,72,12,13.0,0.0339098329026404,12.0,10.0,12.0,0.0,0.0,5.315847660233718,10,0.2,7.1,13.0,0.09090909090909091,0.2208197167755991,2.7749508886449976,7.700352434391662,2,0.5,1,-2.0,20,0.1,2.7749508886449976
22,2,Geraldo Rivera,Edyta Sliwinska,Journalist,United States,72,12,13.0,0.0704708097457003,12.0,11.0,12.0,0.0,0.0,5.315847660233718,10,0.2,7.1,13.0,0.09090909090909091,0.2208197167755991,2.7749508886449976,7.700352434391662,2,0.5,1,-2.0,20,0.1,5.549901777289995
22,1,Nyle DiMarco,Peta Murgatroyd,Model,United States,26,1,23.0,0.0886258777635808,2.0,5.0,12.0,0.0,0.0,5.315847660233718,8,0.125,6.375,23.0,0.06666666666666667,0.2208197167755991,-0.7988461071336178,0.6381551028825356,2,0.1,1,3.0,16,0.0125,-0.7988461071336178
22,2,Nyle DiMarco,Peta Murgatroyd,Model,United States,26,1,20.0,0.0757621082265844,6.5,10.0,12.0,-0.1304347769376184,2.1213203435596424,5.315847660233718,8,0.125,6.375,21.5,0.06666666666666667,0.2208197167755991,-0.7988461071336178,0.6381551028825356,2,0.1,1,3.0,16,0.0125,-1.5976922142672356
22,3,Nyle DiMarco,Peta Murgatroyd,Model,United States,26,1,25.0,0.0991300991278673,1.0,3.0,11.0,0.08695651795841226,2.5166114784235827,5.315847660233718,8,0.125,6.375,22.666666666666668,0.06666666666666667,0.2208197167755991,-0.7988461071336178,0.6381551028825356,2,0.1,1,3.0,16,0.0125,-2.3965383214008535
22,4,Nyle DiMarco,Peta Murgatroyd,Model,United States,26,1,34.0,0.1138542645134853,5.0,3.0,10.0,0.4782608487712674,7.0945988845975885,5.315847660233718,8,0.125,6.375,26.333333333333332,0.06666666666666667,0.2208197167755991,-0.7988461071336178,0.6381551028825356,2,0.1,1,3.0,16,0.0125,-3.1953844285344712
22,5,Nyle DiMarco,Peta Murgatroyd,Model,United States,26,1,37.0,0.175755309747477,1.0,2.0,9.0,0.6086956257088858,6.244997998398399,5.315847660233718,8,0.125,6.375,32.0,0.06666666666666667,0.2208197167755991,-0.7988461071336178,0.6381551028825356,2,0.1,1,3.0,16,0.0125,-3.994230535668089
22,6,Nyle DiMarco,Peta Murgatroyd,Model,United States,26,1,25.0,0.1282911660411535,4.5,4.0,9.0,0.08695651795841226,6.244997998398399,5.315847660233718,8,0.125,6.375,32.0,0.06666666666666667,0.2208197167755991,-0.7988461071336178,0.6381551028825356,2,0.1,1,3.0,16,0.0125,-4.793076642801707
22,7,Nyle DiMarco,Peta Murgatroyd,Model,United States,26,1,28.0,0.1446221667795036,1.0,6.0,8.0,0.21739129489603065,6.244997998398399,5.315847660233718,8,0.125,6.375,30.0,0.06666666666666667,0.2208197167755991,-0.7988461071336178,0.6381551028825356,2,0.1,1,3.0,16,0.0125,-5.591922749935325
22,8,Nyle DiMarco,Peta Murgatroyd,Model,United States,26,1,29.0,0.2045166462183633,3.0,2.0,6.0,0.2608695538752368,2.0816659994661366,5.315847660233718,8,0.125,6.375,27.333333333333332,0.06666666666666667,0.2208197167755991,-0.7988461071336178,0.6381551028825356,2,0.1,1,3.0,16,0.0125,-6.3907688570689425
22,9,Nyle DiMarco,Peta Murgatroyd,Model,United States,26,1,28.5,0.2919058491259059,3.0,2.0,5.0,0.2391304243856337,0.5000000000000178,5.315847660233718,8,0.125,6.375,28.5,0.06666666666666667,0.2208197167755991,-0.7988461071336178,0.6381551028825356,2,0.1,1,3.0,16,0.0125,-7.18961496420256
22,10,Nyle DiMarco,Peta Murgatroyd,Model,United States,26,1,28.9998,0.3026127590580962,2.0,3.0,3.0,0.26086085822344096,0.2886174168918972,5.315847660233718,8,0.125,6.375,28.833266666666663,0.06666666666666667,0.2208197167755991,-0.7988461071336178,0.6381551028825356,2,0.1,1,3.0,16,0.0125,-7.988461071336178
22,1,Ginger Zee,Valentin Chmerkovskiy,News Anchor,United States,35,3,23.0,0.1131611371437633,2.0,3.0,12.0,0.0,0.0,5.315847660233718,9,0.4444444444444444,5.222222222222222,23.0,0.05263157894736842,0.2208197167755991,-0.09962495578562776,0.009925131815288285,1,0.1,1,1.0,9,0.044444444444444446,-0.09962495578562776
22,2,Ginger Zee,Valentin Chmerkovskiy,News Anchor,United States,35,3,21.0,0.0763100402258001,3.5,9.0,12.0,-0.08695651795841226,1.4142135623730951,5.315847660233718,9,0.4444444444444444,5.222222222222222,22.0,0.05263157894736842,0.2208197167755991,-0.09962495578562776,0.009925131815288285,1,0.1,1,1.0,9,0.044444444444444446,-0.19924991157125552
22,3,Ginger Zee,Valentin Chmerkovskiy,News Anchor,United States,35,3,21.0,0.088452235996332,6.5,7.0,11.0,-0.08695651795841226,1.1547005383792517,5.315847660233718,9,0.4444444444444444,5.222222222222222,21.666666666666668,0.05263157894736842,0.2208197167755991,-0.09962495578562776,0.009925131815288285,1,0.1,1,1.0,9,0.044444444444444446,-0.2988748673568833
22,4,Ginger Zee,Valentin Chmerkovskiy,News Anchor,United States,35,3,36.0,0.0906592943757888,1.5,8.0,10.0,0.5652173667296797,8.660254037844387,5.315847660233718,9,0.4444444444444444,5.222222222222222,26.0,0.05263157894736842,0.2208197167755991,-0.09962495578562776,0.009925131815288285,1,0.1,1,1.0,9,0.044444444444444446,-0.39849982314251103
22,5,Ginger Zee,Valentin Chmerkovskiy,News Anchor,United States,35,3,32.0,0.0924228258630217,3.0,6.0,9.0,0.39130433081285515,7.767453465154029,5.315847660233718,9,0.4444444444444444,5.222222222222222,29.666666666666668,0.05263157894736842,0.2208197167755991,-0.09962495578562776,0.009925131815288285,1,0.1,1,1.0,9,0.044444444444444446,-0.4981247789281388
22,6,Ginger Zee,Valentin Chmerkovskiy,News Anchor,United States,35,3,24.0,0.1283441209667736,7.0,3.0,9.0,0.04347825897920613,6.110100926607786,5.315847660233718,9,0.4444444444444444,5.222222222222222,30.666666666666668,0.05263157894736842,0.2208197167755991,-0.09962495578562776,0.009925131815288285,1,0.1,1,1.0,9,0.044444444444444446,-0.5977497347137666
22,7,Ginger Zee,Valentin Chmerkovskiy,News Anchor,United States,35,3,27.5,0.1754673499680295,3.0,1.0,8.0,0.19565216540642758,4.010403138505321,5.315847660233718,9,0.4444444444444444,5.222222222222222,27.833333333333332,0.05263157894736842,0.2208197167755991,-0.09962495578562776,0.009925131815288285,1,0.1,1,1.0,9,0.044444444444444446,-0.6973746904993943
22,8,Ginger Zee,Valentin Chmerkovskiy,News Anchor,United States,35,3,30.0,0.1656538441524546,1.5,3.0,6.0,0.3043478128544429,3.013856886670853,5.315847660233718,9,0.4444444444444444,5.222222222222222,27.166666666666668,0.05263157894736842,0.2208197167755991,-0.09962495578562776,0.009925131815288285,1,0.1,1,1.0,9,0.044444444444444446,-0.7969996462850221
22,9,Ginger Zee,Valentin Chmerkovskiy,News Anchor,United States,35,3,28.0,0.3162566188276928,4.0,1.0,5.0,0.21739129489603065,1.3228756555322914,5.315847660233718,9,0.4444444444444444,5.222222222222222,28.5,0.05263157894736842,0.2208197167755991,-0.09962495578562776,0.009925131815288285,1,0.1,1,1.0,9,0.044444444444444446,-0.8966246020706499
22,10,Ginger Zee,Valentin Chmerkovskiy,News Anchor,United States,35,3,28.333199999999998,0.3615235141716563,3.0,1.0,3.0,0.23187825078790203,1.0715444056749697,5.315847660233718,9,0.4444444444444444,5.222222222222222,28.777733333333334,0.05263157894736842,0.2208197167755991,-0.09962495578562776,0.009925131815288285,1,0.1,1,1.0,9,0.044444444444444446,-0.9962495578562776
22,1,Wanya Morris,Lindsay Arnold,Singer/Rapper,United States,42,4,23.0,0.0773519254952826,2.0,9.0,12.0,0.0,0.0,5.315847660233718,2,0.5,5.5,23.0,0.1,0.2208197167755991,0.44421371748503113,0.19732582680187105,2,0.1111111111111111,1,7.0,4,0.05555555555555555,0.44421371748503113
22,2,Wanya Morris,Lindsay Arnold,Singer/Rapper,United States,42,4,24.0,0.0891967044183087,1.5,4.0,12.0,0.04347825897920613,0.7071067811865476,5.315847660233718,2,0.5,5.5,23.5,0.1,0.2208197167755991,0.44421371748503113,0.19732582680187105,2,0.1111111111111111,1,7.0,4,0.05555555555555555,0.8884274349700623
22,3,Wanya Morris,Lindsay Arnold,Singer/Rapper,United States,42,4,24.0,0.0778701654269782,2.0,10.0,11.0,0.04347825897920613,0.5773502691896255,5.315847660233718,2,0.5,5.5,23.666666666666668,0.1,0.2208197167755991,0.44421371748503113,0.19732582680187105,2,0.1111111111111111,1,7.0,4,0.05555555555555555,1.3326411524550934
22,4,Wanya Morris,Lindsay Arnold,Singer/Rapper,United States,42,4,35.0,0.0995425062939056,3.5,5.0,10.0,0.5217391077504736,6.350852961085883,5.315847660233718,2,0.5,5.5,27.666666666666668,0.1,0.2208197167755991,0.44421371748503113,0.19732582680187105,2,0.1111111111111111,1,7.0,4,0.05555555555555555,1.7768548699401245
22,5,Wanya Morris,Lindsay Arnold,Singer/Rapper,United States,42,4,30.0,0.0734612186983272,5.0,8.0,9.0,0.3043478128544429,5.507570547286101,5.315847660233718,2,0.5,5.5,29.666666666666668,0.1,0.2208197167755991,0.44421371748503113,0.19732582680187105,2,0.1111111111111111,1,7.0,4,0.05555555555555555,2.2210685874251554
22,6,Wanya Morris,Lindsay Arnold,Singer/Rapper,United States,42,4,29.0,0.1013812508661768,1.0,6.0,9.0,0.2608695538752368,3.214550253664316,5.315847660233718,2,0.5,5.5,31.333333333333332,0.1,0.2208197167755991,0.44421371748503113,0.19732582680187105,2,0.1111111111111111,1,7.0,4,0.05555555555555555,2.665282304910187
22,7,Wanya Morris,Lindsay Arnold,Singer/Rapper,United States,42,4,27.5,0.1447329847464495,3.0,5.0,8.0,0.19565216540642758,1.258305739211784,5.315847660233718,2,0.5,5.5,28.833333333333332,0.1,0.2208197167755991,0.44421371748503113,0.19732582680187105,2,0.1111111111111111,1,7.0,4,0.05555555555555555,3.109496022395218
22,8,Wanya Morris,Lindsay Arnold,Singer/Rapper,United States,42,4,25.0,0.1478578677657379,6.0,5.0,6.0,0.08695651795841226,2.020725942163686,5.315847660233718,2,0.5,5.5,27.166666666666668,0.1,0.2208197167755991,0.44421371748503113,0.19732582680187105,2,0.1111111111111111,1,7.0,4,0.05555555555555555,3.553709739880249
22,9,Wanya Morris,Lindsay Arnold,Singer/Rapper,United States,42,4,30.0,0.0491335715995388,1.0,5.0,5.0,0.3043478128544429,2.499999999999997,5.315847660233718,2,0.5,5.5,27.5,0.1,0.2208197167755991,0.44421371748503113,0.19732582680187105,2,0.1111111111111111,1,7.0,4,0.05555555555555555,3.99792345736528
22,1,Marla Maples,Tony Dovolani,TV Personality,United States,52,10,21.0,0.0774338627380898,5.5,8.0,12.0,0.0,0.0,5.315847660233718,20,0.15,7.55,21.0,0.42857142857142855,0.2208197167755991,1.2211261078716866,1.4911489713258541,1,0.25,1,2.5,20,0.0375,1.2211261078716866
22,2,Marla Maples,Tony Dovolani,TV Personality,United States,52,10,20.0,0.0961452177813544,6.5,2.0,12.0,-0.04761904535147403,0.7071067811865476,5.315847660233718,20,0.15,7.55,20.5,0.42857142857142855,0.2208197167755991,1.2211261078716866,1.4911489713258541,1,0.25,1,2.5,20,0.0375,2.4422522157433733
22,3,Marla Maples,Tony Dovolani,TV Personality,United States,52,10,21.0,0.0948370661761901,6.5,5.0,11.0,0.0,0.5773502691896255,5.315847660233718,20,0.15,7.55,20.666666666666668,0.42857142857142855,0.2208197167755991,1.2211261078716866,1.4911489713258541,1,0.25,1,2.5,20,0.0375,3.66337832361506
22,4,Marla Maples,Tony Dovolani,TV Personality,United States,52,10,28.0,0.0769153334199599,8.0,10.0,10.0,0.3333333174603182,4.358898943540674,5.315847660233718,20,0.15,7.55,23.0,0.42857142857142855,0.2208197167755991,1.2211261078716866,1.4911489713258541,1,0.25,1,2.5,20,0.0375,4.8845044314867465
23,1,Jake T. Austin,Jenna Johnson,Actor/Actress,United States,21,13,22.0,0.1096205561052587,11.5,3.0,13.0,0.0,0.0,5.31653539413799,0,0.0,6.0,22.0,0.2222222222222222,0.22776251526251526,-1.1873023023269456,1.4096867571108656,2,0.05555555555555555,1,-8.5,0,0.0,-1.1873023023269456
23,2,Jake T. Austin,Jenna Johnson,Actor/Actress,United States,21,13,24.0,0.0585474882471123,11.0,12.0,13.0,0.09090908677685969,0.0,5.31653539413799,0,0.0,6.0,23.0,0.2222222222222222,0.22776251526251526,-1.1873023023269456,1.4096867571108656,2,0.05555555555555555,1,-8.5,0,0.0,-2.374604604653891
23,1,Maureen McCormick,Artem Chigvintsev,Actor/Actress,United States,60,8,22.0,0.0474200633812195,11.5,11.0,13.0,0.0,0.0,5.31653539413799,3,0.0,8.333333333333334,22.0,0.3333333333333333,0.22776251526251526,1.8426560201810112,3.395381208709323,2,0.05555555555555555,1,-0.5,6,0.0,1.8426560201810112
23,2,Maureen McCormick,Artem Chigvintsev,Actor/Actress,United States,60,8,26.0,0.0873943213817058,8.5,4.0,13.0,0.18181817355371938,2.8284271247461903,5.31653539413799,3,0.0,8.333333333333334,24.0,0.3333333333333333,0.22776251526251526,1.8426560201810112,3.395381208709323,2,0.05555555555555555,1,-0.5,6,0.0,3.6853120403620223
23,3,Maureen McCormick,Artem Chigvintsev,Actor/Actress,United States,60,8,28.0,0.0892918388728109,5.5,5.0,12.0,0.27272726033057904,3.0550504633038935,5.31653539413799,3,0.0,8.333333333333334,25.333333333333332,0.3333333333333333,0.22776251526251526,1.8426560201810112,3.395381208709323,2,0.05555555555555555,1,-0.5,6,0.0,5.527968060543033
23,4,Maureen McCormick,Artem Chigvintsev,Actor/Actress,United States,60,8,24.0,0.0909090909090909,4.5,6.0,11.0,0.09090908677685969,2.0000000000000013,5.31653539413799,3,0.0,8.333333333333334,26.0,0.3333333333333333,0.22776251526251526,1.8426560201810112,3.395381208709323,2,0.05555555555555555,1,-0.5,6,0.0,7.370624080724045
23,5,Maureen McCormick,Artem Chigvintsev,Actor/Actress,United States,60,8,24.0,0.1912173171456615,7.5,1.0,9.0,0.09090908677685969,2.309401076758504,5.31653539413799,3,0.0,8.333333333333334,25.333333333333332,0.3333333333333333,0.22776251526251526,1.8426560201810112,3.395381208709323,2,0.05555555555555555,1,-0.5,6,0.0,9.213280100905056
23,6,Maureen McCormick,Artem Chigvintsev,Actor/Actress,United States,60,8,31.0,0.1290673591158069,6.0,1.0,9.0,0.4090908904958686,4.041451884327381,5.31653539413799,3,0.0,8.333333333333334,26.333333333333332,0.3333333333333333,0.22776251526251526,1.8426560201810112,3.395381208709323,2,0.05555555555555555,1,-0.5,6,0.0,11.055936121086066
23,7,Maureen McCormick,Artem Chigvintsev,Actor/Actress,United States,60,8,33.0,0.09698392710462,6.5,8.0,8.0,0.49999997727272827,4.725815626252609,5.31653539413799,3,0.0,8.333333333333334,29.333333333333332,0.3333333333333333,0.22776251526251526,1.8426560201810112,3.395381208709323,2,0.05555555555555555,1,-0.5,6,0.0,12.898592141267079
23,1,Marilu Henner,Derek Hough,Actor/Actress,United States,64,6,27.0,0.0205580131753004,3.5,12.0,13.0,0.0,0.0,5.31653539413799,16,0.5625,2.75,27.0,0.35294117647058826,0.22776251526251526,2.1534209763356733,4.6372219013224845,2,0.05555555555555555,1,8.5,32,0.03125,2.1534209763356733
23,2,Marilu Henner,Derek Hough,Actor/Actress,United States,64,6,27.0,0.0713042752402234,7.0,8.0,13.0,0.0,0.0,5.31653539413799,16,0.5625,2.75,27.0,0.35294117647058826,0.22776251526251526,2.1534209763356733,4.6372219013224845,2,0.05555555555555555,1,8.5,32,0.03125,4.306841952671347
23,3,Marilu Henner,Derek Hough,Actor/Actress,United States,64,6,28.0,0.0695040295119902,5.5,11.0,12.0,0.037037035665294975,0.5773502691896263,5.31653539413799,16,0.5625,2.75,27.333333333333332,0.35294117647058826,0.22776251526251526,2.1534209763356733,4.6372219013224845,2,0.05555555555555555,1,8.5,32,0.03125,6.46026292900702
23,4,Marilu Henner,Derek Hough,Actor/Actress,United States,64,6,21.0,0.0909090909090909,10.0,6.0,11.0,-0.22222221399176983,3.785938897200182,5.31653539413799,16,0.5625,2.75,25.333333333333332,0.35294117647058826,0.22776251526251526,2.1534209763356733,4.6372219013224845,2,0.05555555555555555,1,8.5,32,0.03125,8.613683905342693
23,5,Marilu Henner,Derek Hough,Actor/Actress,United States,64,6,27.0,0.0785717759821908,2.5,7.0,9.0,0.0,3.785938897200182,5.31653539413799,16,0.5625,2.75,25.333333333333332,0.35294117647058826,0.22776251526251526,2.1534209763356733,4.6372219013224845,2,0.05555555555555555,1,8.5,32,0.03125,10.767104881678367
23,6,Marilu Henner,Derek Hough,Actor/Actress,United States,64,6,34.0,0.1086030845558941,5.0,6.0,9.0,0.2592592496570648,6.506407098647712,5.31653539413799,16,0.5625,2.75,27.333333333333332,0.35294117647058826,0.22776251526251526,2.1534209763356733,4.6372219013224845,2,0.05555555555555555,1,8.5,32,0.03125,12.92052585801404
23,7,Marilu Henner,Derek Hough,Actor/Actress,United States,64,6,32.0,0.1167958166212331,8.0,7.0,8.0,0.18518517832647488,3.6055512754639905,5.31653539413799,16,0.5625,2.75,31.0,0.35294117647058826,0.22776251526251526,2.1534209763356733,4.6372219013224845,2,0.05555555555555555,1,8.5,32,0.03125,15.073946834349712
23,8,Marilu Henner,Derek Hough,Actor/Actress,United States,64,6,23.0,0.1211837919435685,7.0,6.0,7.0,-0.1481481426611799,5.859465277082316,5.31653539413799,16,0.5625,2.75,29.666666666666668,0.35294117647058826,0.22776251526251526,2.1534209763356733,4.6372219013224845,2,0.05555555555555555,1,8.5,32,0.03125,17.227367810685386
23,9,Marilu Henner,Derek Hough,Actor/Actress,United States,64,6,36.0,0.1185536355271218,5.5,6.0,6.0,0.3333333209876548,6.658328118479394,5.31653539413799,16,0.5625,2.75,30.333333333333332,0.35294117647058826,0.22776251526251526,2.1534209763356733,4.6372219013224845,2,0.05555555555555555,1,8.5,32,0.03125,19.38078878702106
23,1,Ryan Lochte,Cheryl Burke,Athlete,United States,32,7,24.0,0.0080753360916076,9.5,13.0,13.0,0.0,0.0,5.31653539413799,18,0.3888888888888889,5.166666666666667,24.0,0.36,0.22776251526251526,-0.3326986729016244,0.11068840695050207,3,0.03333333333333333,1,3.5,54,0.012962962962962963,-0.3326986729016244
23,2,Ryan Lochte,Cheryl Burke,Athlete,United States,32,7,24.0,0.062000545603243,11.0,10.0,13.0,0.0,0.0,5.31653539413799,18,0.3888888888888889,5.166666666666667,24.0,0.36,0.22776251526251526,-0.3326986729016244,0.11068840695050207,3,0.03333333333333333,1,3.5,54,0.012962962962962963,-0.6653973458032488
23,3,Ryan Lochte,Cheryl Burke,Athlete,United States,32,7,25.0,0.0662273805250759,9.0,12.0,12.0,0.041666664930555625,0.5773502691896263,5.31653539413799,18,0.3888888888888889,5.166666666666667,24.333333333333332,0.36,0.22776251526251526,-0.3326986729016244,0.11068840695050207,3,0.03333333333333333,1,3.5,54,0.012962962962962963,-0.9980960187048733
23,4,Ryan Lochte,Cheryl Burke,Athlete,United States,32,7,22.0,0.0909090909090909,9.0,6.0,11.0,-0.08333332986111125,1.5275252316519474,5.31653539413799,18,0.3888888888888889,5.166666666666667,23.666666666666668,0.36,0.22776251526251526,-0.3326986729016244,0.11068840695050207,3,0.03333333333333333,1,3.5,54,0.012962962962962963,-1.3307946916064977
23,5,Ryan Lochte,Cheryl Burke,Athlete,United States,32,7,24.0,0.1781567824255193,7.5,2.0,9.0,0.0,1.5275252316519474,5.31653539413799,18,0.3888888888888889,5.166666666666667,23.666666666666668,0.36,0.22776251526251526,-0.3326986729016244,0.11068840695050207,3,0.03333333333333333,1,3.5,54,0.012962962962962963,-1.663493364508122
23,6,Ryan Lochte,Cheryl Burke,Athlete,United States,32,7,30.0,0.1184108130275777,7.5,4.0,9.0,0.24999998958333375,4.163331998932266,5.31653539413799,18,0.3888888888888889,5.166666666666667,25.333333333333332,0.36,0.22776251526251526,-0.3326986729016244,0.11068840695050207,3,0.03333333333333333,1,3.5,54,0.012962962962962963,-1.9961920374097466
23,7,Ryan Lochte,Cheryl Burke,Athlete,United States,32,7,33.0,0.1214233677921936,6.5,5.0,8.0,0.37499998437500065,4.582575694955841,5.31653539413799,18,0.3888888888888889,5.166666666666667,29.0,0.36,0.22776251526251526,-0.3326986729016244,0.11068840695050207,3,0.03333333333333333,1,3.5,54,0.012962962962962963,-2.328890710311371
23,8,Ryan Lochte,Cheryl Burke,Athlete,United States,32,7,26.0,0.1022819887003974,5.0,7.0,7.0,0.08333332986111125,3.5118845842842474,5.31653539413799,18,0.3888888888888889,5.166666666666667,29.666666666666668,0.36,0.22776251526251526,-0.3326986729016244,0.11068840695050207,3,0.03333333333333333,1,3.5,54,0.012962962962962963,-2.6615893832129953
23,1,Calvin Johnson Jr.,Lindsay Arnold,Athlete,United States,30,3,26.0,0.0593393649814979,5.5,9.0,13.0,0.0,0.0,5.31653539413799,3,0.3333333333333333,5.0,26.0,0.6,0.22776251526251526,-0.48808115097895555,0.238223209940942,3,0.03333333333333333,1,3.5,9,0.01111111111111111,-0.48808115097895555
23,2,Calvin Johnson Jr.,Lindsay Arnold,Athlete,United States,30,3,28.0,0.0583570297602053,6.0,13.0,13.0,0.07692307396449716,1.4142135623730951,5.31653539413799,3,0.3333333333333333,5.0,27.0,0.6,0.22776251526251526,-0.48808115097895555,0.238223209940942,3,0.03333333333333333,1,3.5,9,0.01111111111111111,-0.9761623019579111
23,3,Calvin Johnson Jr.,Lindsay Arnold,Athlete,United States,30,3,32.0,0.0860502142208357,1.0,7.0,12.0,0.23076922189349144,3.055050463303893,5.31653539413799,3,0.3333333333333333,5.0,28.666666666666668,0.6,0.22776251526251526,-0.48808115097895555,0.238223209940942,3,0.03333333333333333,1,3.5,9,0.01111111111111111,-1.4642434529368666
23,4,Calvin Johnson Jr.,Lindsay Arnold,Athlete,United States,30,3,23.0,0.0909090909090909,7.0,6.0,11.0,-0.11538461094674572,4.509249752822893,5.31653539413799,3,0.3333333333333333,5.0,27.666666666666668,0.6,0.22776251526251526,-0.48808115097895555,0.238223209940942,3,0.03333333333333333,1,3.5,9,0.01111111111111111,-1.9523246039158222
23,5,Calvin Johnson Jr.,Lindsay Arnold,Athlete,United States,30,3,24.0,0.0664320990091824,7.5,8.0,9.0,-0.07692307396449716,4.932882862316247,5.31653539413799,3,0.3333333333333333,5.0,26.333333333333332,0.6,0.22776251526251526,-0.48808115097895555,0.238223209940942,3,0.03333333333333333,1,3.5,9,0.01111111111111111,-2.440405754894778
23,6,Calvin Johnson Jr.,Lindsay Arnold,Athlete,United States,30,3,37.0,0.1271134452258343,3.5,2.0,9.0,0.4230769068047343,7.810249675906653,5.31653539413799,3,0.3333333333333333,5.0,28.0,0.6,0.22776251526251526,-0.48808115097895555,0.238223209940942,3,0.03333333333333333,1,3.5,9,0.01111111111111111,-2.9284869058737333
23,7,Calvin Johnson Jr.,Lindsay Arnold,Athlete,United States,30,3,37.0,0.137497170312721,1.5,2.0,8.0,0.4230769068047343,7.505553499465135,5.31653539413799,3,0.3333333333333333,5.0,32.666666666666664,0.6,0.22776251526251526,-0.48808115097895555,0.238223209940942,3,0.03333333333333333,1,3.5,9,0.01111111111111111,-3.4165680568526886
23,8,Calvin Johnson Jr.,Lindsay Arnold,Athlete,United States,30,3,30.0,0.1462810968174281,3.5,4.0,7.0,0.15384614792899431,4.0414518843273814,5.31653539413799,3,0.3333333333333333,5.0,34.666666666666664,0.6,0.22776251526251526,-0.48808115097895555,0.238223209940942,3,0.03333333333333333,1,3.5,9,0.01111111111111111,-3.9046492078316444
23,9,Calvin Johnson Jr.,Lindsay Arnold,Athlete,United States,30,3,37.0,0.1885520277228718,4.0,2.0,6.0,0.4230769068047343,4.0414518843273814,5.31653539413799,3,0.3333333333333333,5.0,34.666666666666664,0.6,0.22776251526251526,-0.48808115097895555,0.238223209940942,3,0.03333333333333333,1,3.5,9,0.01111111111111111,-4.3927303588106
23,10,Calvin Johnson Jr.,Lindsay Arnold,Athlete,United States,30,3,28.0,0.2122515393763983,5.0,2.0,5.0,0.07692307396449716,4.725815626252609,5.31653539413799,3,0.3333333333333333,5.0,31.666666666666668,0.6,0.22776251526251526,-0.48808115097895555,0.238223209940942,3,0.03333333333333333,1,3.5,9,0.01111111111111111,-4.880811509789556
23,11,Calvin Johnson Jr.,Lindsay Arnold,Athlete,United States,30,3,38.3331,0.2495686242332601,3.0,2.0,4.0,0.47434998175577,5.620648112391786,5.31653539413799,3,0.3333333333333333,5.0,34.44436666666667,0.6,0.22776251526251526,-0.48808115097895555,0.238223209940942,3,0.03333333333333333,1,3.5,9,0.01111111111111111,-5.368892660768511
23,1,Laurie Hernandez,Valentin Chmerkovskiy,Athlete,United States,16,1,31.0,0.1069065030949389,1.5,4.0,13.0,0.0,0.0,5.31653539413799,10,0.5,5.0,31.0,0.10526315789473684,0.22776251526251526,-1.5757584975202734,2.4830148425073495,3,0.03333333333333333,1,2.5,30,0.016666666666666666,-1.5757584975202734
23,2,Laurie Hernandez,Valentin Chmerkovskiy,Athlete,United States,16,1,32.0,0.0743508758312092,1.0,7.0,13.0,0.032258063475546335,0.7071067811865476,5.31653539413799,10,0.5,5.0,31.5,0.10526315789473684,0.22776251526251526,-1.5757584975202734,2.4830148425073495,3,0.03333333333333333,1,2.5,30,0.016666666666666666,-3.151516995040547
23,3,Laurie Hernandez,Valentin Chmerkovskiy,Athlete,United States,16,1,31.0,0.0934979606437941,2.0,4.0,12.0,0.0,0.5773502691896255,5.31653539413799,10,0.5,5.0,31.333333333333332,0.10526315789473684,0.22776251526251526,-1.5757584975202734,2.4830148425073495,3,0.03333333333333333,1,2.5,30,0.016666666666666666,-4.72727549256082
23,4,Laurie Hernandez,Valentin Chmerkovskiy,Athlete,United States,16,1,30.0,0.0909090909090909,1.0,6.0,11.0,-0.032258063475546335,1.0,5.31653539413799,10,0.5,5.0,31.0,0.10526315789473684,0.22776251526251526,-1.5757584975202734,2.4830148425073495,3,0.03333333333333333,1,2.5,30,0.016666666666666666,-6.303033990081094
23,5,Laurie Hernandez,Valentin Chmerkovskiy,Athlete,United States,16,1,25.0,0.0403394094445401,5.0,9.0,9.0,-0.19354838085327802,3.214550253664319,5.31653539413799,10,0.5,5.0,28.666666666666668,0.10526315789473684,0.22776251526251526,-1.5757584975202734,2.4830148425073495,3,0.03333333333333333,1,2.5,30,0.016666666666666666,-7.878792487601367
23,6,Laurie Hernandez,Valentin Chmerkovskiy,Athlete,United States,16,1,37.0,0.1197416417376332,3.5,3.0,9.0,0.19354838085327802,6.027713773341708,5.31653539413799,10,0.5,5.0,30.666666666666668,0.10526315789473684,0.22776251526251526,-1.5757584975202734,2.4830148425073495,3,0.03333333333333333,1,2.5,30,0.016666666666666666,-9.45455098512164
23,7,Laurie Hernandez,Valentin Chmerkovskiy,Athlete,United States,16,1,34.5,0.1322850132148941,4.0,3.0,8.0,0.11290322216441219,6.331139971074193,5.31653539413799,10,0.5,5.0,32.166666666666664,0.10526315789473684,0.22776251526251526,-1.5757584975202734,2.4830148425073495,3,0.03333333333333333,1,2.5,30,0.016666666666666666,-11.030309482641915
23,8,Laurie Hernandez,Valentin Chmerkovskiy,Athlete,United States,16,1,33.0,0.1732741626392867,2.0,1.0,7.0,0.06451612695109267,2.0207259421636943,5.31653539413799,10,0.5,5.0,34.833333333333336,0.10526315789473684,0.22776251526251526,-1.5757584975202734,2.4830148425073495,3,0.03333333333333333,1,2.5,30,0.016666666666666666,-12.606067980162187
23,9,Laurie Hernandez,Valentin Chmerkovskiy,Athlete,United States,16,1,40.0,0.1992173425795028,1.5,1.0,6.0,0.29032257127991706,3.6855573979159986,5.31653539413799,10,0.5,5.0,35.833333333333336,0.10526315789473684,0.22776251526251526,-1.5757584975202734,2.4830148425073495,3,0.03333333333333333,1,2.5,30,0.016666666666666666,-14.18182647768246
23,10,Laurie Hernandez,Valentin Chmerkovskiy,Athlete,United States,16,1,30.0,0.2529674548892736,1.5,1.0,5.0,-0.032258063475546335,5.131601439446886,5.31653539413799,10,0.5,5.0,34.333333333333336,0.10526315789473684,0.22776251526251526,-1.5757584975202734,2.4830148425073495,3,0.03333333333333333,1,2.5,30,0.016666666666666666,-15.757584975202734
23,11,Laurie Hernandez,Valentin Chmerkovskiy,Athlete,United States,16,1,39.333200000000005,0.2829460427995586,1.0,1.0,4.0,0.2688128945544229,5.5909636092537776,5.31653539413799,10,0.5,5.0,36.4444,0.10526315789473684,0.22776251526251526,-1.5757584975202734,2.4830148425073495,3,0.03333333333333333,1,2.5,30,0.016666666666666666,-17.33334347272301
23,1,Amber Rose,Maksim Chmerkoskiy,Model,United States,32,9,24.0,0.0675945776694763,9.5,7.0,13.0,0.0,0.0,5.31653539413799,14,0.35714285714285715,5.571428571428571,24.0,0.058823529411764705,0.22776251526251526,-0.3326986729016244,0.11068840695050207,2,0.16666666666666666,1,-2.5,28,0.05952380952380952,-0.3326986729016244
23,2,Amber Rose,Maksim Chmerkoskiy,Model,United States,32,9,24.0,0.0607911489420093,11.0,11.0,13.0,0.0,0.0,5.31653539413799,14,0.35714285714285715,5.571428571428571,24.0,0.058823529411764705,0.22776251526251526,-0.3326986729016244,0.11068840695050207,2,0.16666666666666666,1,-2.5,28,0.05952380952380952,-0.6653973458032488
23,3,Amber Rose,Maksim Chmerkoskiy,Model,United States,32,9,25.0,0.0771933966780262,9.0,8.0,12.0,0.041666664930555625,0.5773502691896263,5.31653539413799,14,0.35714285714285715,5.571428571428571,24.333333333333332,0.058823529411764705,0.22776251526251526,-0.3326986729016244,0.11068840695050207,2,0.16666666666666666,1,-2.5,28,0.05952380952380952,-0.9980960187048733
23,4,Amber Rose,Maksim Chmerkoskiy,Model,United States,32,9,24.0,0.0909090909090909,4.5,6.0,11.0,0.0,0.5773502691896263,5.31653539413799,14,0.35714285714285715,5.571428571428571,24.333333333333332,0.058823529411764705,0.22776251526251526,-0.3326986729016244,0.11068840695050207,2,0.16666666666666666,1,-2.5,28,0.05952380952380952,-1.3307946916064977
23,5,Amber Rose,Maksim Chmerkoskiy,Model,United States,32,9,24.0,0.0953418312091893,7.5,5.0,9.0,0.0,0.5773502691896263,5.31653539413799,14,0.35714285714285715,5.571428571428571,24.333333333333332,0.058823529411764705,0.22776251526251526,-0.3326986729016244,0.11068840695050207,2,0.16666666666666666,1,-2.5,28,0.05952380952380952,-1.663493364508122
23,6,Amber Rose,Maksim Chmerkoskiy,Model,United States,32,9,28.0,0.0803519270925327,9.0,9.0,9.0,0.1666666597222225,2.3094010767585034,5.31653539413799,14,0.35714285714285715,5.571428571428571,25.333333333333332,0.058823529411764705,0.22776251526251526,-0.3326986729016244,0.11068840695050207,2,0.16666666666666666,1,-2.5,28,0.05952380952380952,-1.9961920374097466
23,1,Rick Perry,Emma Slater,Politician,United States,66,12,20.0,0.056565358145861,13.0,10.0,13.0,0.0,0.0,5.31653539413799,5,0.0,8.2,20.0,0.0625,0.22776251526251526,2.3088034544130043,5.3305733911094215,2,0.3333333333333333,1,-3.0,10,0.0,2.3088034544130043
23,2,Rick Perry,Emma Slater,Politician,United States,66,12,22.0,0.083809537876726,13.0,5.0,13.0,0.09999999500000024,1.4142135623730951,5.31653539413799,5,0.0,8.2,21.0,0.0625,0.22776251526251526,2.3088034544130043,5.3305733911094215,2,0.3333333333333333,1,-3.0,10,0.0,4.6176069088260085
23,3,Rick Perry,Emma Slater,Politician,United States,66,12,23.0,0.0713773753726484,11.5,10.0,12.0,0.14999999250000037,1.5275252316519463,5.31653539413799,5,0.0,8.2,21.666666666666668,0.0625,0.22776251526251526,2.3088034544130043,5.3305733911094215,2,0.3333333333333333,1,-3.0,10,0.0,6.926410363239013
23,1,James Hinchcliffe,Sharna Burgess,Racing Driver,Canada,29,2,31.0,0.1905655845388567,1.5,1.0,13.0,0.0,0.0,5.31653539413799,7,0.2857142857142857,6.571428571428571,31.0,0.07142857142857142,0.22776251526251526,-0.5657723900176211,0.3200983973062512,3,0.09090909090909091,0,-0.5,21,0.025974025974025972,-0.5657723900176211
23,2,James Hinchcliffe,Sharna Burgess,Racing Driver,Canada,29,2,29.0,0.0957603318140663,4.5,2.0,13.0,-0.06451612695109267,1.4142135623730951,5.31653539413799,7,0.2857142857142857,6.571428571428571,30.0,0.07142857142857142,0.22776251526251526,-0.5657723900176211,0.3200983973062512,3,0.09090909090909091,0,-0.5,21,0.025974025974025972,-1.1315447800352423
23,3,James Hinchcliffe,Sharna Burgess,Racing Driver,Canada,29,2,29.0,0.0937132369063551,4.0,3.0,12.0,-0.06451612695109267,1.1547005383792517,5.31653539413799,7,0.2857142857142857,6.571428571428571,29.666666666666668,0.07142857142857142,0.22776251526251526,-0.5657723900176211,0.3200983973062512,3,0.09090909090909091,0,-0.5,21,0.025974025974025972,-1.6973171700528633
23,4,James Hinchcliffe,Sharna Burgess,Racing Driver,Canada,29,2,28.0,0.0909090909090909,2.0,6.0,11.0,-0.09677419042663901,0.5773502691896278,5.31653539413799,7,0.2857142857142857,6.571428571428571,28.666666666666668,0.07142857142857142,0.22776251526251526,-0.5657723900176211,0.3200983973062512,3,0.09090909090909091,0,-0.5,21,0.025974025974025972,-2.2630895600704846
23,5,James Hinchcliffe,Sharna Burgess,Racing Driver,Canada,29,2,29.0,0.1587777548261579,1.0,3.0,9.0,-0.06451612695109267,0.5773502691896278,5.31653539413799,7,0.2857142857142857,6.571428571428571,28.666666666666668,0.07142857142857142,0.22776251526251526,-0.5657723900176211,0.3200983973062512,3,0.09090909090909091,0,-0.5,21,0.025974025974025972,-2.828861950088106
23,6,James Hinchcliffe,Sharna Burgess,Racing Driver,Canada,29,2,38.0,0.1110794264976227,2.0,5.0,9.0,0.22580644432882438,5.507570547286102,5.31653539413799,7,0.2857142857142857,6.571428571428571,31.666666666666668,0.07142857142857142,0.22776251526251526,-0.5657723900176211,0.3200983973062512,3,0.09090909090909091,0,-0.5,21,0.025974025974025972,-3.3946343401057266
23,7,James Hinchcliffe,Sharna Burgess,Racing Driver,Canada,29,2,37.0,0.1190859193630399,1.5,6.0,8.0,0.19354838085327802,4.932882862316248,5.31653539413799,7,0.2857142857142857,6.571428571428571,34.666666666666664,0.07142857142857142,0.22776251526251526,-0.5657723900176211,0.3200983973062512,3,0.09090909090909091,0,-0.5,21,0.025974025974025972,-3.960406730123348
23,8,James Hinchcliffe,Sharna Burgess,Racing Driver,Canada,29,2,34.9998,0.1436474426200526,1.0,5.0,7.0,0.12902580228949026,1.5276343410646465,5.31653539413799,7,0.2857142857142857,6.571428571428571,36.666599999999995,0.07142857142857142,0.22776251526251526,-0.5657723900176211,0.3200983973062512,3,0.09090909090909091,0,-0.5,21,0.025974025974025972,-4.526179120140969
23,9,James Hinchcliffe,Sharna Burgess,Racing Driver,Canada,29,2,36.0,0.14533251763042,5.5,5.0,6.0,0.1612903173777317,1.0001000016665107,5.31653539413799,7,0.2857142857142857,6.571428571428571,35.99993333333333,0.07142857142857142,0.22776251526251526,-0.5657723900176211,0.3200983973062512,3,0.09090909090909091,0,-0.5,21,0.025974025974025972,-5.09195151015859
23,10,James Hinchcliffe,Sharna Burgess,Racing Driver,Canada,29,2,29.5,0.1890084387001004,3.0,4.0,5.0,-0.048387095213319506,3.4999571444995436,5.31653539413799,7,0.2857142857142857,6.571428571428571,33.49993333333333,0.07142857142857142,0.22776251526251526,-0.5657723900176211,0.3200983973062512,3,0.09090909090909091,0,-0.5,21,0.025974025974025972,-5.657723900176212
23,11,James Hinchcliffe,Sharna Burgess,Racing Driver,Canada,29,2,38.9998,0.2284189651147131,2.0,4.0,4.0,0.2580580561916756,4.8561816289481365,5.31653539413799,7,0.2857142857142857,6.571428571428571,34.83326666666667,0.07142857142857142,0.22776251526251526,-0.5657723900176211,0.3200983973062512,3,0.09090909090909091,0,-0.5,21,0.025974025974025972,-6.223496290193832
23,1,Babyface,Allison Holker,Singer/Rapper,United States,57,11,26.0,0.0716091532136736,5.5,6.0,13.0,0.0,0.0,5.31653539413799,3,0.3333333333333333,6.0,26.0,0.5,0.22776251526251526,1.6095823030650145,2.5907551903400763,2,0.05263157894736842,1,0.5,6,0.017543859649122806,1.6095823030650145
23,2,Babyface,Allison Holker,Singer/Rapper,United States,57,11,30.0,0.0673292993187855,3.0,9.0,13.0,0.15384614792899431,2.8284271247461903,5.31653539413799,3,0.3333333333333333,6.0,28.0,0.5,0.22776251526251526,1.6095823030650145,2.5907551903400763,2,0.05263157894736842,1,0.5,6,0.017543859649122806,3.219164606130029
23,3,Babyface,Allison Holker,Singer/Rapper,United States,57,11,25.0,0.098655099393456,9.0,1.0,12.0,-0.03846153698224858,2.6457513110645907,5.31653539413799,3,0.3333333333333333,6.0,27.0,0.5,0.22776251526251526,1.6095823030650145,2.5907551903400763,2,0.05263157894736842,1,0.5,6,0.017543859649122806,4.8287469091950435
23,4,Babyface,Allison Holker,Singer/Rapper,United States,57,11,18.0,0.0909090909090909,11.0,6.0,11.0,-0.30769229585798863,6.027713773341707,5.31653539413799,3,0.3333333333333333,6.0,24.333333333333332,0.5,0.22776251526251526,1.6095823030650145,2.5907551903400763,2,0.05263157894736842,1,0.5,6,0.017543859649122806,6.438329212260058
23,1,Vanilla Ice,Witney Carson,Singer/Rapper,United States,48,10,25.0,0.112319985581657,7.5,2.0,13.0,0.0,0.0,5.31653539413799,5,0.2,5.2,25.0,0.14285714285714285,0.22776251526251526,0.9103611517170245,0.8287574265555473,2,0.05263157894736842,1,-5.5,10,0.010526315789473684,0.9103611517170245
23,2,Vanilla Ice,Witney Carson,Singer/Rapper,United States,48,10,26.0,0.0820533831997594,8.5,6.0,13.0,0.03999999840000006,0.7071067811865476,5.31653539413799,5,0.2,5.2,25.5,0.14285714285714285,0.22776251526251526,0.9103611517170245,0.8287574265555473,2,0.05263157894736842,1,-5.5,10,0.010526315789473684,1.820722303434049
23,3,Vanilla Ice,Witney Carson,Singer/Rapper,United States,48,10,23.0,0.0861785347360884,11.5,6.0,12.0,-0.07999999680000013,1.5275252316519472,5.31653539413799,5,0.2,5.2,24.666666666666668,0.14285714285714285,0.22776251526251526,0.9103611517170245,0.8287574265555473,2,0.05263157894736842,1,-5.5,10,0.010526315789473684,2.731083455151073
23,4,Vanilla Ice,Witney Carson,Singer/Rapper,United States,48,10,23.0,0.0909090909090909,7.0,6.0,11.0,-0.07999999680000013,1.7320508075688779,5.31653539413799,5,0.2,5.2,24.0,0.14285714285714285,0.22776251526251526,0.9103611517170245,0.8287574265555473,2,0.05263157894736842,1,-5.5,10,0.010526315789473684,3.641444606868098
23,1,Jana Kramer,Gleb Savchenko,Singer/Rapper,United States,32,4,27.0,0.0656172357873824,3.5,8.0,13.0,0.0,0.0,5.31653539413799,1,0.0,10.0,27.0,0.3076923076923077,0.22776251526251526,-0.3326986729016244,0.11068840695050207,2,0.05263157894736842,1,4.5,2,0.0,-0.3326986729016244
23,2,Jana Kramer,Gleb Savchenko,Singer/Rapper,United States,32,4,29.0,0.091473635576958,4.5,3.0,13.0,0.07407407133058995,1.4142135623730951,5.31653539413799,1,0.0,10.0,28.0,0.3076923076923077,0.22776251526251526,-0.3326986729016244,0.11068840695050207,2,0.05263157894736842,1,4.5,2,0.0,-0.6653973458032488
23,3,Jana Kramer,Gleb Savchenko,Singer/Rapper,United States,32,4,26.0,0.0960922260763142,7.0,2.0,12.0,-0.037037035665294975,1.5275252316519463,5.31653539413799,1,0.0,10.0,27.333333333333332,0.3076923076923077,0.22776251526251526,-0.3326986729016244,0.11068840695050207,2,0.05263157894736842,1,4.5,2,0.0,-0.9980960187048733
23,4,Jana Kramer,Gleb Savchenko,Singer/Rapper,United States,32,4,23.0,0.0909090909090909,7.0,6.0,11.0,-0.1481481426611799,3.0,5.31653539413799,1,0.0,10.0,26.0,0.3076923076923077,0.22776251526251526,-0.3326986729016244,0.11068840695050207,2,0.05263157894736842,1,4.5,2,0.0,-1.3307946916064977
23,5,Jana Kramer,Gleb Savchenko,Singer/Rapper,United States,32,4,26.0,0.1039124425132737,4.0,4.0,9.0,-0.037037035665294975,1.7320508075688772,5.31653539413799,1,0.0,10.0,25.0,0.3076923076923077,0.22776251526251526,-0.3326986729016244,0.11068840695050207,2,0.05263157894736842,1,4.5,2,0.0,-1.663493364508122
23,6,Jana Kramer,Gleb Savchenko,Singer/Rapper,United States,32,4,40.0,0.1043722468580233,1.0,7.0,9.0,0.48148146364883465,9.073771725877465,5.31653539413799,1,0.0,10.0,29.666666666666668,0.3076923076923077,0.22776251526251526,-0.3326986729016244,0.11068840695050207,2,0.05263157894736842,1,4.5,2,0.0,-1.9961920374097466
23,7,Jana Kramer,Gleb Savchenko,Singer/Rapper,United States,32,4,34.5,0.1443805583686072,4.0,1.0,8.0,0.2777777674897123,7.0533679898329416,5.31653539413799,1,0.0,10.0,33.5,0.3076923076923077,0.22776251526251526,-0.3326986729016244,0.11068840695050207,2,0.05263157894736842,1,4.5,2,0.0,-2.328890710311371
23,8,Jana Kramer,Gleb Savchenko,Singer/Rapper,United States,32,4,30.0,0.1594294240009209,3.5,2.0,7.0,0.11111110699588492,5.008326400438906,5.31653539413799,1,0.0,10.0,34.833333333333336,0.3076923076923077,0.22776251526251526,-0.3326986729016244,0.11068840695050207,2,0.05263157894736842,1,4.5,2,0.0,-2.6615893832129953
23,9,Jana Kramer,Gleb Savchenko,Singer/Rapper,United States,32,4,40.0,0.183520435140624,1.5,3.0,6.0,0.48148146364883465,5.008326400438906,5.31653539413799,1,0.0,10.0,34.833333333333336,0.3076923076923077,0.22776251526251526,-0.3326986729016244,0.11068840695050207,2,0.05263157894736842,1,4.5,2,0.0,-2.9942880561146197
23,10,Jana Kramer,Gleb Savchenko,Singer/Rapper,United States,32,4,29.0,0.2020955106444695,4.0,3.0,5.0,0.07407407133058995,6.082762530298219,5.31653539413799,1,0.0,10.0,33.0,0.3076923076923077,0.22776251526251526,-0.3326986729016244,0.11068840695050207,2,0.05263157894736842,1,4.5,2,0.0,-3.326986729016244
23,11,Jana Kramer,Gleb Savchenko,Singer/Rapper,United States,32,4,35.5,0.2390663678524682,4.0,3.0,4.0,0.31481480315500726,5.530220007679018,5.31653539413799,1,0.0,10.0,34.833333333333336,0.3076923076923077,0.22776251526251526,-0.3326986729016244,0.11068840695050207,2,0.05263157894736842,1,4.5,2,0.0,-3.6596854019178684
23,1,Terra Jole,Sasha Farber,TV Personality,United States,36,5,25.0,0.0838082682332698,7.5,5.0,13.0,0.0,0.0,5.31653539413799,2,0.0,8.0,25.0,0.25,0.22776251526251526,-0.021933716746962203,0.0004810879303359702,1,0.1,1,-2.5,2,0.0,-0.021933716746962203
23,2,Terra Jole,Sasha Farber,TV Personality,United States,36,5,31.0,0.1068281272079959,2.0,1.0,13.0,0.23999999040000036,4.242640687119285,5.31653539413799,2,0.0,8.0,28.0,0.25,0.22776251526251526,-0.021933716746962203,0.0004810879303359702,1,0.1,1,-2.5,2,0.0,-0.043867433493924406
23,3,Terra Jole,Sasha Farber,TV Personality,United States,36,5,30.0,0.0722187070626045,3.0,9.0,12.0,0.19999999200000032,3.214550253664318,5.31653539413799,2,0.0,8.0,28.666666666666668,0.25,0.22776251526251526,-0.021933716746962203,0.0004810879303359702,1,0.1,1,-2.5,2,0.0,-0.0658011502408866
23,4,Terra Jole,Sasha Farber,TV Personality,United States,36,5,25.0,0.0909090909090909,3.0,6.0,11.0,0.0,3.214550253664318,5.31653539413799,2,0.0,8.0,28.666666666666668,0.25,0.22776251526251526,-0.021933716746962203,0.0004810879303359702,1,0.1,1,-2.5,2,0.0,-0.08773486698784881
23,5,Terra Jole,Sasha Farber,TV Personality,United States,36,5,27.0,0.0872505874442844,2.5,6.0,9.0,0.07999999680000013,2.5166114784235836,5.31653539413799,2,0.0,8.0,27.333333333333332,0.25,0.22776251526251526,-0.021933716746962203,0.0004810879303359702,1,0.1,1,-2.5,2,0.0,-0.10966858373481102
23,6,Terra Jole,Sasha Farber,TV Personality,United States,36,5,30.0,0.1012600558890748,7.5,8.0,9.0,0.19999999200000032,2.5166114784235836,5.31653539413799,2,0.0,8.0,27.333333333333332,0.25,0.22776251526251526,-0.021933716746962203,0.0004810879303359702,1,0.1,1,-2.5,2,0.0,-0.1316023004817732
23,7,Terra Jole,Sasha Farber,TV Personality,United States,36,5,34.5,0.1315482272226907,4.0,4.0,8.0,0.3799999848000006,3.7749172176353754,5.31653539413799,2,0.0,8.0,30.5,0.25,0.22776251526251526,-0.021933716746962203,0.0004810879303359702,1,0.1,1,-2.5,2,0.0,-0.15353601722873542
23,8,Terra Jole,Sasha Farber,TV Personality,United States,36,5,24.0,0.1539020932783455,6.0,3.0,7.0,-0.03999999840000006,5.26782687642637,5.31653539413799,2,0.0,8.0,29.5,0.25,0.22776251526251526,-0.021933716746962203,0.0004810879303359702,1,0.1,1,-2.5,2,0.0,-0.17546973397569762
23,9,Terra Jole,Sasha Farber,TV Personality,United States,36,5,38.0,0.1648240413994593,3.0,4.0,6.0,0.5199999792000009,7.285830998131465,5.31653539413799,2,0.0,8.0,32.166666666666664,0.25,0.22776251526251526,-0.021933716746962203,0.0004810879303359702,1,0.1,1,-2.5,2,0.0,-0.19740345072265983
23,10,Terra Jole,Sasha Farber,TV Personality,United States,36,5,30.0,0.143677056389758,1.5,5.0,5.0,0.19999999200000032,7.023769168568492,5.31653539413799,2,0.0,8.0,30.666666666666668,0.25,0.22776251526251526,-0.021933716746962203,0.0004810879303359702,1,0.1,1,-2.5,2,0.0,-0.21933716746962204
24,1,Charo,Keo Motsepe,Actor/Actress,Spain,66,11,21.0,0.0137339519599523,10.0,12.0,12.0,0.0,0.0,5.390701288099013,4,0.0,10.75,21.0,0.4444444444444444,0.1785563973063973,2.3088034544130043,5.3305733911094215,2,0.07692307692307693,0,2.0,8,0.0,2.3088034544130043
24,2,Charo,Keo Motsepe,Actor/Actress,Spain,66,11,25.0,0.0865204176778752,9.5,7.0,12.0,0.19047618140589612,2.8284271247461903,5.390701288099013,4,0.0,10.75,23.0,0.4444444444444444,0.1785563973063973,2.3088034544130043,5.3305733911094215,2,0.07692307692307693,0,2.0,8,0.0,4.6176069088260085
24,3,Charo,Keo Motsepe,Actor/Actress,Spain,66,11,24.0,0.0751064143001121,10.0,11.0,11.0,0.14285713605442207,2.081665999466133,5.390701288099013,4,0.0,10.75,23.333333333333332,0.4444444444444444,0.1785563973063973,2.3088034544130043,5.3305733911094215,2,0.07692307692307693,0,2.0,8,0.0,6.926410363239013
24,1,Mr. T,Kym Herjavec,Actor/Actress,United States,64,10,20.0,0.0657236153295989,11.0,9.0,12.0,0.0,0.0,5.390701288099013,0,0.0,6.0,20.0,1.0,0.1785563973063973,2.1534209763356733,4.6372219013224845,2,0.07692307692307693,1,-2.0,0,0.0,2.1534209763356733
24,2,Mr. T,Kym Herjavec,Actor/Actress,United States,64,10,22.0,0.0662091204544912,11.5,11.0,12.0,0.09999999500000024,1.4142135623730951,5.390701288099013,0,0.0,6.0,21.0,1.0,0.1785563973063973,2.1534209763356733,4.6372219013224845,2,0.07692307692307693,1,-2.0,0,0.0,4.306841952671347
24,3,Mr. T,Kym Herjavec,Actor/Actress,United States,64,10,24.0,0.0767167114353696,10.0,9.0,11.0,0.1999999900000005,2.0,5.390701288099013,0,0.0,6.0,22.0,1.0,0.1785563973063973,2.1534209763356733,4.6372219013224845,2,0.07692307692307693,1,-2.0,0,0.0,6.46026292900702
24,4,Mr. T,Kym Herjavec,Actor/Actress,United States,64,10,28.0,0.0793404249127598,10.0,10.0,10.0,0.399999980000001,3.055050463303893,5.390701288099013,0,0.0,6.0,24.666666666666668,1.0,0.1785563973063973,2.1534209763356733,4.6372219013224845,2,0.07692307692307693,1,-2.0,0,0.0,8.613683905342693
24,1,Heather Morris,Maksim Chmerkoskiy,Actor/Actress,United States,30,8,28.0,0.0670641938740085,4.0,8.0,12.0,0.0,0.0,5.390701288099013,15,0.3333333333333333,5.8,28.0,0.4117647058823529,0.1785563973063973,-0.48808115097895555,0.238223209940942,2,0.07692307692307693,1,4.0,30,0.02564102564102564,-0.48808115097895555
24,2,Heather Morris,Maksim Chmerkoskiy,Actor/Actress,United States,30,8,30.0,0.0952508608571949,3.0,4.0,12.0,0.07142856887755111,1.4142135623730951,5.390701288099013,15,0.3333333333333333,5.8,29.0,0.4117647058823529,0.1785563973063973,-0.48808115097895555,0.238223209940942,2,0.07692307692307693,1,4.0,30,0.02564102564102564,-0.9761623019579111
24,3,Heather Morris,Maksim Chmerkoskiy,Actor/Actress,United States,30,8,33.0,0.0907053399039235,2.5,5.0,11.0,0.17857142219387778,2.5166114784235836,5.390701288099013,15,0.3333333333333333,5.8,30.333333333333332,0.4117647058823529,0.1785563973063973,-0.48808115097895555,0.238223209940942,2,0.07692307692307693,1,4.0,30,0.02564102564102564,-1.4642434529368666
24,4,Heather Morris,Maksim Chmerkoskiy,Actor/Actress,United States,30,8,35.0,0.0892555994908833,3.0,9.0,10.0,0.24999999107142887,2.516611478423585,5.390701288099013,15,0.3333333333333333,5.8,32.666666666666664,0.4117647058823529,0.1785563973063973,-0.48808115097895555,0.238223209940942,2,0.07692307692307693,1,4.0,30,0.02564102564102564,-1.9523246039158222
24,5,Heather Morris,Maksim Chmerkoskiy,Actor/Actress,United States,30,8,34.0,0.0981402325881026,4.5,8.0,9.0,0.21428570663265334,1.0000000000000067,5.390701288099013,15,0.3333333333333333,5.8,34.0,0.4117647058823529,0.1785563973063973,-0.48808115097895555,0.238223209940942,2,0.07692307692307693,1,4.0,30,0.02564102564102564,-2.440405754894778
24,6,Heather Morris,Maksim Chmerkoskiy,Actor/Actress,United States,30,8,37.0,0.096624377548907,1.0,8.0,8.0,0.32142855994898,1.52752523165195,5.390701288099013,15,0.3333333333333333,5.8,35.333333333333336,0.4117647058823529,0.1785563973063973,-0.48808115097895555,0.238223209940942,2,0.07692307692307693,1,4.0,30,0.02564102564102564,-2.9284869058737333
24,1,Nancy Kerrigan,Artem Chigvintsev,Athlete,United States,47,7,28.0,0.1587937256254305,4.0,2.0,12.0,0.0,0.0,5.390701288099013,4,0.0,8.25,28.0,0.3333333333333333,0.1785563973063973,0.8326699126783589,0.6933391834797858,3,0.022727272727272728,1,-2.0,12,0.0,0.8326699126783589
24,2,Nancy Kerrigan,Artem Chigvintsev,Athlete,United States,47,7,28.0,0.0933461821139842,6.0,5.0,12.0,0.0,0.0,5.390701288099013,4,0.0,8.25,28.0,0.3333333333333333,0.1785563973063973,0.8326699126783589,0.6933391834797858,3,0.022727272727272728,1,-2.0,12,0.0,1.6653398253567178
24,3,Nancy Kerrigan,Artem Chigvintsev,Athlete,United States,47,7,33.0,0.0805174960291156,2.5,7.0,11.0,0.17857142219387778,2.886751345948128,5.390701288099013,4,0.0,8.25,29.666666666666668,0.3333333333333333,0.1785563973063973,0.8326699126783589,0.6933391834797858,3,0.022727272727272728,1,-2.0,12,0.0,2.4980097380350768
24,4,Nancy Kerrigan,Artem Chigvintsev,Athlete,United States,47,7,33.0,0.0986758704979906,4.0,5.0,10.0,0.17857142219387778,2.886751345948128,5.390701288099013,4,0.0,8.25,31.333333333333332,0.3333333333333333,0.1785563973063973,0.8326699126783589,0.6933391834797858,3,0.022727272727272728,1,-2.0,12,0.0,3.3306796507134355
24,5,Nancy Kerrigan,Artem Chigvintsev,Athlete,United States,47,7,36.0,0.108673301529593,3.0,6.0,9.0,0.28571427551020445,1.7320508075688772,5.390701288099013,4,0.0,8.25,34.0,0.3333333333333333,0.1785563973063973,0.8326699126783589,0.6933391834797858,3,0.022727272727272728,1,-2.0,12,0.0,4.163349563391795
24,6,Nancy Kerrigan,Artem Chigvintsev,Athlete,United States,47,7,33.5,0.1215927995448137,5.0,6.0,8.0,0.19642856441326556,1.6072751268321588,5.390701288099013,4,0.0,8.25,34.166666666666664,0.3333333333333333,0.1785563973063973,0.8326699126783589,0.6933391834797858,3,0.022727272727272728,1,-2.0,12,0.0,4.9960194760701535
24,7,Nancy Kerrigan,Artem Chigvintsev,Athlete,United States,47,7,36.0,0.0308377994298342,4.0,7.0,7.0,0.28571427551020445,1.4433756729740652,5.390701288099013,4,0.0,8.25,35.166666666666664,0.3333333333333333,0.1785563973063973,0.8326699126783589,0.6933391834797858,3,0.022727272727272728,1,-2.0,12,0.0,5.828689388748512
24,1,Bonner Bolton,Sharna Burgess,Athlete,United States,29,5,22.0,0.1114746729741083,9.0,3.0,12.0,0.0,0.0,5.390701288099013,8,0.375,6.0,22.0,0.42857142857142855,0.1785563973063973,-0.5657723900176211,0.3200983973062512,3,0.022727272727272728,1,-6.0,24,0.008522727272727272,-0.5657723900176211
24,2,Bonner Bolton,Sharna Burgess,Athlete,United States,29,5,28.0,0.1024219127911107,6.0,1.0,12.0,0.27272726033057904,4.242640687119285,5.390701288099013,8,0.375,6.0,25.0,0.42857142857142855,0.1785563973063973,-0.5657723900176211,0.3200983973062512,3,0.022727272727272728,1,-6.0,24,0.008522727272727272,-1.1315447800352423
24,3,Bonner Bolton,Sharna Burgess,Athlete,United States,29,5,24.0,0.1218505728906916,10.0,1.0,11.0,0.09090908677685969,3.0550504633038935,5.390701288099013,8,0.375,6.0,24.666666666666668,0.42857142857142855,0.1785563973063973,-0.5657723900176211,0.3200983973062512,3,0.022727272727272728,1,-6.0,24,0.008522727272727272,-1.6973171700528633
24,4,Bonner Bolton,Sharna Burgess,Athlete,United States,29,5,32.0,0.1338674993285702,5.5,1.0,10.0,0.4545454338842984,3.9999999999999996,5.390701288099013,8,0.375,6.0,28.0,0.42857142857142855,0.1785563973063973,-0.5657723900176211,0.3200983973062512,3,0.022727272727272728,1,-6.0,24,0.008522727272727272,-2.2630895600704846
24,5,Bonner Bolton,Sharna Burgess,Athlete,United States,29,5,30.0,0.1245654667219174,8.0,2.0,9.0,0.36363634710743875,4.163331998932265,5.390701288099013,8,0.375,6.0,28.666666666666668,0.42857142857142855,0.1785563973063973,-0.5657723900176211,0.3200983973062512,3,0.022727272727272728,1,-6.0,24,0.008522727272727272,-2.828861950088106
24,6,Bonner Bolton,Sharna Burgess,Athlete,United States,29,5,31.5,0.1411523417986514,6.0,1.0,8.0,0.4318181621900835,1.0408329997330628,5.390701288099013,8,0.375,6.0,31.166666666666668,0.42857142857142855,0.1785563973063973,-0.5657723900176211,0.3200983973062512,3,0.022727272727272728,1,-6.0,24,0.008522727272727272,-3.3946343401057266
24,7,Bonner Bolton,Sharna Burgess,Athlete,United States,29,5,31.0,0.1855255738969622,7.0,3.0,7.0,0.4090908904958686,0.763762615825969,5.390701288099013,8,0.375,6.0,30.833333333333332,0.42857142857142855,0.1785563973063973,-0.5657723900176211,0.3200983973062512,3,0.022727272727272728,1,-6.0,24,0.008522727272727272,-3.960406730123348
24,8,Bonner Bolton,Sharna Burgess,Athlete,United States,29,5,29.0,0.168252353735537,5.0,5.0,5.0,0.3181818037190089,1.3228756555322931,5.390701288099013,8,0.375,6.0,30.5,0.42857142857142855,0.1785563973063973,-0.5657723900176211,0.3200983973062512,3,0.022727272727272728,1,-6.0,24,0.008522727272727272,-4.526179120140969
24,1,Simone Biles,Sasha Farber,Athlete,United States,20,4,32.0,0.0797001522304578,1.0,7.0,12.0,0.0,0.0,5.390701288099013,3,0.0,7.0,32.0,0.3333333333333333,0.1785563973063973,-1.264993541365611,1.60020865969671,3,0.022727272727272728,1,6.0,9,0.0,-1.264993541365611
24,2,Simone Biles,Sasha Farber,Athlete,United States,20,4,29.0,0.0722352652368272,4.0,10.0,12.0,-0.0937499970703126,2.1213203435596424,5.390701288099013,3,0.0,7.0,30.5,0.3333333333333333,0.1785563973063973,-1.264993541365611,1.60020865969671,3,0.022727272727272728,1,6.0,9,0.0,-2.529987082731222
24,3,Simone Biles,Sasha Farber,Athlete,United States,20,4,32.0,0.0765272993511093,4.0,10.0,11.0,0.0,1.7320508075688772,5.390701288099013,3,0.0,7.0,31.0,0.3333333333333333,0.1785563973063973,-1.264993541365611,1.60020865969671,3,0.022727272727272728,1,6.0,9,0.0,-3.794980624096833
24,4,Simone Biles,Sasha Farber,Athlete,United States,20,4,36.0,0.0897931680206716,2.0,8.0,10.0,0.12499999609375013,3.511884584284245,5.390701288099013,3,0.0,7.0,32.333333333333336,0.3333333333333333,0.1785563973063973,-1.264993541365611,1.60020865969671,3,0.022727272727272728,1,6.0,9,0.0,-5.059974165462444
24,5,Simone Biles,Sasha Farber,Athlete,United States,20,4,38.0,0.124368831700326,2.0,3.0,9.0,0.1874999941406252,3.0550504633038904,5.390701288099013,3,0.0,7.0,35.333333333333336,0.3333333333333333,0.1785563973063973,-1.264993541365611,1.60020865969671,3,0.022727272727272728,1,6.0,9,0.0,-6.324967706828055
24,6,Simone Biles,Sasha Farber,Athlete,United States,20,4,34.5,0.1269975412625331,4.0,4.0,8.0,0.07812499755859383,1.7559422921421157,5.390701288099013,3,0.0,7.0,36.166666666666664,0.3333333333333333,0.1785563973063973,-1.264993541365611,1.60020865969671,3,0.022727272727272728,1,6.0,9,0.0,-7.589961248193666
24,7,Simone Biles,Sasha Farber,Athlete,United States,20,4,39.0,0.1801371997911265,2.5,4.0,7.0,0.21874999316406274,2.3629078131262995,5.390701288099013,3,0.0,7.0,37.166666666666664,0.3333333333333333,0.1785563973063973,-1.264993541365611,1.60020865969671,3,0.022727272727272728,1,6.0,9,0.0,-8.854954789559278
24,8,Simone Biles,Sasha Farber,Athlete,United States,20,4,36.0,0.1926479820803375,3.0,4.0,5.0,0.12499999609375013,2.2912878474779146,5.390701288099013,3,0.0,7.0,36.5,0.3333333333333333,0.1785563973063973,-1.264993541365611,1.60020865969671,3,0.022727272727272728,1,6.0,9,0.0,-10.119948330924888
24,9,Simone Biles,Sasha Farber,Athlete,United States,20,4,40.0,0.2072193521027163,1.0,4.0,4.0,0.24999999218750027,2.0816659994661264,5.390701288099013,3,0.0,7.0,38.333333333333336,0.3333333333333333,0.1785563973063973,-1.264993541365611,1.60020865969671,3,0.022727272727272728,1,6.0,9,0.0,-11.384941872290499
24,1,David Ross,Lindsay Arnold,Athlete,United States,40,2,28.0,0.0804941405592591,4.0,6.0,12.0,0.0,0.0,5.390701288099013,4,0.5,4.5,28.0,0.6,0.1785563973063973,0.2888312394077,0.08342348485778811,3,0.022727272727272728,1,2.0,12,0.011363636363636364,0.2888312394077
24,2,David Ross,Lindsay Arnold,Athlete,United States,40,2,27.0,0.0751732247901086,8.0,9.0,12.0,-0.035714284438775556,0.7071067811865476,5.390701288099013,4,0.5,4.5,27.5,0.6,0.1785563973063973,0.2888312394077,0.08342348485778811,3,0.022727272727272728,1,2.0,12,0.011363636363636364,0.5776624788154
24,3,David Ross,Lindsay Arnold,Athlete,United States,40,2,31.0,0.0797257221399687,5.0,8.0,11.0,0.10714285331632667,2.081665999466132,5.390701288099013,4,0.5,4.5,28.666666666666668,0.6,0.1785563973063973,0.2888312394077,0.08342348485778811,3,0.022727272727272728,1,2.0,12,0.011363636363636364,0.8664937182231001
24,4,David Ross,Lindsay Arnold,Athlete,United States,40,2,31.0,0.0958098595587847,7.0,6.0,10.0,0.10714285331632667,2.309401076758502,5.390701288099013,4,0.5,4.5,29.666666666666668,0.6,0.1785563973063973,0.2888312394077,0.08342348485778811,3,0.022727272727272728,1,2.0,12,0.011363636363636364,1.1553249576308
24,5,David Ross,Lindsay Arnold,Athlete,United States,40,2,29.0,0.103610753701358,9.0,7.0,9.0,0.035714284438775556,1.1547005383792484,5.390701288099013,4,0.5,4.5,30.333333333333332,0.6,0.1785563973063973,0.2888312394077,0.08342348485778811,3,0.022727272727272728,1,2.0,12,0.011363636363636364,1.4441561970385
24,6,David Ross,Lindsay Arnold,Athlete,United States,40,2,31.0,0.1400473846144447,7.0,2.0,8.0,0.10714285331632667,1.1547005383792484,5.390701288099013,4,0.5,4.5,30.333333333333332,0.6,0.1785563973063973,0.2888312394077,0.08342348485778811,3,0.022727272727272728,1,2.0,12,0.011363636363636364,1.7329874364462001
24,7,David Ross,Lindsay Arnold,Athlete,United States,40,2,32.0,0.2086878824243118,6.0,1.0,7.0,0.14285713775510223,1.5275252316519436,5.390701288099013,4,0.5,4.5,30.666666666666668,0.6,0.1785563973063973,0.2888312394077,0.08342348485778811,3,0.022727272727272728,1,2.0,12,0.011363636363636364,2.0218186758539
24,8,David Ross,Lindsay Arnold,Athlete,United States,40,2,32.5,0.2173572531359635,4.0,2.0,5.0,0.16071427997449,0.7637626158259667,5.390701288099013,4,0.5,4.5,31.833333333333332,0.6,0.1785563973063973,0.2888312394077,0.08342348485778811,3,0.022727272727272728,1,2.0,12,0.011363636363636364,2.3106499152616
24,9,David Ross,Lindsay Arnold,Athlete,United States,40,2,35.0,0.2690716171050757,4.0,1.0,4.0,0.24999999107142887,1.6072751268321572,5.390701288099013,4,0.5,4.5,33.166666666666664,0.6,0.1785563973063973,0.2888312394077,0.08342348485778811,3,0.022727272727272728,1,2.0,12,0.011363636363636364,2.5994811546693
24,10,David Ross,Lindsay Arnold,Athlete,United States,40,2,36.3333,0.3651183494543445,3.0,1.0,3.0,0.29761784651364837,1.9460163488521873,5.390701288099013,4,0.5,4.5,34.6111,0.6,0.1785563973063973,0.2888312394077,0.08342348485778811,3,0.022727272727272728,1,2.0,12,0.011363636363636364,2.888312394077
24,1,Rashad Jennings,Emma Slater,Athlete,United States,32,1,31.0,0.1050754804029276,2.0,4.0,12.0,0.0,0.0,5.390701288099013,6,0.0,8.833333333333334,31.0,0.1875,0.1785563973063973,-0.3326986729016244,0.11068840695050207,3,0.022727272727272728,1,2.0,18,0.0,-0.3326986729016244
24,2,Rashad Jennings,Emma Slater,Athlete,United States,32,1,32.0,0.0892566555213869,1.5,6.0,12.0,0.032258063475546335,0.7071067811865476,5.390701288099013,6,0.0,8.833333333333334,31.5,0.1875,0.1785563973063973,-0.3326986729016244,0.11068840695050207,3,0.022727272727272728,1,2.0,18,0.0,-0.6653973458032488
24,3,Rashad Jennings,Emma Slater,Athlete,United States,32,1,28.0,0.1039637773485261,6.0,3.0,11.0,-0.09677419042663901,2.081665999466132,5.390701288099013,6,0.0,8.833333333333334,30.333333333333332,0.1875,0.1785563973063973,-0.3326986729016244,0.11068840695050207,3,0.022727272727272728,1,2.0,18,0.0,-0.9980960187048733
24,4,Rashad Jennings,Emma Slater,Athlete,United States,32,1,39.0,0.1008894310666053,1.0,4.0,10.0,0.2580645078043707,5.5677643628300215,5.390701288099013,6,0.0,8.833333333333334,33.0,0.1875,0.1785563973063973,-0.3326986729016244,0.11068840695050207,3,0.022727272727272728,1,2.0,18,0.0,-1.3307946916064977
24,5,Rashad Jennings,Emma Slater,Athlete,United States,32,1,32.0,0.1091855755868978,6.5,5.0,9.0,0.032258063475546335,5.5677643628300215,5.390701288099013,6,0.0,8.833333333333334,33.0,0.1875,0.1785563973063973,-0.3326986729016244,0.11068840695050207,3,0.022727272727272728,1,2.0,18,0.0,-1.663493364508122
24,6,Rashad Jennings,Emma Slater,Athlete,United States,32,1,35.0,0.1193217589369448,3.0,7.0,8.0,0.12903225390218534,3.5118845842842457,5.390701288099013,6,0.0,8.833333333333334,35.333333333333336,0.1875,0.1785563973063973,-0.3326986729016244,0.11068840695050207,3,0.022727272727272728,1,2.0,18,0.0,-1.9961920374097466
24,7,Rashad Jennings,Emma Slater,Athlete,United States,32,1,39.0,0.16428320701965,2.5,5.0,7.0,0.2580645078043707,3.5118845842842457,5.390701288099013,6,0.0,8.833333333333334,35.333333333333336,0.1875,0.1785563973063973,-0.3326986729016244,0.11068840695050207,3,0.022727272727272728,1,2.0,18,0.0,-2.328890710311371
24,8,Rashad Jennings,Emma Slater,Athlete,United States,32,1,37.5,0.2181982673270834,2.0,1.0,5.0,0.2096774125910512,2.020725942163688,5.390701288099013,6,0.0,8.833333333333334,37.166666666666664,0.1875,0.1785563973063973,-0.3326986729016244,0.11068840695050207,3,0.022727272727272728,1,2.0,18,0.0,-2.6615893832129953
24,9,Rashad Jennings,Emma Slater,Athlete,United States,32,1,38.5,0.2590251711729259,2.0,3.0,4.0,0.24193547606659754,0.7637626158259703,5.390701288099013,6,0.0,8.833333333333334,38.333333333333336,0.1875,0.1785563973063973,-0.3326986729016244,0.11068840695050207,3,0.022727272727272728,1,2.0,18,0.0,-2.9942880561146197
24,10,Rashad Jennings,Emma Slater,Athlete,United States,32,1,39.6666,0.3029014738318724,1.0,3.0,3.0,0.27956773291716996,1.0843670288852068,5.390701288099013,6,0.0,8.833333333333334,38.55553333333334,0.1875,0.1785563973063973,-0.3326986729016244,0.11068840695050207,3,0.022727272727272728,1,2.0,18,0.0,-3.326986729016244
24,1,Chris Kattan,Witney Carson,Comedian,United States,46,12,17.0,0.0231969845813278,12.0,11.0,12.0,0.0,0.0,5.390701288099013,6,0.16666666666666666,6.0,17.0,0.14285714285714285,0.1785563973063973,0.7549786736396934,0.5699927976507507,1,0.5,1,-1.0,6,0.08333333333333333,0.7549786736396934
24,2,Chris Kattan,Witney Carson,Comedian,United States,46,12,22.0,0.0454636459795928,11.5,12.0,12.0,0.2941176297577865,0.0,5.390701288099013,6,0.16666666666666666,6.0,19.5,0.14285714285714285,0.1785563973063973,0.7549786736396934,0.5699927976507507,1,0.5,1,-1.0,6,0.08333333333333333,1.5099573472793868
24,1,Erika Jayne,Gleb Savchenko,Singer/Rapper,United States,45,9,24.0,0.1632004233515908,7.5,1.0,12.0,0.0,0.0,5.390701288099013,2,0.0,7.0,24.0,0.3076923076923077,0.1785563973063973,0.6772874346010278,0.45871826906844154,2,0.06666666666666667,1,-6.5,4,0.0,0.6772874346010278
24,2,Erika Jayne,Gleb Savchenko,Singer/Rapper,United States,45,9,28.0,0.076684349793891,6.0,8.0,12.0,0.1666666597222225,2.8284271247461903,5.390701288099013,2,0.0,7.0,26.0,0.3076923076923077,0.1785563973063973,0.6772874346010278,0.45871826906844154,2,0.06666666666666667,1,-6.5,4,0.0,1.3545748692020556
24,3,Erika Jayne,Gleb Savchenko,Singer/Rapper,United States,45,9,26.0,0.0871981362763293,7.5,6.0,11.0,0.08333332986111125,2.0,5.390701288099013,2,0.0,7.0,26.0,0.3076923076923077,0.1785563973063973,0.6772874346010278,0.45871826906844154,2,0.06666666666666667,1,-6.5,4,0.0,2.0318623038030834
24,4,Erika Jayne,Gleb Savchenko,Singer/Rapper,United States,45,9,30.0,0.0907886148103272,8.5,7.0,10.0,0.24999998958333375,2.0,5.390701288099013,2,0.0,7.0,28.0,0.3076923076923077,0.1785563973063973,0.6772874346010278,0.45871826906844154,2,0.06666666666666667,1,-6.5,4,0.0,2.709149738404111
24,5,Erika Jayne,Gleb Savchenko,Singer/Rapper,United States,45,9,32.0,0.0921972520945402,6.5,9.0,9.0,0.333333319444445,3.0550504633038935,5.390701288099013,2,0.0,7.0,29.333333333333332,0.3076923076923077,0.1785563973063973,0.6772874346010278,0.45871826906844154,2,0.06666666666666667,1,-6.5,4,0.0,3.386437173005139
24,1,Normani,Valentin Chmerkovskiy,Singer/Rapper,United States,20,3,27.0,0.099593504363745,6.0,5.0,12.0,0.0,0.0,5.390701288099013,11,0.5454545454545454,4.636363636363637,27.0,0.10526315789473684,0.1785563973063973,-1.264993541365611,1.60020865969671,2,0.06666666666666667,1,-1.0,22,0.03636363636363636,-1.264993541365611
24,2,Normani,Valentin Chmerkovskiy,Singer/Rapper,United States,20,3,32.0,0.0976098647529115,1.5,3.0,12.0,0.18518517832647488,3.5355339059327378,5.390701288099013,11,0.5454545454545454,4.636363636363637,29.5,0.10526315789473684,0.1785563973063973,-1.264993541365611,1.60020865969671,2,0.06666666666666667,1,-1.0,22,0.03636363636363636,-2.529987082731222
24,3,Normani,Valentin Chmerkovskiy,Singer/Rapper,United States,20,3,34.0,0.1090359584765666,1.0,2.0,11.0,0.2592592496570648,3.605551275463989,5.390701288099013,11,0.5454545454545454,4.636363636363637,31.0,0.10526315789473684,0.1785563973063973,-1.264993541365611,1.60020865969671,2,0.06666666666666667,1,-1.0,22,0.03636363636363636,-3.794980624096833
24,4,Normani,Valentin Chmerkovskiy,Singer/Rapper,United States,20,3,32.0,0.1117151473333262,5.5,2.0,10.0,0.18518517832647488,1.154700538379251,5.390701288099013,11,0.5454545454545454,4.636363636363637,32.666666666666664,0.10526315789473684,0.1785563973063973,-1.264993541365611,1.60020865969671,2,0.06666666666666667,1,-1.0,22,0.03636363636363636,-5.059974165462444
24,5,Normani,Valentin Chmerkovskiy,Singer/Rapper,United States,20,3,39.0,0.1120797611289649,1.0,4.0,9.0,0.44444442798353967,3.605551275463989,5.390701288099013,11,0.5454545454545454,4.636363636363637,35.0,0.10526315789473684,0.1785563973063973,-1.264993541365611,1.60020865969671,2,0.06666666666666667,1,-1.0,22,0.03636363636363636,-6.324967706828055
24,6,Normani,Valentin Chmerkovskiy,Singer/Rapper,United States,20,3,36.0,0.1276575576025231,2.0,3.0,8.0,0.3333333209876548,3.5118845842842465,5.390701288099013,11,0.5454545454545454,4.636363636363637,35.666666666666664,0.10526315789473684,0.1785563973063973,-1.264993541365611,1.60020865969671,2,0.06666666666666667,1,-1.0,22,0.03636363636363636,-7.589961248193666
24,7,Normani,Valentin Chmerkovskiy,Singer/Rapper,United States,20,3,42.0,0.1918131936888736,1.0,2.0,7.0,0.5555555349794246,3.0000000000000013,5.390701288099013,11,0.5454545454545454,4.636363636363637,39.0,0.10526315789473684,0.1785563973063973,-1.264993541365611,1.60020865969671,2,0.06666666666666667,1,-1.0,22,0.03636363636363636,-8.854954789559278
24,8,Normani,Valentin Chmerkovskiy,Singer/Rapper,United States,20,3,39.5,0.2035441437210785,1.0,3.0,5.0,0.4629629458161872,3.0138568866708555,5.390701288099013,11,0.5454545454545454,4.636363636363637,39.166666666666664,0.10526315789473684,0.1785563973063973,-1.264993541365611,1.60020865969671,2,0.06666666666666667,1,-1.0,22,0.03636363636363636,-10.119948330924888
24,9,Normani,Valentin Chmerkovskiy,Singer/Rapper,United States,20,3,38.0,0.2646838596192819,3.0,2.0,4.0,0.4074073923182447,2.0207259421636943,5.390701288099013,11,0.5454545454545454,4.636363636363637,39.833333333333336,0.10526315789473684,0.1785563973063973,-1.264993541365611,1.60020865969671,2,0.06666666666666667,1,-1.0,22,0.03636363636363636,-11.384941872290499
24,10,Normani,Valentin Chmerkovskiy,Singer/Rapper,United States,20,3,39.333200000000005,0.3319801767137829,2.0,2.0,3.0,0.45678516826721616,0.8221156123076744,5.390701288099013,11,0.5454545454545454,4.636363636363637,38.9444,0.10526315789473684,0.1785563973063973,-1.264993541365611,1.60020865969671,2,0.06666666666666667,1,-1.0,22,0.03636363636363636,-12.64993541365611
24,1,Nick Viall,Peta Murgatroyd,TV Personality,United States,36,6,24.0,0.0319491547475929,7.5,10.0,12.0,0.0,0.0,5.390701288099013,9,0.2222222222222222,5.777777777777778,24.0,0.13333333333333333,0.1785563973063973,-0.021933716746962203,0.0004810879303359702,1,0.14285714285714285,1,2.5,9,0.031746031746031744,-0.021933716746962203
24,2,Nick Viall,Peta Murgatroyd,TV Personality,United States,36,6,25.0,0.0998285000306253,9.5,2.0,12.0,0.041666664930555625,0.7071067811865476,5.390701288099013,9,0.2222222222222222,5.777777777777778,24.5,0.13333333333333333,0.1785563973063973,-0.021933716746962203,0.0004810879303359702,1,0.14285714285714285,1,2.5,9,0.031746031746031744,-0.043867433493924406
24,3,Nick Viall,Peta Murgatroyd,TV Personality,United States,36,6,26.0,0.0986525718482872,7.5,4.0,11.0,0.08333332986111125,1.0,5.390701288099013,9,0.2222222222222222,5.777777777777778,25.0,0.13333333333333333,0.1785563973063973,-0.021933716746962203,0.0004810879303359702,1,0.14285714285714285,1,2.5,9,0.031746031746031744,-0.0658011502408866
24,4,Nick Viall,Peta Murgatroyd,TV Personality,United States,36,6,30.0,0.1098643849800807,8.5,3.0,10.0,0.24999998958333375,2.6457513110645907,5.390701288099013,9,0.2222222222222222,5.777777777777778,27.0,0.13333333333333333,0.1785563973063973,-0.021933716746962203,0.0004810879303359702,1,0.14285714285714285,1,2.5,9,0.031746031746031744,-0.08773486698784881
24,5,Nick Viall,Peta Murgatroyd,TV Personality,United States,36,6,34.0,0.1271788249482997,4.5,1.0,9.0,0.41666664930555625,4.0,5.390701288099013,9,0.2222222222222222,5.777777777777778,30.0,0.13333333333333333,0.1785563973063973,-0.021933716746962203,0.0004810879303359702,1,0.14285714285714285,1,2.5,9,0.031746031746031744,-0.10966858373481102
24,6,Nick Viall,Peta Murgatroyd,TV Personality,United States,36,6,30.5,0.1266062386911819,8.0,5.0,8.0,0.27083332204861155,2.179449471770337,5.390701288099013,9,0.2222222222222222,5.777777777777778,31.5,0.13333333333333333,0.1785563973063973,-0.021933716746962203,0.0004810879303359702,1,0.14285714285714285,1,2.5,9,0.031746031746031744,-0.1316023004817732
24,7,Nick Viall,Peta Murgatroyd,TV Personality,United States,36,6,34.0,0.0387151437492416,5.0,6.0,7.0,0.41666664930555625,2.02072594216369,5.390701288099013,9,0.2222222222222222,5.777777777777778,32.833333333333336,0.13333333333333333,0.1785563973063973,-0.021933716746962203,0.0004810879303359702,1,0.14285714285714285,1,2.5,9,0.031746031746031744,-0.15353601722873542
25,1,Sasha Pieterse,Gleb Savchenko,Actor/Actress,South Africa,21,10,18.0,0.0381054258877314,8.0,9.0,13.0,0.0,0.0,5.794747137069315,3,0.0,7.666666666666667,18.0,0.23076923076923078,0.24059588072745972,-1.1873023023269456,1.4096867571108656,2,0.04,0,1.0,6,0.0,-1.1873023023269456
25,2,Sasha Pieterse,Gleb Savchenko,Actor/Actress,South Africa,21,10,22.5,0.0858969162237119,4.5,7.0,13.0,0.24999998611111188,3.181980515339464,5.794747137069315,3,0.0,7.666666666666667,20.25,0.23076923076923078,0.24059588072745972,-1.1873023023269456,1.4096867571108656,2,0.04,0,1.0,6,0.0,-2.374604604653891
25,3,Sasha Pieterse,Gleb Savchenko,Actor/Actress,South Africa,21,10,19.0,0.0598423840944507,11.0,9.0,11.0,0.055555552469135974,2.362907813126304,5.794747137069315,3,0.0,7.666666666666667,19.833333333333332,0.23076923076923078,0.24059588072745972,-1.1873023023269456,1.4096867571108656,2,0.04,0,1.0,6,0.0,-3.5619069069808367
25,4,Sasha Pieterse,Gleb Savchenko,Actor/Actress,South Africa,21,10,24.0,0.0949635372557794,6.5,4.0,11.0,0.3333333148148158,2.5658007197234425,5.794747137069315,3,0.0,7.666666666666667,21.833333333333332,0.23076923076923078,0.24059588072745972,-1.1873023023269456,1.4096867571108656,2,0.04,0,1.0,6,0.0,-4.749209209307782
25,5,Sasha Pieterse,Gleb Savchenko,Actor/Actress,South Africa,21,10,24.0,0.0776131691135565,8.5,10.0,10.0,0.3333333148148158,2.886751345948129,5.794747137069315,3,0.0,7.666666666666667,22.333333333333332,0.23076923076923078,0.24059588072745972,-1.1873023023269456,1.4096867571108656,2,0.04,0,1.0,6,0.0,-5.936511511634728
25,1,Frankie Muniz,Witney Carson,Actor/Actress,United States,31,3,19.0,0.0356223967240129,5.5,11.0,13.0,0.0,0.0,5.794747137069315,7,0.14285714285714285,6.857142857142857,19.0,0.35714285714285715,0.24059588072745972,-0.41038991194028995,0.16841987982235895,2,0.04,1,5.5,14,0.005714285714285714,-0.41038991194028995
25,2,Frankie Muniz,Witney Carson,Actor/Actress,United States,31,3,24.0,0.0819308016340326,1.5,9.0,13.0,0.26315788088642733,3.5355339059327378,5.794747137069315,7,0.14285714285714285,6.857142857142857,21.5,0.35714285714285715,0.24059588072745972,-0.41038991194028995,0.16841987982235895,2,0.04,1,5.5,14,0.005714285714285714,-0.8207798238805799
25,3,Frankie Muniz,Witney Carson,Actor/Actress,United States,31,3,21.0,0.0639570149931952,8.0,7.0,11.0,0.10526315235457093,2.516611478423583,5.794747137069315,7,0.14285714285714285,6.857142857142857,21.333333333333332,0.35714285714285715,0.24059588072745972,-0.41038991194028995,0.16841987982235895,2,0.04,1,5.5,14,0.005714285714285714,-1.23116973582087
25,4,Frankie Muniz,Witney Carson,Actor/Actress,United States,31,3,24.0,0.0832598120163329,6.5,7.0,11.0,0.26315788088642733,1.7320508075688779,5.794747137069315,7,0.14285714285714285,6.857142857142857,23.0,0.35714285714285715,0.24059588072745972,-0.41038991194028995,0.16841987982235895,2,0.04,1,5.5,14,0.005714285714285714,-1.6415596477611598
25,5,Frankie Muniz,Witney Carson,Actor/Actress,United States,31,3,29.0,0.1093334193552272,2.0,3.0,10.0,0.5263157617728547,4.04145188432738,5.794747137069315,7,0.14285714285714285,6.857142857142857,24.666666666666668,0.35714285714285715,0.24059588072745972,-0.41038991194028995,0.16841987982235895,2,0.04,1,5.5,14,0.005714285714285714,-2.0519495597014497
25,6,Frankie Muniz,Witney Carson,Actor/Actress,United States,31,3,31.0,0.1236709487302321,6.5,3.0,9.0,0.6315789141274255,3.6055512754639882,5.794747137069315,7,0.14285714285714285,6.857142857142857,28.0,0.35714285714285715,0.24059588072745972,-0.41038991194028995,0.16841987982235895,2,0.04,1,5.5,14,0.005714285714285714,-2.46233947164174
25,7,Frankie Muniz,Witney Carson,Actor/Actress,United States,31,3,30.0,0.162433725678639,1.0,2.0,8.0,0.5789473379501401,0.9999999999999964,5.794747137069315,7,0.14285714285714285,6.857142857142857,30.0,0.35714285714285715,0.24059588072745972,-0.41038991194028995,0.16841987982235895,2,0.04,1,5.5,14,0.005714285714285714,-2.87272938358203
25,8,Frankie Muniz,Witney Carson,Actor/Actress,United States,31,3,26.5,0.180657207740906,3.0,2.0,6.0,0.39473682132964094,2.362907813126303,5.794747137069315,7,0.14285714285714285,6.857142857142857,29.166666666666668,0.35714285714285715,0.24059588072745972,-0.41038991194028995,0.16841987982235895,2,0.04,1,5.5,14,0.005714285714285714,-3.2831192955223196
25,9,Frankie Muniz,Witney Carson,Actor/Actress,United States,31,3,25.5,0.237070512422883,4.0,1.0,5.0,0.3421052451523555,2.362907813126303,5.794747137069315,7,0.14285714285714285,6.857142857142857,27.333333333333332,0.35714285714285715,0.24059588072745972,-0.41038991194028995,0.16841987982235895,2,0.04,1,5.5,14,0.005714285714285714,-3.6935092074626095
25,10,Frankie Muniz,Witney Carson,Actor/Actress,United States,31,3,38.8887,0.2822343622105614,3.0,1.0,4.0,1.0467736291171774,7.458073649631876,5.794747137069315,7,0.14285714285714285,6.857142857142857,30.296233333333333,0.35714285714285715,0.24059588072745972,-0.41038991194028995,0.16841987982235895,2,0.04,1,5.5,14,0.005714285714285714,-4.103899119402899
25,1,Jordan Fisher,Lindsay Arnold,Actor/Actress,United States,23,1,22.0,0.0369055637084778,1.5,10.0,13.0,0.0,0.0,5.794747137069315,5,0.6,4.0,22.0,0.1,0.24059588072745972,-1.0319198242496144,1.064858523679355,2,0.04,1,8.5,10,0.024,-1.0319198242496144
25,2,Jordan Fisher,Lindsay Arnold,Actor/Actress,United States,23,1,24.0,0.083101517141341,1.5,8.0,13.0,0.09090908677685969,1.4142135623730951,5.794747137069315,5,0.6,4.0,23.0,0.1,0.24059588072745972,-1.0319198242496144,1.064858523679355,2,0.04,1,8.5,10,0.024,-2.0638396484992287
25,3,Jordan Fisher,Lindsay Arnold,Actor/Actress,United States,23,1,25.0,0.141111571026432,2.0,2.0,11.0,0.13636363016528952,1.5275252316519463,5.794747137069315,5,0.6,4.0,23.666666666666668,0.1,0.24059588072745972,-1.0319198242496144,1.064858523679355,2,0.04,1,8.5,10,0.024,-3.095759472748843
25,4,Jordan Fisher,Lindsay Arnold,Actor/Actress,United States,23,1,29.0,0.0868055722325406,1.0,6.0,11.0,0.3181818037190089,2.6457513110645903,5.794747137069315,5,0.6,4.0,26.0,0.1,0.24059588072745972,-1.0319198242496144,1.064858523679355,2,0.04,1,8.5,10,0.024,-4.1276792969984575
25,5,Jordan Fisher,Lindsay Arnold,Actor/Actress,United States,23,1,30.0,0.1151555746538769,1.0,1.0,10.0,0.36363634710743875,2.6457513110645903,5.794747137069315,5,0.6,4.0,28.0,0.1,0.24059588072745972,-1.0319198242496144,1.064858523679355,2,0.04,1,8.5,10,0.024,-5.159599121248072
25,6,Jordan Fisher,Lindsay Arnold,Actor/Actress,United States,23,1,39.0,0.1153000080636506,2.0,4.0,9.0,0.7727272376033073,5.507570547286103,5.794747137069315,5,0.6,4.0,32.666666666666664,0.1,0.24059588072745972,-1.0319198242496144,1.064858523679355,2,0.04,1,8.5,10,0.024,-6.191518945497686
25,7,Jordan Fisher,Lindsay Arnold,Actor/Actress,United States,23,1,27.0,0.1713210556075876,4.5,1.0,8.0,0.2272727169421492,6.244997998398399,5.794747137069315,5,0.6,4.0,32.0,0.1,0.24059588072745972,-1.0319198242496144,1.064858523679355,2,0.04,1,8.5,10,0.024,-7.2234387697473
25,8,Jordan Fisher,Lindsay Arnold,Actor/Actress,United States,23,1,30.0,0.1723794911240113,1.0,3.0,6.0,0.36363634710743875,6.244997998398399,5.794747137069315,5,0.6,4.0,32.0,0.1,0.24059588072745972,-1.0319198242496144,1.064858523679355,2,0.04,1,8.5,10,0.024,-8.255358593996915
25,9,Jordan Fisher,Lindsay Arnold,Actor/Actress,United States,23,1,29.0,0.2015233552909351,1.0,3.0,5.0,0.3181818037190089,1.5275252316519512,5.794747137069315,5,0.6,4.0,28.666666666666668,0.1,0.24059588072745972,-1.0319198242496144,1.064858523679355,2,0.04,1,8.5,10,0.024,-9.28727841824653
25,10,Jordan Fisher,Lindsay Arnold,Actor/Actress,United States,23,1,40.0,0.2363414950883145,1.5,3.0,4.0,0.8181817809917372,6.082762530298221,5.794747137069315,5,0.6,4.0,33.0,0.1,0.24059588072745972,-1.0319198242496144,1.064858523679355,2,0.04,1,8.5,10,0.024,-10.319198242496144
25,1,Derek Fisher,Sharna Burgess,Athlete,United States,43,11,18.0,0.2046052870957624,8.0,1.0,13.0,0.0,0.0,5.794747137069315,9,0.3333333333333333,5.888888888888889,18.0,0.42857142857142855,0.24059588072745972,0.5219049565236967,0.27238478364400176,3,0.03571428571428571,1,-7.0,27,0.011904761904761904,0.5219049565236967
25,2,Derek Fisher,Sharna Burgess,Athlete,United States,43,11,19.0,0.0901310519847362,11.5,4.0,13.0,0.055555552469135974,0.7071067811865476,5.794747137069315,9,0.3333333333333333,5.888888888888889,18.5,0.42857142857142855,0.24059588072745972,0.5219049565236967,0.27238478364400176,3,0.03571428571428571,1,-7.0,27,0.011904761904761904,1.0438099130473935
25,3,Derek Fisher,Sharna Burgess,Athlete,United States,43,11,21.0,0.0361452164817055,8.0,11.0,11.0,0.1666666574074079,1.5275252316519472,5.794747137069315,9,0.3333333333333333,5.888888888888889,19.333333333333332,0.42857142857142855,0.24059588072745972,0.5219049565236967,0.27238478364400176,3,0.03571428571428571,1,-7.0,27,0.011904761904761904,1.56571486957109
25,4,Derek Fisher,Sharna Burgess,Athlete,United States,43,11,23.0,0.0707611695573612,10.0,11.0,11.0,0.27777776234567986,2.0000000000000004,5.794747137069315,9,0.3333333333333333,5.888888888888889,21.0,0.42857142857142855,0.24059588072745972,0.5219049565236967,0.27238478364400176,3,0.03571428571428571,1,-7.0,27,0.011904761904761904,2.087619826094787
25,1,Nikki Bella,Artem Chigvintsev,Athlete,United States,33,8,20.0,0.0863085556043234,4.0,6.0,13.0,0.0,0.0,5.794747137069315,5,0.0,8.0,20.0,0.3333333333333333,0.24059588072745972,-0.2550074338629589,0.06502879132537134,3,0.03571428571428571,1,2.0,15,0.0,-0.2550074338629589
25,2,Nikki Bella,Artem Chigvintsev,Athlete,United States,33,8,19.5,0.0813719012441029,9.5,10.0,13.0,-0.02499999875000006,0.3535533905932738,5.794747137069315,5,0.0,8.0,19.75,0.3333333333333333,0.24059588072745972,-0.2550074338629589,0.06502879132537134,3,0.03571428571428571,1,2.0,15,0.0,-0.5100148677259178
25,3,Nikki Bella,Artem Chigvintsev,Athlete,United States,33,8,21.0,0.1228522892514946,8.0,4.0,11.0,0.04999999750000012,0.7637626158259728,5.794747137069315,5,0.0,8.0,20.166666666666668,0.3333333333333333,0.24059588072745972,-0.2550074338629589,0.06502879132537134,3,0.03571428571428571,1,2.0,15,0.0,-0.7650223015888766
25,4,Nikki Bella,Artem Chigvintsev,Athlete,United States,33,8,24.0,0.0936532605185054,6.5,5.0,11.0,0.1999999900000005,2.29128784747792,5.794747137069315,5,0.0,8.0,21.5,0.3333333333333333,0.24059588072745972,-0.2550074338629589,0.06502879132537134,3,0.03571428571428571,1,2.0,15,0.0,-1.0200297354518355
25,5,Nikki Bella,Artem Chigvintsev,Athlete,United States,33,8,27.0,0.0999483165181132,4.5,6.0,10.0,0.34999998250000086,3.0,5.794747137069315,5,0.0,8.0,24.0,0.3333333333333333,0.24059588072745972,-0.2550074338629589,0.06502879132537134,3,0.03571428571428571,1,2.0,15,0.0,-1.2750371693147944
25,6,Nikki Bella,Artem Chigvintsev,Athlete,United States,33,8,36.0,0.0881709478164577,4.5,9.0,9.0,0.799999960000002,6.244997998398398,5.794747137069315,5,0.0,8.0,29.0,0.3333333333333333,0.24059588072745972,-0.2550074338629589,0.06502879132537134,3,0.03571428571428571,1,2.0,15,0.0,-1.5300446031777533
25,7,Nikki Bella,Artem Chigvintsev,Athlete,United States,33,8,24.0,0.0390867321793144,8.0,7.0,8.0,0.1999999900000005,6.244997998398398,5.794747137069315,5,0.0,8.0,29.0,0.3333333333333333,0.24059588072745972,-0.2550074338629589,0.06502879132537134,3,0.03571428571428571,1,2.0,15,0.0,-1.7850520370407121
25,1,Terrell Owens,Cheryl Burke,Athlete,United States,43,6,15.0,0.1137308598780835,12.0,3.0,13.0,0.0,0.0,5.794747137069315,19,0.3684210526315789,5.2631578947368425,15.0,0.36,0.24059588072745972,0.5219049565236967,0.27238478364400176,3,0.03571428571428571,1,-9.0,57,0.013157894736842105,0.5219049565236967
25,2,Terrell Owens,Cheryl Burke,Athlete,United States,43,6,19.5,0.0915856722977696,9.5,3.0,13.0,0.29999998000000133,3.181980515339464,5.794747137069315,19,0.3684210526315789,5.2631578947368425,17.25,0.36,0.24059588072745972,0.5219049565236967,0.27238478364400176,3,0.03571428571428571,1,-9.0,57,0.013157894736842105,1.0438099130473935
25,3,Terrell Owens,Cheryl Burke,Athlete,United States,43,6,21.0,0.1720961262442861,8.0,1.0,11.0,0.39999997333333515,3.122498999199199,5.794747137069315,19,0.3684210526315789,5.2631578947368425,18.5,0.36,0.24059588072745972,0.5219049565236967,0.27238478364400176,3,0.03571428571428571,1,-9.0,57,0.013157894736842105,1.56571486957109
25,4,Terrell Owens,Cheryl Burke,Athlete,United States,43,6,24.0,0.1104958886088225,6.5,3.0,11.0,0.5999999600000027,2.29128784747792,5.794747137069315,19,0.3684210526315789,5.2631578947368425,21.5,0.36,0.24059588072745972,0.5219049565236967,0.27238478364400176,3,0.03571428571428571,1,-9.0,57,0.013157894736842105,2.087619826094787
25,5,Terrell Owens,Cheryl Burke,Athlete,United States,43,6,25.0,0.1053675875020516,6.5,4.0,10.0,0.6666666222222252,2.081665999466133,5.794747137069315,19,0.3684210526315789,5.2631578947368425,23.333333333333332,0.36,0.24059588072745972,0.5219049565236967,0.27238478364400176,3,0.03571428571428571,1,-9.0,57,0.013157894736842105,2.6095247826184838
25,6,Terrell Owens,Cheryl Burke,Athlete,United States,43,6,37.0,0.1062956259073293,3.0,6.0,9.0,1.4666665688888956,7.234178138070234,5.794747137069315,19,0.3684210526315789,5.2631578947368425,28.666666666666668,0.36,0.24059588072745972,0.5219049565236967,0.27238478364400176,3,0.03571428571428571,1,-9.0,57,0.013157894736842105,3.13142973914218
25,7,Terrell Owens,Cheryl Burke,Athlete,United States,43,6,24.5,0.1471877398085293,7.0,5.0,8.0,0.6333332911111139,7.076957915187381,5.794747137069315,19,0.3684210526315789,5.2631578947368425,28.833333333333332,0.36,0.24059588072745972,0.5219049565236967,0.27238478364400176,3,0.03571428571428571,1,-9.0,57,0.013157894736842105,3.653334695665877
25,8,Terrell Owens,Cheryl Burke,Athlete,United States,43,6,25.5,0.1388914462516317,4.0,6.0,6.0,0.6999999533333365,6.946221994724902,5.794747137069315,19,0.3684210526315789,5.2631578947368425,29.0,0.36,0.24059588072745972,0.5219049565236967,0.27238478364400176,3,0.03571428571428571,1,-9.0,57,0.013157894736842105,4.175239652189574
25,1,Victoria Arlen,Valentin Chmerkovskiy,Athlete,United States,22,5,19.0,0.1097875486474979,5.5,4.0,13.0,0.0,0.0,5.794747137069315,12,0.5833333333333334,4.5,19.0,0.10526315789473684,0.24059588072745972,-1.10961106328828,1.2312367117717475,3,0.03571428571428571,1,-1.5,36,0.020833333333333332,-1.10961106328828
25,2,Victoria Arlen,Valentin Chmerkovskiy,Athlete,United States,22,5,22.0,0.0882504972906834,6.0,6.0,13.0,0.15789472853185638,2.1213203435596424,5.794747137069315,12,0.5833333333333334,4.5,20.5,0.10526315789473684,0.24059588072745972,-1.10961106328828,1.2312367117717475,3,0.03571428571428571,1,-1.5,36,0.020833333333333332,-2.21922212657656
25,3,Victoria Arlen,Valentin Chmerkovskiy,Athlete,United States,22,5,22.0,0.0405224908503259,5.0,10.0,11.0,0.15789472853185638,1.7320508075688772,5.794747137069315,12,0.5833333333333334,4.5,21.0,0.10526315789473684,0.24059588072745972,-1.10961106328828,1.2312367117717475,3,0.03571428571428571,1,-1.5,36,0.020833333333333332,-3.3288331898648402
25,4,Victoria Arlen,Valentin Chmerkovskiy,Athlete,United States,22,5,27.0,0.0795887667683755,2.0,9.0,11.0,0.4210526094182837,2.886751345948128,5.794747137069315,12,0.5833333333333334,4.5,23.666666666666668,0.10526315789473684,0.24059588072745972,-1.10961106328828,1.2312367117717475,3,0.03571428571428571,1,-1.5,36,0.020833333333333332,-4.43844425315312
25,5,Victoria Arlen,Valentin Chmerkovskiy,Athlete,United States,22,5,27.0,0.0978347401640634,4.5,7.0,10.0,0.4210526094182837,2.886751345948128,5.794747137069315,12,0.5833333333333334,4.5,25.333333333333332,0.10526315789473684,0.24059588072745972,-1.10961106328828,1.2312367117717475,3,0.03571428571428571,1,-1.5,36,0.020833333333333332,-5.548055316441401
25,6,Victoria Arlen,Valentin Chmerkovskiy,Athlete,United States,22,5,31.0,0.1413139225170219,6.5,1.0,9.0,0.6315789141274255,2.3094010767585034,5.794747137069315,12,0.5833333333333334,4.5,28.333333333333332,0.10526315789473684,0.24059588072745972,-1.10961106328828,1.2312367117717475,3,0.03571428571428571,1,-1.5,36,0.020833333333333332,-6.6576663797296805
25,7,Victoria Arlen,Valentin Chmerkovskiy,Athlete,United States,22,5,28.5,0.1614766481747123,2.5,3.0,8.0,0.4999999736842119,2.020725942163691,5.794747137069315,12,0.5833333333333334,4.5,28.833333333333332,0.10526315789473684,0.24059588072745972,-1.10961106328828,1.2312367117717475,3,0.03571428571428571,1,-1.5,36,0.020833333333333332,-7.76727744301796
25,8,Victoria Arlen,Valentin Chmerkovskiy,Athlete,United States,22,5,24.0,0.162038784460648,5.0,4.0,6.0,0.26315788088642733,3.5472994422987942,5.794747137069315,12,0.5833333333333334,4.5,27.833333333333332,0.10526315789473684,0.24059588072745972,-1.10961106328828,1.2312367117717475,3,0.03571428571428571,1,-1.5,36,0.020833333333333332,-8.87688850630624
25,9,Victoria Arlen,Valentin Chmerkovskiy,Athlete,United States,22,5,28.0,0.1501466161246369,3.0,5.0,5.0,0.47368418559556913,2.466441431158124,5.794747137069315,12,0.5833333333333334,4.5,26.833333333333332,0.10526315789473684,0.24059588072745972,-1.10961106328828,1.2312367117717475,3,0.03571428571428571,1,-1.5,36,0.020833333333333332,-9.986499569594521
25,1,Barbara Corcoran,Keo Motsepe,Entrepreneur,United States,68,13,14.0,0.0159517068624859,13.0,12.0,13.0,0.0,0.0,5.794747137069315,5,0.0,10.8,14.0,0.1111111111111111,0.24059588072745972,2.4641859324903357,6.072212309883265,1,0.5,1,-1.0,5,0.0,2.4641859324903357
25,2,Barbara Corcoran,Keo Motsepe,Entrepreneur,United States,68,13,17.0,0.0246251837017124,13.0,12.0,13.0,0.21428569897959293,0.0,5.794747137069315,5,0.0,10.8,15.5,0.1111111111111111,0.24059588072745972,2.4641859324903357,6.072212309883265,1,0.5,1,-1.0,5,0.0,4.928371864980671
25,1,Lindsey Stirling,Mark Ballas,Musician,United States,31,2,22.0,0.1093935975424725,1.5,5.0,13.0,0.0,0.0,5.794747137069315,18,0.4444444444444444,5.555555555555555,22.0,0.047619047619047616,0.24059588072745972,-0.41038991194028995,0.16841987982235895,2,0.1,1,3.5,36,0.044444444444444446,-0.41038991194028995
25,2,Lindsey Stirling,Mark Ballas,Musician,United States,31,2,22.5,0.0894703151890394,4.5,5.0,13.0,0.022727271694214922,0.3535533905932738,5.794747137069315,18,0.4444444444444444,5.555555555555555,22.25,0.047619047619047616,0.24059588072745972,-0.41038991194028995,0.16841987982235895,2,0.1,1,3.5,36,0.044444444444444446,-0.8207798238805799
25,3,Lindsey Stirling,Mark Ballas,Musician,United States,31,2,27.0,0.0721502522518586,1.0,6.0,11.0,0.2272727169421492,2.7537852736430515,5.794747137069315,18,0.4444444444444444,5.555555555555555,23.833333333333332,0.047619047619047616,0.24059588072745972,-0.41038991194028995,0.16841987982235895,2,0.1,1,3.5,36,0.044444444444444446,-1.23116973582087
25,4,Lindsey Stirling,Mark Ballas,Musician,United States,31,2,26.0,0.0803515695990699,3.0,8.0,11.0,0.18181817355371938,2.362907813126305,5.794747137069315,18,0.4444444444444444,5.555555555555555,25.166666666666668,0.047619047619047616,0.24059588072745972,-0.41038991194028995,0.16841987982235895,2,0.1,1,3.5,36,0.044444444444444446,-1.6415596477611598
25,5,Lindsey Stirling,Mark Ballas,Musician,United States,31,2,28.0,0.0878012173281416,3.0,9.0,10.0,0.27272726033057904,1.0,5.794747137069315,18,0.4444444444444444,5.555555555555555,27.0,0.047619047619047616,0.24059588072745972,-0.41038991194028995,0.16841987982235895,2,0.1,1,3.5,36,0.044444444444444446,-2.0519495597014497
25,6,Lindsey Stirling,Mark Ballas,Musician,United States,31,2,40.0,0.0925633913662806,1.0,8.0,9.0,0.8181817809917372,7.571877794400366,5.794747137069315,18,0.4444444444444444,5.555555555555555,31.333333333333332,0.047619047619047616,0.24059588072745972,-0.41038991194028995,0.16841987982235895,2,0.1,1,3.5,36,0.044444444444444446,-2.46233947164174
25,7,Lindsey Stirling,Mark Ballas,Musician,United States,31,2,25.5,0.139698228138007,6.0,6.0,8.0,0.15909090185950445,7.751343969488992,5.794747137069315,18,0.4444444444444444,5.555555555555555,31.166666666666668,0.047619047619047616,0.24059588072745972,-0.41038991194028995,0.16841987982235895,2,0.1,1,3.5,36,0.044444444444444446,-2.87272938358203
25,8,Lindsey Stirling,Mark Ballas,Musician,United States,31,2,27.0,0.1556639755658293,2.0,5.0,6.0,0.2272727169421492,7.9739158092704585,5.794747137069315,18,0.4444444444444444,5.555555555555555,30.833333333333332,0.047619047619047616,0.24059588072745972,-0.41038991194028995,0.16841987982235895,2,0.1,1,3.5,36,0.044444444444444446,-3.2831192955223196
25,9,Lindsey Stirling,Mark Ballas,Musician,United States,31,2,28.5,0.1958896693198601,2.0,4.0,5.0,0.295454532024794,1.5000000000000024,5.794747137069315,18,0.4444444444444444,5.555555555555555,27.0,0.047619047619047616,0.24059588072745972,-0.41038991194028995,0.16841987982235895,2,0.1,1,3.5,36,0.044444444444444446,-3.6935092074626095
25,10,Lindsey Stirling,Mark Ballas,Musician,United States,31,2,40.0,0.2331905409127699,1.5,4.0,4.0,0.8181817809917372,7.112196097783957,5.794747137069315,18,0.4444444444444444,5.555555555555555,31.833333333333332,0.047619047619047616,0.24059588072745972,-0.41038991194028995,0.16841987982235895,2,0.1,1,3.5,36,0.044444444444444446,-4.103899119402899
25,1,Debbie Gibson,Alan Bersten,Singer/Rapper,United States,47,12,17.0,0.0023028092463132,10.0,13.0,13.0,0.0,0.0,5.794747137069315,0,0.0,6.0,17.0,0.2222222222222222,0.24059588072745972,0.8326699126783589,0.6933391834797858,2,0.125,1,3.0,0,0.0,0.8326699126783589
25,2,Debbie Gibson,Alan Bersten,Singer/Rapper,United States,47,12,20.5,0.0118302998930201,7.5,13.0,13.0,0.20588234083045054,0.0,5.794747137069315,0,0.0,6.0,18.75,0.2222222222222222,0.24059588072745972,0.8326699126783589,0.6933391834797858,2,0.125,1,3.0,0,0.0,1.6653398253567178
25,1,Nick Lachey,Peta Murgatroyd,Singer/Rapper,United States,43,9,18.0,0.1580357989526278,8.0,2.0,13.0,0.0,0.0,5.794747137069315,10,0.2,5.8,18.0,0.06666666666666667,0.24059588072745972,0.5219049565236967,0.27238478364400176,2,0.125,1,-6.0,20,0.025,0.5219049565236967
25,2,Nick Lachey,Peta Murgatroyd,Singer/Rapper,United States,43,9,19.0,0.0795970941225097,11.5,11.0,13.0,0.055555552469135974,0.7071067811865476,5.794747137069315,10,0.2,5.8,18.5,0.06666666666666667,0.24059588072745972,0.5219049565236967,0.27238478364400176,2,0.125,1,-6.0,20,0.025,1.0438099130473935
25,3,Nick Lachey,Peta Murgatroyd,Singer/Rapper,United States,43,9,21.0,0.1366008593097344,8.0,3.0,11.0,0.1666666574074079,1.5275252316519472,5.794747137069315,10,0.2,5.8,19.333333333333332,0.06666666666666667,0.24059588072745972,0.5219049565236967,0.27238478364400176,2,0.125,1,-6.0,20,0.025,1.56571486957109
25,4,Nick Lachey,Peta Murgatroyd,Singer/Rapper,United States,43,9,22.0,0.1106357273435031,11.0,2.0,11.0,0.2222222098765439,1.5275252316519472,5.794747137069315,10,0.2,5.8,20.666666666666668,0.06666666666666667,0.24059588072745972,0.5219049565236967,0.27238478364400176,2,0.125,1,-6.0,20,0.025,2.087619826094787
25,5,Nick Lachey,Peta Murgatroyd,Singer/Rapper,United States,43,9,22.0,0.0930136275068694,10.0,8.0,10.0,0.2222222098765439,0.5773502691896255,5.794747137069315,10,0.2,5.8,21.666666666666668,0.06666666666666667,0.24059588072745972,0.5219049565236967,0.27238478364400176,2,0.125,1,-6.0,20,0.025,2.6095247826184838
25,6,Nick Lachey,Peta Murgatroyd,Singer/Rapper,United States,43,9,26.0,0.0970595931371793,9.0,7.0,9.0,0.4444444197530878,2.3094010767585034,5.794747137069315,10,0.2,5.8,23.333333333333332,0.06666666666666667,0.24059588072745972,0.5219049565236967,0.27238478364400176,2,0.125,1,-6.0,20,0.025,3.13142973914218
25,1,Drew Scott,Emma Slater,TV Personality,Canada,39,4,16.0,0.0482145912855901,11.0,7.0,13.0,0.0,0.0,5.794747137069315,7,0.14285714285714285,7.714285714285714,16.0,0.125,0.24059588072745972,0.21114000036903446,0.04458009975583587,1,0.058823529411764705,0,-4.0,7,0.008403361344537815,0.21114000036903446
25,2,Drew Scott,Emma Slater,TV Personality,Canada,39,4,20.5,0.0924583596639322,7.5,2.0,13.0,0.2812499824218761,3.181980515339464,5.794747137069315,7,0.14285714285714285,7.714285714285714,18.25,0.125,0.24059588072745972,0.21114000036903446,0.04458009975583587,1,0.058823529411764705,0,-4.0,7,0.008403361344537815,0.42228000073806893
25,3,Drew Scott,Emma Slater,TV Personality,Canada,39,4,23.0,0.0947168511162042,3.5,5.0,11.0,0.4374999726562517,3.5472994422987942,5.794747137069315,7,0.14285714285714285,7.714285714285714,19.833333333333332,0.125,0.24059588072745972,0.21114000036903446,0.04458009975583587,1,0.058823529411764705,0,-4.0,7,0.008403361344537815,0.6334200011071034
25,4,Drew Scott,Emma Slater,TV Personality,Canada,39,4,24.0,0.0762548238069495,6.5,10.0,11.0,0.4999999687500019,1.8027756377319961,5.794747137069315,7,0.14285714285714285,7.714285714285714,22.5,0.125,0.24059588072745972,0.21114000036903446,0.04458009975583587,1,0.058823529411764705,0,-4.0,7,0.008403361344537815,0.8445600014761379
25,5,Drew Scott,Emma Slater,TV Personality,Canada,39,4,25.0,0.1040155248515074,6.5,5.0,10.0,0.5624999648437522,1.0000000000000027,5.794747137069315,7,0.14285714285714285,7.714285714285714,24.0,0.125,0.24059588072745972,0.21114000036903446,0.04458009975583587,1,0.058823529411764705,0,-4.0,7,0.008403361344537815,1.0557000018451723
25,6,Drew Scott,Emma Slater,TV Personality,Canada,39,4,30.0,0.1119522497263095,8.0,5.0,9.0,0.8749999453125034,3.2145502536643193,5.794747137069315,7,0.14285714285714285,7.714285714285714,26.333333333333332,0.125,0.24059588072745972,0.21114000036903446,0.04458009975583587,1,0.058823529411764705,0,-4.0,7,0.008403361344537815,1.2668400022142068
25,7,Drew Scott,Emma Slater,TV Personality,Canada,39,4,28.5,0.153647658702175,2.5,4.0,8.0,0.781249951171878,2.5658007197234443,5.794747137069315,7,0.14285714285714285,7.714285714285714,27.833333333333332,0.125,0.24059588072745972,0.21114000036903446,0.04458009975583587,1,0.058823529411764705,0,-4.0,7,0.008403361344537815,1.4779800025832412
25,8,Drew Scott,Emma Slater,TV Personality,Canada,39,4,23.5,0.1903690948569735,6.0,1.0,6.0,0.4687499707031268,3.403429642777024,5.794747137069315,7,0.14285714285714285,7.714285714285714,27.333333333333332,0.125,0.24059588072745972,0.21114000036903446,0.04458009975583587,1,0.058823529411764705,0,-4.0,7,0.008403361344537815,1.6891200029522757
25,9,Drew Scott,Emma Slater,TV Personality,Canada,39,4,24.0,0.2153698468416849,5.0,2.0,5.0,0.4999999687500019,2.753785273643052,5.794747137069315,7,0.14285714285714285,7.714285714285714,25.333333333333332,0.125,0.24059588072745972,0.21114000036903446,0.04458009975583587,1,0.058823529411764705,0,-4.0,7,0.008403361344537815,1.9002600033213102
25,10,Drew Scott,Emma Slater,TV Personality,Canada,39,4,37.5,0.2482336017883542,4.0,2.0,4.0,1.34374991601563,7.942501704962571,5.794747137069315,7,0.14285714285714285,7.714285714285714,28.333333333333332,0.125,0.24059588072745972,0.21114000036903446,0.04458009975583587,1,0.058823529411764705,0,-4.0,7,0.008403361344537815,2.1114000036903446
25,1,Vanessa Lachey,Maksim Chmerkoskiy,TV Personality,Philippines,36,7,21.0,0.0410358585646209,3.0,8.0,13.0,0.0,0.0,5.794747137069315,16,0.3125,5.9375,21.0,0.058823529411764705,0.24059588072745972,-0.021933716746962203,0.0004810879303359702,1,0.058823529411764705,0,5.0,16,0.01838235294117647,-0.021933716746962203
25,2,Vanessa Lachey,Maksim Chmerkoskiy,TV Personality,Philippines,36,7,23.5,0.0997503896134081,3.0,1.0,13.0,0.11904761337868507,1.7677669529663689,5.794747137069315,16,0.3125,5.9375,22.25,0.058823529411764705,0.24059588072745972,-0.021933716746962203,0.0004810879303359702,1,0.058823529411764705,0,5.0,16,0.01838235294117647,-0.043867433493924406
25,3,Vanessa Lachey,Maksim Chmerkoskiy,TV Personality,Philippines,36,7,23.0,0.0600049443803123,3.5,8.0,11.0,0.09523809070294806,1.3228756555322954,5.794747137069315,16,0.3125,5.9375,22.5,0.058823529411764705,0.24059588072745972,-0.021933716746962203,0.0004810879303359702,1,0.058823529411764705,0,5.0,16,0.01838235294117647,-0.0658011502408866
25,4,Vanessa Lachey,Maksim Chmerkoskiy,TV Personality,Philippines,36,7,24.0,0.1132298722927598,6.5,1.0,11.0,0.14285713605442207,0.5,5.794747137069315,16,0.3125,5.9375,23.5,0.058823529411764705,0.24059588072745972,-0.021933716746962203,0.0004810879303359702,1,0.058823529411764705,0,5.0,16,0.01838235294117647,-0.08773486698784881
25,5,Vanessa Lachey,Maksim Chmerkoskiy,TV Personality,Philippines,36,7,24.0,0.1099168230065925,8.5,2.0,10.0,0.14285713605442207,0.5773502691896255,5.794747137069315,16,0.3125,5.9375,23.666666666666668,0.058823529411764705,0.24059588072745972,-0.021933716746962203,0.0004810879303359702,1,0.058823529411764705,0,5.0,16,0.01838235294117647,-0.10966858373481102
25,6,Vanessa Lachey,Maksim Chmerkoskiy,TV Personality,Philippines,36,7,36.0,0.1236733127355388,4.5,2.0,9.0,0.7142856802721105,6.928203230275509,5.794747137069315,16,0.3125,5.9375,28.0,0.058823529411764705,0.24059588072745972,-0.021933716746962203,0.0004810879303359702,1,0.058823529411764705,0,5.0,16,0.01838235294117647,-0.1316023004817732
25,7,Vanessa Lachey,Maksim Chmerkoskiy,TV Personality,Philippines,36,7,27.0,0.0251482117110351,4.5,8.0,8.0,0.28571427210884415,6.244997998398398,5.794747137069315,16,0.3125,5.9375,29.0,0.058823529411764705,0.24059588072745972,-0.021933716746962203,0.0004810879303359702,1,0.058823529411764705,0,5.0,16,0.01838235294117647,-0.15353601722873542
26,1,Jamie Anderson,Artem Chigvintsev,Athlete,United States,27,10,19.0,0.0255658652160101,8.0,10.0,10.0,0.0,0.0,6.838803314120884,6,0.0,8.0,0.0,0.3333333333333333,0.13416666666666666,-0.7211548680949522,0.5200643437770479,3,0.037037037037037035,1,2.0,18,0.0,-0.7211548680949522
26,1,Johnny Damon,Emma Slater,Athlete,United States,44,9,18.0,0.0303469649310456,9.0,9.0,10.0,0.0,0.0,6.838803314120884,8,0.125,7.25,0.0,0.1875,0.13416666666666666,0.5995961955623622,0.3595155977328585,3,0.037037037037037035,1,0.0,24,0.004629629629629629,0.5995961955623622
26,1,Kareem Abdul-Jabbar,Lindsay Arnold,Athlete,United States,71,8,17.0,0.0578798150224527,10.0,7.0,10.0,0.0,0.0,6.838803314120884,6,0.6666666666666666,3.5,17.0,0.6,0.13416666666666666,2.697259649606332,7.275209617394474,3,0.037037037037037035,1,-3.0,18,0.024691358024691357,2.697259649606332
26,2,Kareem Abdul-Jabbar,Lindsay Arnold,Athlete,United States,71,8,29.5,0.0547076217390284,8.0,7.0,8.0,0.7352940743944661,0.0,6.838803314120884,6,0.6666666666666666,3.5,23.25,0.6,0.13416666666666666,2.697259649606332,7.275209617394474,3,0.037037037037037035,1,-3.0,18,0.024691358024691357,5.394519299212664
26,1,Arike Ogunbowale,Gleb Savchenko,Athlete,United States,21,7,20.0,0.0354199438166124,7.0,8.0,10.0,0.0,0.0,6.838803314120884,4,0.0,8.25,20.0,0.07692307692307693,0.13416666666666666,-1.1873023023269456,1.4096867571108656,3,0.037037037037037035,1,1.0,12,0.0,-1.1873023023269456
26,2,Arike Ogunbowale,Gleb Savchenko,Athlete,United States,21,7,35.0,0.03414599254415,3.0,8.0,8.0,0.7499999625000018,0.0,6.838803314120884,4,0.0,8.25,27.5,0.07692307692307693,0.13416666666666666,-1.1873023023269456,1.4096867571108656,3,0.037037037037037035,1,1.0,12,0.0,-2.374604604653891
26,1,Jennie Finch Daigle,Keo Motsepe,Athlete,United States,37,6,21.0,0.0851725627496699,5.5,5.0,10.0,0.0,0.0,6.838803314120884,6,0.0,11.166666666666666,21.0,0.2222222222222222,0.13416666666666666,0.05575752229170335,0.0031089012921097963,3,0.037037037037037035,1,-0.5,18,0.0,0.05575752229170335
26,2,Jennie Finch Daigle,Keo Motsepe,Athlete,United States,37,6,31.5,0.1690620781230115,6.5,2.0,8.0,0.4999999761904773,7.424621202458749,6.838803314120884,6,0.0,11.166666666666666,26.25,0.2222222222222222,0.13416666666666666,0.05575752229170335,0.0031089012921097963,3,0.037037037037037035,1,-0.5,18,0.0,0.1115150445834067
26,3,Jennie Finch Daigle,Keo Motsepe,Athlete,United States,37,6,29.0,0.1666666666666666,6.0,3.5,6.0,0.38095236281179223,5.484827557301444,6.838803314120884,6,0.0,11.166666666666666,27.166666666666668,0.2222222222222222,0.13416666666666666,0.05575752229170335,0.0031089012921097963,3,0.037037037037037035,1,-0.5,18,0.0,0.16727256687511005
26,1,Chris Mazdzer,Witney Carson,Athlete,United States,29,5,21.0,0.0733534247141223,5.5,6.0,10.0,0.0,0.0,6.838803314120884,8,0.25,6.375,21.0,0.2857142857142857,0.13416666666666666,-0.5657723900176211,0.3200983973062512,3,0.037037037037037035,1,0.5,24,0.009259259259259259,-0.5657723900176211
26,2,Chris Mazdzer,Witney Carson,Athlete,United States,29,5,33.0,0.1402496533012087,4.5,5.0,8.0,0.5714285442176883,8.48528137423857,6.838803314120884,8,0.25,6.375,27.0,0.2857142857142857,0.13416666666666666,-0.5657723900176211,0.3200983973062512,3,0.037037037037037035,1,0.5,24,0.009259259259259259,-1.1315447800352423
26,3,Chris Mazdzer,Witney Carson,Athlete,United States,29,5,33.0,0.1666666666666666,5.0,3.5,6.0,0.5714285442176883,6.928203230275509,6.838803314120884,8,0.25,6.375,29.0,0.2857142857142857,0.13416666666666666,-0.5657723900176211,0.3200983973062512,3,0.037037037037037035,1,0.5,24,0.009259259259259259,-1.6973171700528633
26,1,Mirai Nagasu,Alan Bersten,Athlete,United States,25,4,23.0,0.1236563386670618,3.5,3.0,10.0,0.0,0.0,6.838803314120884,1,0.0,12.0,23.0,0.2222222222222222,0.13416666666666666,-0.8765373461722833,0.7683177192347492,3,0.037037037037037035,1,-0.5,3,0.0,-0.8765373461722833
26,2,Mirai Nagasu,Alan Bersten,Athlete,United States,25,4,37.0,0.1554473824456652,1.5,3.0,8.0,0.6086956257088858,9.899494936611665,6.838803314120884,1,0.0,12.0,30.0,0.2222222222222222,0.13416666666666666,-0.8765373461722833,0.7683177192347492,3,0.037037037037037035,1,-0.5,3,0.0,-1.7530746923445666
26,3,Mirai Nagasu,Alan Bersten,Athlete,United States,25,4,35.0,0.1666666666666666,3.5,3.5,6.0,0.5217391077504736,7.571877794400365,6.838803314120884,1,0.0,12.0,31.666666666666668,0.2222222222222222,0.13416666666666666,-0.8765373461722833,0.7683177192347492,3,0.037037037037037035,1,-0.5,3,0.0,-2.62961203851685
26,1,Tonya Harding,Sasha Farber,Athlete,United States,47,3,23.0,0.103018481408096,3.5,4.0,10.0,0.0,0.0,6.838803314120884,4,0.0,6.25,23.0,0.3333333333333333,0.13416666666666666,0.8326699126783589,0.6933391834797858,3,0.037037037037037035,1,0.5,12,0.0,0.8326699126783589
26,2,Tonya Harding,Sasha Farber,Athlete,United States,47,3,33.0,0.169880982798384,4.5,1.0,8.0,0.4347825897920613,7.0710678118654755,6.838803314120884,4,0.0,6.25,28.0,0.3333333333333333,0.13416666666666666,0.8326699126783589,0.6933391834797858,3,0.037037037037037035,1,0.5,12,0.0,1.6653398253567178
26,3,Tonya Harding,Sasha Farber,Athlete,United States,47,3,35.0,0.1666666666666666,3.5,3.5,6.0,0.5217391077504736,6.429100507328637,6.838803314120884,4,0.0,6.25,30.333333333333332,0.3333333333333333,0.13416666666666666,0.8326699126783589,0.6933391834797858,3,0.037037037037037035,1,0.5,12,0.0,2.4980097380350768
26,4,Tonya Harding,Sasha Farber,Athlete,United States,47,3,28.0,0.3486579116744313,3.0,2.0,3.0,0.21739129489603065,3.6055512754639905,6.838803314120884,4,0.0,6.25,32.0,0.3333333333333333,0.13416666666666666,0.8326699126783589,0.6933391834797858,3,0.037037037037037035,1,0.5,12,0.0,3.3306796507134355
26,1,Josh Norman,Sharna Burgess,Athlete,United States,30,2,24.0,0.1793811016288684,1.5,2.0,10.0,0.0,0.0,6.838803314120884,10,0.3,6.4,24.0,0.42857142857142855,0.13416666666666666,-0.48808115097895555,0.238223209940942,3,0.037037037037037035,1,0.5,30,0.01111111111111111,-0.48808115097895555
26,2,Josh Norman,Sharna Burgess,Athlete,United States,30,2,31.5,0.1362114657363851,6.5,6.0,8.0,0.3124999869791672,5.303300858899107,6.838803314120884,10,0.3,6.4,27.75,0.42857142857142855,0.13416666666666666,-0.48808115097895555,0.238223209940942,3,0.037037037037037035,1,0.5,30,0.01111111111111111,-0.9761623019579111
26,3,Josh Norman,Sharna Burgess,Athlete,United States,30,2,38.0,0.1666666666666666,2.0,3.5,6.0,0.5833333090277788,7.0059498523279,6.838803314120884,10,0.3,6.4,31.166666666666668,0.42857142857142855,0.13416666666666666,-0.48808115097895555,0.238223209940942,3,0.037037037037037035,1,0.5,30,0.01111111111111111,-1.4642434529368666
26,4,Josh Norman,Sharna Burgess,Athlete,United States,30,2,28.5,0.3543966715495126,2.0,1.0,3.0,0.18749999218750033,4.856267428111153,6.838803314120884,10,0.3,6.4,32.666666666666664,0.42857142857142855,0.13416666666666666,-0.48808115097895555,0.238223209940942,3,0.037037037037037035,1,0.5,30,0.01111111111111111,-1.9523246039158222
26,1,Adam Rippon,Jenna Johnson,Athlete,United States,28,1,24.0,0.2862055018460603,1.5,1.0,10.0,0.0,0.0,6.838803314120884,1,0.0,13.0,24.0,0.1111111111111111,0.13416666666666666,-0.6434636290562866,0.4140454419182864,3,0.037037037037037035,1,-0.5,3,0.0,-0.6434636290562866
26,2,Adam Rippon,Jenna Johnson,Athlete,United States,28,1,37.0,0.1402948233121669,1.5,4.0,8.0,0.5416666440972231,9.192388155425117,6.838803314120884,1,0.0,13.0,30.5,0.1111111111111111,0.13416666666666666,-0.6434636290562866,0.4140454419182864,3,0.037037037037037035,1,-0.5,3,0.0,-1.2869272581125732
26,3,Adam Rippon,Jenna Johnson,Athlete,United States,28,1,41.0,0.1666666666666666,1.0,3.5,6.0,0.7083333038194456,8.888194417315589,6.838803314120884,1,0.0,13.0,34.0,0.1111111111111111,0.13416666666666666,-0.6434636290562866,0.4140454419182864,3,0.037037037037037035,1,-0.5,3,0.0,-1.9303908871688598
26,4,Adam Rippon,Jenna Johnson,Athlete,United States,28,1,29.0,0.296945416776056,1.0,3.0,3.0,0.20833332465277812,6.110100926607786,6.838803314120884,1,0.0,13.0,35.666666666666664,0.1111111111111111,0.13416666666666666,-0.6434636290562866,0.4140454419182864,3,0.037037037037037035,1,-0.5,3,0.0,-2.5738545162251465
27,1,Juan Pablo Di Pace,Cheryl Burke,Actor/Actress,Argentina,39,5,22.0,0.0960621019090944,3.5,1.0,13.0,0.0,0.0,3.992092643413013,20,0.35,5.3,22.0,0.24,0.21975844668152358,0.21114000036903446,0.04458009975583587,2,0.027777777777777776,0,-2.5,40,0.00972222222222222,0.21114000036903446
27,2,Juan Pablo Di Pace,Cheryl Burke,Actor/Actress,Argentina,39,5,26.0,0.0926271523594584,2.0,4.0,12.0,0.18181817355371938,2.8284271247461903,3.992092643413013,20,0.35,5.3,24.0,0.24,0.21975844668152358,0.21114000036903446,0.04458009975583587,2,0.027777777777777776,0,-2.5,40,0.00972222222222222,0.42228000073806893
27,3,Juan Pablo Di Pace,Cheryl Burke,Actor/Actress,Argentina,39,5,30.0,0.1203204491348329,1.0,1.0,11.0,0.36363634710743875,4.0,3.992092643413013,20,0.35,5.3,26.0,0.24,0.21975844668152358,0.21114000036903446,0.04458009975583587,2,0.027777777777777776,0,-2.5,40,0.00972222222222222,0.6334200011071034
27,4,Juan Pablo Di Pace,Cheryl Burke,Actor/Actress,Argentina,39,5,24.0,0.0840200546669147,5.5,8.0,10.0,0.09090908677685969,3.0550504633038935,3.992092643413013,20,0.35,5.3,26.666666666666668,0.24,0.21975844668152358,0.21114000036903446,0.04458009975583587,2,0.027777777777777776,0,-2.5,40,0.00972222222222222,0.8445600014761379
27,5,Juan Pablo Di Pace,Cheryl Burke,Actor/Actress,Argentina,39,5,29.0,0.1772963146151289,1.5,2.0,9.0,0.3181818037190089,3.2145502536643185,3.992092643413013,20,0.35,5.3,27.666666666666668,0.24,0.21975844668152358,0.21114000036903446,0.04458009975583587,2,0.027777777777777776,0,-2.5,40,0.00972222222222222,1.0557000018451723
27,6,Juan Pablo Di Pace,Cheryl Burke,Actor/Actress,Argentina,39,5,30.0,0.1348096188238468,1.5,2.0,9.0,0.36363634710743875,3.2145502536643185,3.992092643413013,20,0.35,5.3,27.666666666666668,0.24,0.21975844668152358,0.21114000036903446,0.04458009975583587,2,0.027777777777777776,0,-2.5,40,0.00972222222222222,1.2668400022142068
27,7,Juan Pablo Di Pace,Cheryl Burke,Actor/Actress,Argentina,39,5,28.0,0.1642486528130931,3.0,2.0,8.0,0.27272726033057904,0.9999999999999991,3.992092643413013,20,0.35,5.3,29.0,0.24,0.21975844668152358,0.21114000036903446,0.04458009975583587,2,0.027777777777777776,0,-2.5,40,0.00972222222222222,1.4779800025832412
27,8,Juan Pablo Di Pace,Cheryl Burke,Actor/Actress,Argentina,39,5,30.0,0.1666666666666666,1.0,3.5,6.0,0.36363634710743875,1.154700538379251,3.992092643413013,20,0.35,5.3,29.333333333333332,0.24,0.21975844668152358,0.21114000036903446,0.04458009975583587,2,0.027777777777777776,0,-2.5,40,0.00972222222222222,1.6891200029522757
27,1,Evanna Lynch,Keo Motsepe,Actor/Actress,Ireland,27,3,18.0,0.0676952094224591,10.0,11.0,13.0,0.0,0.0,3.992092643413013,7,0.0,10.428571428571429,18.0,0.4444444444444444,0.21975844668152358,-0.7211548680949522,0.5200643437770479,2,0.027777777777777776,0,1.0,14,0.0,-0.7211548680949522
27,2,Evanna Lynch,Keo Motsepe,Actor/Actress,Ireland,27,3,24.0,0.0853517107090113,5.0,6.0,12.0,0.3333333148148158,4.242640687119285,3.992092643413013,7,0.0,10.428571428571429,21.0,0.4444444444444444,0.21975844668152358,-0.7211548680949522,0.5200643437770479,2,0.027777777777777776,0,1.0,14,0.0,-1.4423097361899044
27,3,Evanna Lynch,Keo Motsepe,Actor/Actress,Ireland,27,3,27.0,0.0878019211226308,3.0,7.0,11.0,0.49999997222222375,4.58257569495584,3.992092643413013,7,0.0,10.428571428571429,23.0,0.4444444444444444,0.21975844668152358,-0.7211548680949522,0.5200643437770479,2,0.027777777777777776,0,1.0,14,0.0,-2.1634646042848567
27,4,Evanna Lynch,Keo Motsepe,Actor/Actress,Ireland,27,3,24.0,0.0957808123753402,5.5,7.0,10.0,0.3333333148148158,1.7320508075688772,3.992092643413013,7,0.0,10.428571428571429,25.0,0.4444444444444444,0.21975844668152358,-0.7211548680949522,0.5200643437770479,2,0.027777777777777776,0,1.0,14,0.0,-2.884619472379809
27,5,Evanna Lynch,Keo Motsepe,Actor/Actress,Ireland,27,3,24.0,0.1167522250733211,6.5,5.0,9.0,0.3333333148148158,1.7320508075688772,3.992092643413013,7,0.0,10.428571428571429,25.0,0.4444444444444444,0.21975844668152358,-0.7211548680949522,0.5200643437770479,2,0.027777777777777776,0,1.0,14,0.0,-3.605774340474761
27,6,Evanna Lynch,Keo Motsepe,Actor/Actress,Ireland,27,3,29.0,0.126000103120967,3.0,3.0,9.0,0.6111110771604957,2.886751345948128,3.992092643413013,7,0.0,10.428571428571429,25.666666666666668,0.4444444444444444,0.21975844668152358,-0.7211548680949522,0.5200643437770479,2,0.027777777777777776,0,1.0,14,0.0,-4.326929208569713
27,7,Evanna Lynch,Keo Motsepe,Actor/Actress,Ireland,27,3,29.5,0.1625956137973258,1.0,3.0,8.0,0.6388888533950636,3.0413812651491092,3.992092643413013,7,0.0,10.428571428571429,27.5,0.4444444444444444,0.21975844668152358,-0.7211548680949522,0.5200643437770479,2,0.027777777777777776,0,1.0,14,0.0,-5.048084076664665
27,8,Evanna Lynch,Keo Motsepe,Actor/Actress,Ireland,27,3,29.0,0.1666666666666666,2.5,3.5,6.0,0.6111110771604957,0.288675134594807,3.992092643413013,7,0.0,10.428571428571429,29.166666666666668,0.4444444444444444,0.21975844668152358,-0.7211548680949522,0.5200643437770479,2,0.027777777777777776,0,1.0,14,0.0,-5.769238944759618
27,9,Evanna Lynch,Keo Motsepe,Actor/Actress,Ireland,27,3,30.0,0.3278157832017376,1.5,1.0,4.0,0.6666666296296316,0.49999999999999645,3.992092643413013,7,0.0,10.428571428571429,29.5,0.4444444444444444,0.21975844668152358,-0.7211548680949522,0.5200643437770479,2,0.027777777777777776,0,1.0,14,0.0,-6.49039381285457
27,1,Nancy McKeon,Valentin Chmerkovskiy,Actor/Actress,United States,52,11,19.5,0.0797979280744352,8.0,6.0,13.0,0.0,0.0,3.992092643413013,13,0.5384615384615384,4.538461538461538,19.5,0.5263157894736842,0.21975844668152358,1.2211261078716866,1.4911489713258541,2,0.027777777777777776,1,-2.0,26,0.014957264957264956,1.2211261078716866
27,2,Nancy McKeon,Valentin Chmerkovskiy,Actor/Actress,United States,52,11,20.5,0.0762033449804106,9.0,9.0,12.0,0.05128204865220263,0.7071067811865476,3.992092643413013,13,0.5384615384615384,4.538461538461538,20.0,0.5263157894736842,0.21975844668152358,1.2211261078716866,1.4911489713258541,2,0.027777777777777776,1,-2.0,26,0.014957264957264956,2.4422522157433733
27,3,Nancy McKeon,Valentin Chmerkovskiy,Actor/Actress,United States,52,11,22.0,0.0657932170397113,9.0,11.0,11.0,0.12820512163050657,1.2583057392117911,3.992092643413013,13,0.5384615384615384,4.538461538461538,20.666666666666668,0.5263157894736842,0.21975844668152358,1.2211261078716866,1.4911489713258541,2,0.027777777777777776,1,-2.0,26,0.014957264957264956,3.66337832361506
27,1,John Schneider,Emma Slater,Actor/Actress,United States,58,8,18.0,0.0790695230880766,10.0,7.0,13.0,0.0,0.0,3.992092643413013,9,0.1111111111111111,7.444444444444445,18.0,0.3125,0.21975844668152358,1.68727354210368,2.846892005883099,2,0.027777777777777776,1,-3.0,18,0.0030864197530864196,1.68727354210368
27,2,John Schneider,Emma Slater,Actor/Actress,United States,58,8,21.5,0.0955982317835067,8.0,2.0,12.0,0.1944444336419759,2.4748737341529163,3.992092643413013,9,0.1111111111111111,7.444444444444445,19.75,0.3125,0.21975844668152358,1.68727354210368,2.846892005883099,2,0.027777777777777776,1,-3.0,18,0.0030864197530864196,3.37454708420736
27,3,John Schneider,Emma Slater,Actor/Actress,United States,58,8,21.0,0.1136988186552597,10.0,2.0,11.0,0.1666666574074079,1.892969448600091,3.992092643413013,9,0.1111111111111111,7.444444444444445,20.166666666666668,0.3125,0.21975844668152358,1.68727354210368,2.846892005883099,2,0.027777777777777776,1,-3.0,18,0.0030864197530864196,5.0618206263110395
27,4,John Schneider,Emma Slater,Actor/Actress,United States,58,8,21.0,0.1126834942498737,8.0,4.0,10.0,0.1666666574074079,0.28867513459480854,3.992092643413013,9,0.1111111111111111,7.444444444444445,21.166666666666668,0.3125,0.21975844668152358,1.68727354210368,2.846892005883099,2,0.027777777777777776,1,-3.0,18,0.0030864197530864196,6.74909416841472
27,5,John Schneider,Emma Slater,Actor/Actress,United States,58,8,24.0,0.0774892237857639,6.5,6.0,9.0,0.3333333148148158,1.7320508075688767,3.992092643413013,9,0.1111111111111111,7.444444444444445,22.0,0.3125,0.21975844668152358,1.68727354210368,2.846892005883099,2,0.027777777777777776,1,-3.0,18,0.0030864197530864196,8.4363677105184
27,6,John Schneider,Emma Slater,Actor/Actress,United States,58,8,19.0,0.0934859971072379,9.0,7.0,9.0,0.055555552469135974,2.5166114784235822,3.992092643413013,9,0.1111111111111111,7.444444444444445,21.333333333333332,0.3125,0.21975844668152358,1.68727354210368,2.846892005883099,2,0.027777777777777776,1,-3.0,18,0.0030864197530864196,10.123641252622079
27,7,John Schneider,Emma Slater,Actor/Actress,United States,58,8,27.0,0.0126783864769649,5.0,8.0,8.0,0.49999997222222375,4.041451884327381,3.992092643413013,9,0.1111111111111111,7.444444444444445,23.333333333333332,0.3125,0.21975844668152358,1.68727354210368,2.846892005883099,2,0.027777777777777776,1,-3.0,18,0.0030864197530864196,11.81091479472576
27,1,Milo Manheim,Witney Carson,Actor/Actress,United States,17,2,20.0,0.0681979939246174,6.0,10.0,13.0,0.0,0.0,3.992092643413013,9,0.2222222222222222,6.222222222222222,20.0,0.35714285714285715,0.21975844668152358,-1.4980672584816077,2.2442055109346,2,0.027777777777777776,1,4.0,18,0.006172839506172839,-1.4980672584816077
27,2,Milo Manheim,Witney Carson,Actor/Actress,United States,17,2,26.0,0.0799580866326129,2.0,8.0,12.0,0.29999998500000075,4.242640687119285,3.992092643413013,9,0.2222222222222222,6.222222222222222,23.0,0.35714285714285715,0.21975844668152358,-1.4980672584816077,2.2442055109346,2,0.027777777777777776,1,4.0,18,0.006172839506172839,-2.9961345169632154
27,3,Milo Manheim,Witney Carson,Actor/Actress,United States,17,2,27.0,0.08496695842205,3.0,8.0,11.0,0.34999998250000086,3.785938897200183,3.992092643413013,9,0.2222222222222222,6.222222222222222,24.333333333333332,0.35714285714285715,0.21975844668152358,-1.4980672584816077,2.2442055109346,2,0.027777777777777776,1,4.0,18,0.006172839506172839,-4.494201775444823
27,4,Milo Manheim,Witney Carson,Actor/Actress,United States,17,2,29.0,0.1155672940310476,1.0,3.0,10.0,0.4499999775000011,1.5275252316519494,3.992092643413013,9,0.2222222222222222,6.222222222222222,27.333333333333332,0.35714285714285715,0.21975844668152358,-1.4980672584816077,2.2442055109346,2,0.027777777777777776,1,4.0,18,0.006172839506172839,-5.992269033926431
27,5,Milo Manheim,Witney Carson,Actor/Actress,United States,17,2,27.0,0.0563328360034915,3.0,7.0,9.0,0.34999998250000086,1.1547005383792561,3.992092643413013,9,0.2222222222222222,6.222222222222222,27.666666666666668,0.35714285714285715,0.21975844668152358,-1.4980672584816077,2.2442055109346,2,0.027777777777777776,1,4.0,18,0.006172839506172839,-7.490336292408038
27,6,Milo Manheim,Witney Carson,Actor/Actress,United States,17,2,30.0,0.1166564546401724,1.5,5.0,9.0,0.4999999750000012,1.5275252316519494,3.992092643413013,9,0.2222222222222222,6.222222222222222,28.666666666666668,0.35714285714285715,0.21975844668152358,-1.4980672584816077,2.2442055109346,2,0.027777777777777776,1,4.0,18,0.006172839506172839,-8.988403550889647
27,7,Milo Manheim,Witney Carson,Actor/Actress,United States,17,2,29.0,0.1587331777509035,2.0,6.0,8.0,0.4499999775000011,1.5275252316519494,3.992092643413013,9,0.2222222222222222,6.222222222222222,28.666666666666668,0.35714285714285715,0.21975844668152358,-1.4980672584816077,2.2442055109346,2,0.027777777777777776,1,4.0,18,0.006172839506172839,-10.486470809371253
27,8,Milo Manheim,Witney Carson,Actor/Actress,United States,17,2,27.5,0.1666666666666666,4.0,3.5,6.0,0.3749999812500009,1.258305739211794,3.992092643413013,9,0.2222222222222222,6.222222222222222,28.833333333333332,0.35714285714285715,0.21975844668152358,-1.4980672584816077,2.2442055109346,2,0.027777777777777776,1,4.0,18,0.006172839506172839,-11.984538067852862
27,9,Milo Manheim,Witney Carson,Actor/Actress,United States,17,2,30.0,0.2820386571955215,1.5,2.0,4.0,0.4999999750000012,1.258305739211794,3.992092643413013,9,0.2222222222222222,6.222222222222222,28.833333333333332,0.35714285714285715,0.21975844668152358,-1.4980672584816077,2.2442055109346,2,0.027777777777777776,1,4.0,18,0.006172839506172839,-13.48260532633447
27,1,Danelle Umstead,Artem Chigvintsev,Athlete,United States,46,12,18.0,0.0882714398996758,10.0,3.0,13.0,0.0,0.0,3.992092643413013,7,0.0,8.285714285714286,18.0,0.3333333333333333,0.21975844668152358,0.7549786736396934,0.5699927976507507,3,0.06666666666666667,1,-7.0,21,0.0,0.7549786736396934
27,2,Danelle Umstead,Artem Chigvintsev,Athlete,United States,46,12,18.5,0.0688879120434621,11.0,12.0,12.0,0.027777776234567987,0.0,3.992092643413013,7,0.0,8.285714285714286,18.25,0.3333333333333333,0.21975844668152358,0.7549786736396934,0.5699927976507507,3,0.06666666666666667,1,-7.0,21,0.0,1.5099573472793868
27,1,Mary Lou Retton,Sasha Farber,Athlete,United States,50,9,20.0,0.0726017275693519,6.0,9.0,13.0,0.0,0.0,3.992092643413013,5,0.2,5.6,20.0,0.3333333333333333,0.21975844668152358,1.0657436297943557,1.1358094844472486,3,0.06666666666666667,1,3.0,15,0.013333333333333334,1.0657436297943557
27,2,Mary Lou Retton,Sasha Farber,Athlete,United States,50,9,23.0,0.0881933368571293,7.0,5.0,12.0,0.14999999250000037,2.1213203435596424,3.992092643413013,5,0.2,5.6,21.5,0.3333333333333333,0.21975844668152358,1.0657436297943557,1.1358094844472486,3,0.06666666666666667,1,3.0,15,0.013333333333333334,2.1314872595887113
27,3,Mary Lou Retton,Sasha Farber,Athlete,United States,50,9,24.0,0.0934416034260262,7.0,5.0,11.0,0.1999999900000005,2.081665999466133,3.992092643413013,5,0.2,5.6,22.333333333333332,0.3333333333333333,0.21975844668152358,1.0657436297943557,1.1358094844472486,3,0.06666666666666667,1,3.0,15,0.013333333333333334,3.197230889383067
27,4,Mary Lou Retton,Sasha Farber,Athlete,United States,50,9,26.0,0.0784497306957421,2.5,9.0,10.0,0.29999998500000075,1.5275252316519483,3.992092643413013,5,0.2,5.6,24.333333333333332,0.3333333333333333,0.21975844668152358,1.0657436297943557,1.1358094844472486,3,0.06666666666666667,1,3.0,15,0.013333333333333334,4.262974519177423
27,5,Mary Lou Retton,Sasha Farber,Athlete,United States,50,9,25.0,0.0551217584217925,5.0,8.0,9.0,0.2499999875000006,1.000000000000003,3.992092643413013,5,0.2,5.6,25.0,0.3333333333333333,0.21975844668152358,1.0657436297943557,1.1358094844472486,3,0.06666666666666667,1,3.0,15,0.013333333333333334,5.328718148971778
27,6,Mary Lou Retton,Sasha Farber,Athlete,United States,50,9,24.0,0.0662695270695196,6.0,9.0,9.0,0.1999999900000005,1.000000000000003,3.992092643413013,5,0.2,5.6,25.0,0.3333333333333333,0.21975844668152358,1.0657436297943557,1.1358094844472486,3,0.06666666666666667,1,3.0,15,0.013333333333333334,6.394461778766134
27,1,DeMarcus Ware,Lindsay Arnold,Athlete,United States,36,7,23.0,0.0821691465800949,1.5,5.0,13.0,0.0,0.0,3.992092643413013,7,0.5714285714285714,4.142857142857143,23.0,0.6,0.21975844668152358,-0.021933716746962203,0.0004810879303359702,3,0.06666666666666667,1,3.5,21,0.03809523809523809,-0.021933716746962203
27,2,DeMarcus Ware,Lindsay Arnold,Athlete,United States,36,7,23.5,0.0723016329081765,6.0,10.0,12.0,0.021739129489603066,0.3535533905932738,3.992092643413013,7,0.5714285714285714,4.142857142857143,23.25,0.6,0.21975844668152358,-0.021933716746962203,0.0004810879303359702,3,0.06666666666666667,1,3.5,21,0.03809523809523809,-0.043867433493924406
27,3,DeMarcus Ware,Lindsay Arnold,Athlete,United States,36,7,26.0,0.0698924170449549,5.5,10.0,11.0,0.1304347769376184,1.6072751268321586,3.992092643413013,7,0.5714285714285714,4.142857142857143,24.166666666666668,0.6,0.21975844668152358,-0.021933716746962203,0.0004810879303359702,3,0.06666666666666667,1,3.5,21,0.03809523809523809,-0.0658011502408866
27,4,DeMarcus Ware,Lindsay Arnold,Athlete,United States,36,7,22.0,0.1026343508294642,7.0,5.0,10.0,-0.04347825897920613,2.020725942163689,3.992092643413013,7,0.5714285714285714,4.142857142857143,23.833333333333332,0.6,0.21975844668152358,-0.021933716746962203,0.0004810879303359702,3,0.06666666666666667,1,3.5,21,0.03809523809523809,-0.08773486698784881
27,5,DeMarcus Ware,Lindsay Arnold,Athlete,United States,36,7,26.0,0.188373783824353,4.0,1.0,9.0,0.1304347769376184,2.309401076758502,3.992092643413013,7,0.5714285714285714,4.142857142857143,24.666666666666668,0.6,0.21975844668152358,-0.021933716746962203,0.0004810879303359702,3,0.06666666666666667,1,3.5,21,0.03809523809523809,-0.10966858373481102
27,6,DeMarcus Ware,Lindsay Arnold,Athlete,United States,36,7,26.0,0.1463834511695923,5.0,1.0,9.0,0.1304347769376184,2.309401076758502,3.992092643413013,7,0.5714285714285714,4.142857142857143,24.666666666666668,0.6,0.21975844668152358,-0.021933716746962203,0.0004810879303359702,3,0.06666666666666667,1,3.5,21,0.03809523809523809,-0.1316023004817732
27,7,DeMarcus Ware,Lindsay Arnold,Athlete,United States,36,7,26.5,0.0149824485508734,6.5,7.0,8.0,0.15217390642722145,0.28867513459479854,3.992092643413013,7,0.5714285714285714,4.142857142857143,26.166666666666668,0.6,0.21975844668152358,-0.021933716746962203,0.0004810879303359702,3,0.06666666666666667,1,3.5,21,0.03809523809523809,-0.15353601722873542
27,1,Nikki Glaser,Gleb Savchenko,Comedian,United States,34,13,17.5,0.0495222494971662,12.0,13.0,13.0,0.0,0.0,3.992092643413013,5,0.0,8.0,0.0,0.07692307692307693,0.21975844668152358,-0.1773161948242933,0.03144103294696674,1,1.0,1,1.0,5,0.0,-0.1773161948242933
27,1,Bobby Bones,Sharna Burgess,Radio Personality,United States,38,1,20.0,0.0898130692360515,6.0,2.0,13.0,0.0,0.0,3.992092643413013,11,0.36363636363636365,6.0,20.0,0.14285714285714285,0.21975844668152358,0.1334487613303689,0.017808571900609763,1,0.1111111111111111,1,-4.0,11,0.0404040404040404,0.1334487613303689
27,2,Bobby Bones,Sharna Burgess,Radio Personality,United States,38,1,19.5,0.0946467225152555,10.0,3.0,12.0,-0.02499999875000006,0.3535533905932738,3.992092643413013,11,0.36363636363636365,6.0,19.75,0.14285714285714285,0.21975844668152358,0.1334487613303689,0.017808571900609763,1,0.1111111111111111,1,-4.0,11,0.0404040404040404,0.2668975226607378
27,3,Bobby Bones,Sharna Burgess,Radio Personality,United States,38,1,23.0,0.0982746012945942,8.0,4.0,11.0,0.14999999250000037,1.8929694486000916,3.992092643413013,11,0.36363636363636365,6.0,20.833333333333332,0.14285714285714285,0.21975844668152358,0.1334487613303689,0.017808571900609763,1,0.1111111111111111,1,-4.0,11,0.0404040404040404,0.4003462839911067
27,4,Bobby Bones,Sharna Burgess,Radio Personality,United States,38,1,20.0,0.098504456450637,9.0,6.0,10.0,0.0,1.8929694486000916,3.992092643413013,11,0.36363636363636365,6.0,20.833333333333332,0.14285714285714285,0.21975844668152358,0.1334487613303689,0.017808571900609763,1,0.1111111111111111,1,-4.0,11,0.0404040404040404,0.5337950453214756
27,5,Bobby Bones,Sharna Burgess,Radio Personality,United States,38,1,21.0,0.1266703519041599,8.0,4.0,9.0,0.04999999750000012,1.5275252316519476,3.992092643413013,11,0.36363636363636365,6.0,21.333333333333332,0.14285714285714285,0.21975844668152358,0.1334487613303689,0.017808571900609763,1,0.1111111111111111,1,-4.0,11,0.0404040404040404,0.6672438066518445
27,6,Bobby Bones,Sharna Burgess,Radio Personality,United States,38,1,22.0,0.1141555356646632,7.5,6.0,9.0,0.09999999500000024,1.0000000000000007,3.992092643413013,11,0.36363636363636365,6.0,21.0,0.14285714285714285,0.21975844668152358,0.1334487613303689,0.017808571900609763,1,0.1111111111111111,1,-4.0,11,0.0404040404040404,0.8006925679822134
27,7,Bobby Bones,Sharna Burgess,Radio Personality,United States,38,1,26.5,0.1599311521568752,6.5,5.0,8.0,0.3249999837500008,2.9297326385411573,3.992092643413013,11,0.36363636363636365,6.0,23.166666666666668,0.14285714285714285,0.21975844668152358,0.1334487613303689,0.017808571900609763,1,0.1111111111111111,1,-4.0,11,0.0404040404040404,0.9341413293125823
27,8,Bobby Bones,Sharna Burgess,Radio Personality,United States,38,1,22.5,0.1666666666666666,6.0,3.5,6.0,0.1249999937500003,2.466441431158123,3.992092643413013,11,0.36363636363636365,6.0,23.666666666666668,0.14285714285714285,0.21975844668152358,0.1334487613303689,0.017808571900609763,1,0.1111111111111111,1,-4.0,11,0.0404040404040404,1.0675900906429512
27,9,Bobby Bones,Sharna Burgess,Radio Personality,United States,38,1,27.0,0.2110111351704132,4.0,3.0,4.0,0.34999998250000086,2.466441431158123,3.992092643413013,11,0.36363636363636365,6.0,25.333333333333332,0.14285714285714285,0.21975844668152358,0.1334487613303689,0.017808571900609763,1,0.1111111111111111,1,-4.0,11,0.0404040404040404,1.2010388519733202
27,1,Tinashe,Brandon Armstrong,Singer/Rapper,United States,25,10,23.0,0.0855753183435825,1.5,4.0,13.0,0.0,0.0,3.992092643413013,0,0.0,6.0,23.0,0.5,0.21975844668152358,-0.8765373461722833,0.7683177192347492,2,0.25,1,2.5,0,0.0,-0.8765373461722833
27,2,Tinashe,Brandon Armstrong,Singer/Rapper,United States,25,10,26.0,0.0958963285334675,2.0,1.0,12.0,0.1304347769376184,2.1213203435596424,3.992092643413013,0,0.0,6.0,24.5,0.5,0.21975844668152358,-0.8765373461722833,0.7683177192347492,2,0.25,1,2.5,0,0.0,-1.7530746923445666
27,3,Tinashe,Brandon Armstrong,Singer/Rapper,United States,25,10,27.0,0.074762372420282,3.0,9.0,11.0,0.17391303591682453,2.081665999466133,3.992092643413013,0,0.0,6.0,25.333333333333332,0.5,0.21975844668152358,-0.8765373461722833,0.7683177192347492,2,0.25,1,2.5,0,0.0,-2.62961203851685
27,4,Tinashe,Brandon Armstrong,Singer/Rapper,United States,25,10,26.0,0.0687818481910799,2.5,10.0,10.0,0.1304347769376184,0.5773502691896286,3.992092643413013,0,0.0,6.0,26.333333333333332,0.5,0.21975844668152358,-0.8765373461722833,0.7683177192347492,2,0.25,1,2.5,0,0.0,-3.506149384689133
27,1,Alexis Ren,Alan Bersten,Social Media Personality,United States,21,4,22.0,0.0630199931253547,3.5,12.0,13.0,0.0,0.0,3.992092643413013,2,0.0,8.0,22.0,0.1111111111111111,0.21975844668152358,-1.1873023023269456,1.4096867571108656,2,0.1111111111111111,1,8.5,4,0.0,-1.1873023023269456
27,2,Alexis Ren,Alan Bersten,Social Media Personality,United States,21,4,24.5,0.0701383934810168,4.0,11.0,12.0,0.1136363584710746,1.7677669529663689,3.992092643413013,2,0.0,8.0,23.25,0.1111111111111111,0.21975844668152358,-1.1873023023269456,1.4096867571108656,2,0.1111111111111111,1,8.5,4,0.0,-2.374604604653891
27,3,Alexis Ren,Alan Bersten,Social Media Personality,United States,21,4,26.0,0.0910117062738974,5.5,6.0,11.0,0.18181817355371938,2.02072594216369,3.992092643413013,2,0.0,8.0,24.166666666666668,0.1111111111111111,0.21975844668152358,-1.1873023023269456,1.4096867571108656,2,0.1111111111111111,1,8.5,4,0.0,-3.5619069069808367
27,4,Alexis Ren,Alan Bersten,Social Media Personality,United States,21,4,25.0,0.1258165296543191,4.0,1.0,10.0,0.13636363016528952,0.7637626158259714,3.992092643413013,2,0.0,8.0,25.166666666666668,0.1111111111111111,0.21975844668152358,-1.1873023023269456,1.4096867571108656,2,0.1111111111111111,1,8.5,4,0.0,-4.749209209307782
27,5,Alexis Ren,Alan Bersten,Social Media Personality,United States,21,4,29.0,0.1698052930689413,1.5,3.0,9.0,0.3181818037190089,2.0816659994661313,3.992092643413013,2,0.0,8.0,26.666666666666668,0.1111111111111111,0.21975844668152358,-1.1873023023269456,1.4096867571108656,2,0.1111111111111111,1,8.5,4,0.0,-5.936511511634728
27,6,Alexis Ren,Alan Bersten,Social Media Personality,United States,21,4,27.0,0.1198044975796207,4.0,4.0,9.0,0.2272727169421492,1.9999999999999984,3.992092643413013,2,0.0,8.0,27.0,0.1111111111111111,0.21975844668152358,-1.1873023023269456,1.4096867571108656,2,0.1111111111111111,1,8.5,4,0.0,-7.123813813961673
27,7,Alexis Ren,Alan Bersten,Social Media Personality,United States,21,4,27.5,0.1616014852384202,4.0,4.0,8.0,0.24999998863636413,1.0408329997330632,3.992092643413013,2,0.0,8.0,27.833333333333332,0.1111111111111111,0.21975844668152358,-1.1873023023269456,1.4096867571108656,2,0.1111111111111111,1,8.5,4,0.0,-8.31111611628862
27,8,Alexis Ren,Alan Bersten,Social Media Personality,United States,21,4,29.0,0.1666666666666666,2.5,3.5,6.0,0.3181818037190089,1.0408329997330632,3.992092643413013,2,0.0,8.0,27.833333333333332,0.1111111111111111,0.21975844668152358,-1.1873023023269456,1.4096867571108656,2,0.1111111111111111,1,8.5,4,0.0,-9.498418418615564
27,9,Alexis Ren,Alan Bersten,Social Media Personality,United States,21,4,28.5,0.1791344244323275,3.0,4.0,4.0,0.295454532024794,0.7637626158259696,3.992092643413013,2,0.0,8.0,28.333333333333332,0.1111111111111111,0.21975844668152358,-1.1873023023269456,1.4096867571108656,2,0.1111111111111111,1,8.5,4,0.0,-10.68572072094251
27,1,Joe Amabile,Jenna Johnson,TV Personality,United States,32,6,14.0,0.0782042993300392,13.0,8.0,13.0,0.0,0.0,3.992092643413013,2,0.5,7.0,14.0,0.3333333333333333,0.21975844668152358,-0.3326986729016244,0.11068840695050207,1,0.125,1,-5.0,2,0.0625,-0.3326986729016244
27,2,Joe Amabile,Jenna Johnson,TV Personality,United States,32,6,17.5,0.080197147196492,12.0,7.0,12.0,0.24999998214285843,2.4748737341529163,3.992092643413013,2,0.5,7.0,15.75,0.3333333333333333,0.21975844668152358,-0.3326986729016244,0.11068840695050207,1,0.125,1,-5.0,2,0.0625,-0.6653973458032488
27,3,Joe Amabile,Jenna Johnson,TV Personality,United States,32,6,18.0,0.1000359351657604,11.0,3.0,11.0,0.2857142653061239,2.179449471770337,3.992092643413013,2,0.5,7.0,16.5,0.3333333333333333,0.21975844668152358,-0.3326986729016244,0.11068840695050207,1,0.125,1,-5.0,2,0.0625,-0.9980960187048733
27,4,Joe Amabile,Jenna Johnson,TV Personality,United States,32,6,15.0,0.1177614288555811,10.0,2.0,10.0,0.07142856632653098,1.6072751268321586,3.992092643413013,2,0.5,7.0,16.833333333333332,0.3333333333333333,0.21975844668152358,-0.3326986729016244,0.11068840695050207,1,0.125,1,-5.0,2,0.0625,-1.3307946916064977
27,5,Joe Amabile,Jenna Johnson,TV Personality,United States,32,6,17.0,0.0321582133030476,9.0,9.0,9.0,0.21428569897959293,1.5275252316519459,3.992092643413013,2,0.5,7.0,16.666666666666668,0.3333333333333333,0.21975844668152358,-0.3326986729016244,0.11068840695050207,1,0.125,1,-5.0,2,0.0625,-1.663493364508122
27,6,Joe Amabile,Jenna Johnson,TV Personality,United States,32,6,22.0,0.0824348148243798,7.5,8.0,9.0,0.5714285306122479,3.605551275463989,3.992092643413013,2,0.5,7.0,18.0,0.3333333333333333,0.21975844668152358,-0.3326986729016244,0.11068840695050207,1,0.125,1,-5.0,2,0.0625,-1.9961920374097466
27,7,Joe Amabile,Jenna Johnson,TV Personality,United States,32,6,23.5,0.1652290832155437,8.0,1.0,8.0,0.6785713801020443,3.4034296427770228,3.992092643413013,2,0.5,7.0,20.833333333333332,0.3333333333333333,0.21975844668152358,-0.3326986729016244,0.11068840695050207,1,0.125,1,-5.0,2,0.0625,-2.328890710311371
27,8,Joe Amabile,Jenna Johnson,TV Personality,United States,32,6,23.0,0.1666666666666666,5.0,3.5,6.0,0.6428570969387788,0.7637626158259757,3.992092643413013,2,0.5,7.0,22.833333333333332,0.3333333333333333,0.21975844668152358,-0.3326986729016244,0.11068840695050207,1,0.125,1,-5.0,2,0.0625,-2.6615893832129953
28,1,Kate Flannery,Pasha Pashkov,Actor/Actress,United States,55,7,15.0,0.1064829888082242,9.5,3.0,12.0,0.0,0.0,6.066187490949809,0,0.0,6.0,15.0,0.42857142857142855,0.20126262626262625,1.4541998249876833,2.114697130994209,2,0.034482758620689655,1,-6.5,0,0.0,1.4541998249876833
28,2,Kate Flannery,Pasha Pashkov,Actor/Actress,United States,55,7,21.0,0.0750497448471457,2.0,8.0,12.0,0.39999997333333515,4.242640687119285,6.066187490949809,0,0.0,6.0,18.0,0.42857142857142855,0.20126262626262625,1.4541998249876833,2.114697130994209,2,0.034482758620689655,1,-6.5,0,0.0,2.9083996499753666
28,3,Kate Flannery,Pasha Pashkov,Actor/Actress,United States,55,7,24.0,0.0432538897948738,1.5,8.0,10.0,0.5999999600000027,4.58257569495584,6.066187490949809,0,0.0,6.0,20.0,0.42857142857142855,0.20126262626262625,1.4541998249876833,2.114697130994209,2,0.034482758620689655,1,-6.5,0,0.0,4.36259947496305
28,4,Kate Flannery,Pasha Pashkov,Actor/Actress,United States,55,7,26.0,0.0733968846313877,8.0,10.0,10.0,0.7333332844444478,2.5166114784235827,6.066187490949809,0,0.0,6.0,23.666666666666668,0.42857142857142855,0.20126262626262625,1.4541998249876833,2.114697130994209,2,0.034482758620689655,1,-6.5,0,0.0,5.816799299950733
28,5,Kate Flannery,Pasha Pashkov,Actor/Actress,United States,55,7,24.0,0.0201201819004327,5.5,9.0,9.0,0.5999999600000027,1.15470053837925,6.066187490949809,0,0.0,6.0,24.666666666666668,0.42857142857142855,0.20126262626262625,1.4541998249876833,2.114697130994209,2,0.034482758620689655,1,-6.5,0,0.0,7.270999124938417
28,6,Kate Flannery,Pasha Pashkov,Actor/Actress,United States,55,7,27.0,0.1085764928374665,2.0,6.0,9.0,0.7999999466666703,1.5275252316519448,6.066187490949809,0,0.0,6.0,25.666666666666668,0.42857142857142855,0.20126262626262625,1.4541998249876833,2.114697130994209,2,0.034482758620689655,1,-6.5,0,0.0,8.7251989499261
28,7,Kate Flannery,Pasha Pashkov,Actor/Actress,United States,55,7,24.0,0.1202910377236441,7.0,5.0,8.0,0.5999999600000027,1.7320508075688759,6.066187490949809,0,0.0,6.0,25.0,0.42857142857142855,0.20126262626262625,1.4541998249876833,2.114697130994209,2,0.034482758620689655,1,-6.5,0,0.0,10.179398774913784
28,8,Kate Flannery,Pasha Pashkov,Actor/Actress,United States,55,7,25.9998,0.1123868987297477,5.0,7.0,7.0,0.7333199511120033,1.5275034140714694,6.066187490949809,0,0.0,6.0,25.6666,0.42857142857142855,0.20126262626262625,1.4541998249876833,2.114697130994209,2,0.034482758620689655,1,-6.5,0,0.0,11.633598599901466
28,1,James Van Der Beek,Emma Slater,Actor/Actress,United States,42,5,21.0,0.1055579113107321,1.0,4.0,12.0,0.0,0.0,6.066187490949809,10,0.1,7.5,21.0,0.3125,0.20126262626262625,0.44421371748503113,0.19732582680187105,2,0.034482758620689655,1,3.0,20,0.0034482758620689655,0.44421371748503113
28,2,James Van Der Beek,Emma Slater,Actor/Actress,United States,42,5,20.0,0.0941442299508371,4.0,4.0,12.0,-0.04761904535147403,0.7071067811865476,6.066187490949809,10,0.1,7.5,20.5,0.3125,0.20126262626262625,0.44421371748503113,0.19732582680187105,2,0.034482758620689655,1,3.0,20,0.0034482758620689655,0.8884274349700623
28,3,James Van Der Beek,Emma Slater,Actor/Actress,United States,42,5,23.0,0.1184770747108839,3.5,6.0,10.0,0.09523809070294806,1.5275252316519472,6.066187490949809,10,0.1,7.5,21.333333333333332,0.3125,0.20126262626262625,0.44421371748503113,0.19732582680187105,2,0.034482758620689655,1,3.0,20,0.0034482758620689655,1.3326411524550934
28,4,James Van Der Beek,Emma Slater,Actor/Actress,United States,42,5,28.0,0.1126456363509116,6.5,3.0,10.0,0.3333333174603182,4.04145188432738,6.066187490949809,10,0.1,7.5,23.666666666666668,0.3125,0.20126262626262625,0.44421371748503113,0.19732582680187105,2,0.034482758620689655,1,3.0,20,0.0034482758620689655,1.7768548699401245
28,5,James Van Der Beek,Emma Slater,Actor/Actress,United States,42,5,26.0,0.1459959547894736,2.5,3.0,9.0,0.23809522675737013,2.516611478423582,6.066187490949809,10,0.1,7.5,25.666666666666668,0.3125,0.20126262626262625,0.44421371748503113,0.19732582680187105,2,0.034482758620689655,1,3.0,20,0.0034482758620689655,2.2210685874251554
28,6,James Van Der Beek,Emma Slater,Actor/Actress,United States,42,5,27.0,0.0965385779535252,2.0,8.0,9.0,0.28571427210884415,0.9999999999999951,6.066187490949809,10,0.1,7.5,27.0,0.3125,0.20126262626262625,0.44421371748503113,0.19732582680187105,2,0.034482758620689655,1,3.0,20,0.0034482758620689655,2.665282304910187
28,7,James Van Der Beek,Emma Slater,Actor/Actress,United States,42,5,27.0,0.1151043806242346,2.0,7.0,8.0,0.28571427210884415,0.5773502691896171,6.066187490949809,10,0.1,7.5,26.666666666666668,0.3125,0.20126262626262625,0.44421371748503113,0.19732582680187105,2,0.034482758620689655,1,3.0,20,0.0034482758620689655,3.109496022395218
28,8,James Van Der Beek,Emma Slater,Actor/Actress,United States,42,5,31.9998,0.1393445331036195,1.0,4.0,7.0,0.523799975057144,2.8866358758942896,6.066187490949809,10,0.1,7.5,28.6666,0.3125,0.20126262626262625,0.44421371748503113,0.19732582680187105,2,0.034482758620689655,1,3.0,20,0.0034482758620689655,3.553709739880249
28,9,James Van Der Beek,Emma Slater,Actor/Actress,United States,42,5,36.0,0.1387435026779833,3.0,6.0,6.0,0.7142856802721105,4.5092423620825715,6.066187490949809,10,0.1,7.5,31.6666,0.3125,0.20126262626262625,0.44421371748503113,0.19732582680187105,2,0.034482758620689655,1,3.0,20,0.0034482758620689655,3.99792345736528
28,10,James Van Der Beek,Emma Slater,Actor/Actress,United States,42,5,25.5,0.1356955286465695,5.0,5.0,5.0,0.21428570408163314,5.299355307959639,6.066187490949809,10,0.1,7.5,31.1666,0.3125,0.20126262626262625,0.44421371748503113,0.19732582680187105,2,0.034482758620689655,1,3.0,20,0.0034482758620689655,4.442137174850311
28,1,Kel Mitchell,Witney Carson,Actor/Actress,United States,41,2,16.0,0.0324146410943885,7.5,12.0,12.0,0.0,0.0,6.066187490949809,10,0.3,5.8,16.0,0.35714285714285715,0.20126262626262625,0.3665224784463656,0.13433872720646653,2,0.034482758620689655,1,4.5,20,0.010344827586206896,0.3665224784463656
28,2,Kel Mitchell,Witney Carson,Actor/Actress,United States,41,2,20.0,0.0670958484954794,4.0,10.0,12.0,0.24999998437500096,2.8284271247461903,6.066187490949809,10,0.3,5.8,18.0,0.35714285714285715,0.20126262626262625,0.3665224784463656,0.13433872720646653,2,0.034482758620689655,1,4.5,20,0.010344827586206896,0.7330449568927312
28,3,Kel Mitchell,Witney Carson,Actor/Actress,United States,41,2,20.0,0.1205138194331137,6.5,5.0,10.0,0.24999998437500096,2.309401076758503,6.066187490949809,10,0.3,5.8,18.666666666666668,0.35714285714285715,0.20126262626262625,0.3665224784463656,0.13433872720646653,2,0.034482758620689655,1,4.5,20,0.010344827586206896,1.0995674353390967
28,4,Kel Mitchell,Witney Carson,Actor/Actress,United States,41,2,32.0,0.1048749422241326,2.5,5.0,10.0,0.9999999375000038,6.928203230275509,6.066187490949809,10,0.3,5.8,24.0,0.35714285714285715,0.20126262626262625,0.3665224784463656,0.13433872720646653,2,0.034482758620689655,1,4.5,20,0.010344827586206896,1.4660899137854624
28,5,Kel Mitchell,Witney Carson,Actor/Actress,United States,41,2,26.0,0.0929872557797265,2.5,7.0,9.0,0.6249999609375024,6.0,6.066187490949809,10,0.3,5.8,26.0,0.35714285714285715,0.20126262626262625,0.3665224784463656,0.13433872720646653,2,0.034482758620689655,1,4.5,20,0.010344827586206896,1.832612392231828
28,6,Kel Mitchell,Witney Carson,Actor/Actress,United States,41,2,26.0,0.0991284391105417,4.5,7.0,9.0,0.6249999609375024,3.4641016151377544,6.066187490949809,10,0.3,5.8,28.0,0.35714285714285715,0.20126262626262625,0.3665224784463656,0.13433872720646653,2,0.034482758620689655,1,4.5,20,0.010344827586206896,2.1991348706781935
28,7,Kel Mitchell,Witney Carson,Actor/Actress,United States,41,2,25.5,0.1352764649259714,5.0,2.0,8.0,0.5937499628906273,0.28867513459481237,6.066187490949809,10,0.3,5.8,25.833333333333332,0.35714285714285715,0.20126262626262625,0.3665224784463656,0.13433872720646653,2,0.034482758620689655,1,4.5,20,0.010344827586206896,2.5656573491245593
28,8,Kel Mitchell,Witney Carson,Actor/Actress,United States,41,2,29.9998,0.1647226136024481,4.0,1.0,7.0,0.8749874453132847,2.466326555831568,6.066187490949809,10,0.3,5.8,27.1666,0.35714285714285715,0.20126262626262625,0.3665224784463656,0.13433872720646653,2,0.034482758620689655,1,4.5,20,0.010344827586206896,2.9321798275709248
28,9,Kel Mitchell,Witney Carson,Actor/Actress,United States,41,2,37.0,0.1995831040504251,2.0,1.0,6.0,1.312499917968755,5.795127264636504,6.066187490949809,10,0.3,5.8,30.833266666666663,0.35714285714285715,0.20126262626262625,0.3665224784463656,0.13433872720646653,2,0.034482758620689655,1,4.5,20,0.010344827586206896,3.29870230601729
28,10,Kel Mitchell,Witney Carson,Actor/Actress,United States,41,2,28.5,0.2372921245277937,2.0,1.0,5.0,0.781249951171878,4.536926273737912,6.066187490949809,10,0.3,5.8,31.833266666666663,0.35714285714285715,0.20126262626262625,0.3665224784463656,0.13433872720646653,2,0.034482758620689655,1,4.5,20,0.010344827586206896,3.665224784463656
28,11,Kel Mitchell,Witney Carson,Actor/Actress,United States,41,2,29.5,0.2281838796734443,2.0,4.0,4.0,0.8437499472656282,4.645786621588788,6.066187490949809,10,0.3,5.8,31.666666666666668,0.35714285714285715,0.20126262626262625,0.3665224784463656,0.13433872720646653,2,0.034482758620689655,1,4.5,20,0.010344827586206896,4.031747262910022
28,1,Ray Lewis,Cheryl Burke,Athlete,United States,44,11,15.0,0.0812660520446452,9.5,7.0,12.0,0.0,0.0,6.066187490949809,21,0.3333333333333333,5.285714285714286,15.0,0.36,0.20126262626262625,0.5995961955623622,0.3595155977328585,3,0.16666666666666666,1,-2.5,63,0.05555555555555555,0.5995961955623622
28,2,Ray Lewis,Cheryl Burke,Athlete,United States,44,11,15.0,0.0874900086789685,10.5,7.0,12.0,0.0,0.0,6.066187490949809,21,0.3333333333333333,5.285714285714286,15.0,0.36,0.20126262626262625,0.5995961955623622,0.3595155977328585,3,0.16666666666666666,1,-2.5,63,0.05555555555555555,1.1991923911247244
28,1,Lamar Odom,Peta Murgatroyd,Athlete,United States,39,10,11.0,0.0644221220841025,12.0,9.0,12.0,0.0,0.0,6.066187490949809,11,0.18181818181818182,6.090909090909091,11.0,0.3333333333333333,0.20126262626262625,0.21114000036903446,0.04458009975583587,3,0.16666666666666666,1,-3.0,33,0.030303030303030304,0.21114000036903446
28,2,Lamar Odom,Peta Murgatroyd,Athlete,United States,39,10,12.0,0.0660141174334444,12.0,11.0,12.0,0.09090908264462885,0.7071067811865476,6.066187490949809,11,0.18181818181818182,6.090909090909091,11.5,0.3333333333333333,0.20126262626262625,0.21114000036903446,0.04458009975583587,3,0.16666666666666666,1,-3.0,33,0.030303030303030304,0.42228000073806893
28,3,Lamar Odom,Peta Murgatroyd,Athlete,United States,39,10,12.0,0.0350806334705419,10.0,9.0,10.0,0.09090908264462885,0.5773502691896258,6.066187490949809,11,0.18181818181818182,6.090909090909091,11.666666666666666,0.3333333333333333,0.20126262626262625,0.21114000036903446,0.04458009975583587,3,0.16666666666666666,1,-3.0,33,0.030303030303030304,0.6334200011071034
28,4,Lamar Odom,Peta Murgatroyd,Athlete,United States,39,10,20.0,0.0852542460232379,10.0,9.0,10.0,0.8181817438016598,4.618802153517007,6.066187490949809,11,0.18181818181818182,6.090909090909091,14.666666666666666,0.3333333333333333,0.20126262626262625,0.21114000036903446,0.04458009975583587,3,0.16666666666666666,1,-3.0,33,0.030303030303030304,0.8445600014761379
28,1,Sailor Brinkley-Cook,Valentin Chmerkovskiy,Model,United States,21,9,18.0,0.1526858146907333,4.0,1.0,12.0,0.0,0.0,6.066187490949809,14,0.5,5.0,18.0,0.05263157894736842,0.20126262626262625,-1.1873023023269456,1.4096867571108656,2,0.16666666666666666,1,-3.0,28,0.08333333333333333,-1.1873023023269456
28,2,Sailor Brinkley-Cook,Valentin Chmerkovskiy,Model,United States,21,9,18.0,0.0897919454025139,8.0,5.0,12.0,0.0,0.0,6.066187490949809,14,0.5,5.0,18.0,0.05263157894736842,0.20126262626262625,-1.1873023023269456,1.4096867571108656,2,0.16666666666666666,1,-3.0,28,0.08333333333333333,-2.374604604653891
28,3,Sailor Brinkley-Cook,Valentin Chmerkovskiy,Model,United States,21,9,23.0,0.1481902529307171,3.5,2.0,10.0,0.27777776234567986,2.886751345948128,6.066187490949809,14,0.5,5.0,19.666666666666668,0.05263157894736842,0.20126262626262625,-1.1873023023269456,1.4096867571108656,2,0.16666666666666666,1,-3.0,28,0.08333333333333333,-3.5619069069808367
28,4,Sailor Brinkley-Cook,Valentin Chmerkovskiy,Model,United States,21,9,31.0,0.1058077840031458,5.0,4.0,10.0,0.7222221820987677,6.557438524302,6.066187490949809,14,0.5,5.0,24.0,0.05263157894736842,0.20126262626262625,-1.1873023023269456,1.4096867571108656,2,0.16666666666666666,1,-3.0,28,0.08333333333333333,-4.749209209307782
28,5,Sailor Brinkley-Cook,Valentin Chmerkovskiy,Model,United States,21,9,24.0,0.1469681302679682,5.5,2.0,9.0,0.3333333148148158,4.358898943540673,6.066187490949809,14,0.5,5.0,26.0,0.05263157894736842,0.20126262626262625,-1.1873023023269456,1.4096867571108656,2,0.16666666666666666,1,-3.0,28,0.08333333333333333,-5.936511511634728
28,6,Sailor Brinkley-Cook,Valentin Chmerkovskiy,Model,United States,21,9,27.0,0.0907150806219039,2.0,9.0,9.0,0.49999997222222375,3.511884584284245,6.066187490949809,14,0.5,5.0,27.333333333333332,0.05263157894736842,0.20126262626262625,-1.1873023023269456,1.4096867571108656,2,0.16666666666666666,1,-3.0,28,0.08333333333333333,-7.123813813961673
28,1,Sean Spicer,Lindsay Arnold,Politician,United States,48,6,12.0,0.0963049984058242,11.0,5.0,12.0,0.0,0.0,6.066187490949809,8,0.5,4.5,12.0,0.1,0.20126262626262625,0.9103611517170245,0.8287574265555473,2,0.1111111111111111,1,-6.0,16,0.05555555555555555,0.9103611517170245
28,2,Sean Spicer,Lindsay Arnold,Politician,United States,48,6,16.0,0.0882652361101642,9.0,6.0,12.0,0.3333333055555579,2.8284271247461903,6.066187490949809,8,0.5,4.5,14.0,0.1,0.20126262626262625,0.9103611517170245,0.8287574265555473,2,0.1111111111111111,1,-6.0,16,0.05555555555555555,1.820722303434049
28,3,Sean Spicer,Lindsay Arnold,Politician,United States,48,6,15.0,0.0505575065425567,9.0,7.0,10.0,0.2499999791666684,2.0816659994661326,6.066187490949809,8,0.5,4.5,14.333333333333334,0.1,0.20126262626262625,0.9103611517170245,0.8287574265555473,2,0.1111111111111111,1,-6.0,16,0.05555555555555555,2.731083455151073
28,4,Sean Spicer,Lindsay Arnold,Politician,United States,48,6,21.0,0.0924518498463736,9.0,7.0,10.0,0.7499999375000053,3.214550253664319,6.066187490949809,8,0.5,4.5,17.333333333333332,0.1,0.20126262626262625,0.9103611517170245,0.8287574265555473,2,0.1111111111111111,1,-6.0,16,0.05555555555555555,3.641444606868098
28,5,Sean Spicer,Lindsay Arnold,Politician,United States,48,6,19.0,0.0909282111530871,9.0,8.0,9.0,0.5833332847222263,3.055050463303894,6.066187490949809,8,0.5,4.5,18.333333333333332,0.1,0.20126262626262625,0.9103611517170245,0.8287574265555473,2,0.1111111111111111,1,-6.0,16,0.05555555555555555,4.551805758585123
28,6,Sean Spicer,Lindsay Arnold,Politician,United States,48,6,21.0,0.1188580378441243,9.0,3.0,9.0,0.7499999375000053,1.1547005383792548,6.066187490949809,8,0.5,4.5,20.333333333333332,0.1,0.20126262626262625,0.9103611517170245,0.8287574265555473,2,0.1111111111111111,1,-6.0,16,0.05555555555555555,5.462166910302146
28,7,Sean Spicer,Lindsay Arnold,Politician,United States,48,6,21.0,0.1244563311622371,8.0,3.0,8.0,0.7499999375000053,1.1547005383792548,6.066187490949809,8,0.5,4.5,20.333333333333332,0.1,0.20126262626262625,0.9103611517170245,0.8287574265555473,2,0.1111111111111111,1,-6.0,16,0.05555555555555555,6.372528062019171
28,8,Sean Spicer,Lindsay Arnold,Politician,United States,48,6,20.0,0.1559735341952616,7.0,3.0,7.0,0.6666666111111158,0.577350269189634,6.066187490949809,8,0.5,4.5,20.666666666666668,0.1,0.20126262626262625,0.9103611517170245,0.8287574265555473,2,0.1111111111111111,1,-6.0,16,0.05555555555555555,7.282889213736196
28,9,Sean Spicer,Lindsay Arnold,Politician,United States,48,6,25.0,0.1632076540130075,6.0,4.0,6.0,1.083333243055563,2.6457513110645925,6.066187490949809,8,0.5,4.5,22.0,0.1,0.20126262626262625,0.9103611517170245,0.8287574265555473,2,0.1111111111111111,1,-6.0,16,0.05555555555555555,8.19325036545322
28,1,Mary Wilson,Brandon Armstrong,Singer/Rapper,United States,75,12,17.0,0.0366241116782737,5.5,11.0,12.0,0.0,0.0,6.066187490949809,1,0.0,10.0,17.0,0.5,0.20126262626262625,3.0080246057609945,9.048212028863587,2,0.041666666666666664,1,5.5,2,0.0,3.0080246057609945
28,2,Mary Wilson,Brandon Armstrong,Singer/Rapper,United States,75,12,15.0,0.0508579233499418,10.5,12.0,12.0,-0.11764705190311459,0.0,6.066187490949809,1,0.0,10.0,16.0,0.5,0.20126262626262625,3.0080246057609945,9.048212028863587,2,0.041666666666666664,1,5.5,2,0.0,6.016049211521989
28,1,Lauren Alaina,Gleb Savchenko,Singer/Rapper,United States,24,4,19.0,0.1222834021163367,3.0,2.0,12.0,0.0,0.0,6.066187490949809,6,0.0,8.833333333333334,19.0,0.3076923076923077,0.20126262626262625,-0.9542285852109489,0.9105521928336892,2,0.041666666666666664,1,-1.0,12,0.0,-0.9542285852109489
28,2,Lauren Alaina,Gleb Savchenko,Singer/Rapper,United States,24,4,19.0,0.1077746391808013,6.5,1.0,12.0,0.0,0.0,6.066187490949809,6,0.0,8.833333333333334,19.0,0.3076923076923077,0.20126262626262625,-0.9542285852109489,0.9105521928336892,2,0.041666666666666664,1,-1.0,12,0.0,-1.9084571704218978
28,3,Lauren Alaina,Gleb Savchenko,Singer/Rapper,United States,24,4,20.0,0.0276429554821899,6.5,10.0,10.0,0.05263157617728546,0.5773502691896263,6.066187490949809,6,0.0,8.833333333333334,19.333333333333332,0.3076923076923077,0.20126262626262625,-0.9542285852109489,0.9105521928336892,2,0.041666666666666664,1,-1.0,12,0.0,-2.862685755632847
28,4,Lauren Alaina,Gleb Savchenko,Singer/Rapper,United States,24,4,32.0,0.0945020230018546,2.5,6.0,10.0,0.684210490304711,7.234178138070234,6.066187490949809,6,0.0,8.833333333333334,23.666666666666668,0.3076923076923077,0.20126262626262625,-0.9542285852109489,0.9105521928336892,2,0.041666666666666664,1,-1.0,12,0.0,-3.8169143408437956
28,5,Lauren Alaina,Gleb Savchenko,Singer/Rapper,United States,24,4,23.0,0.1241261236275651,7.0,4.0,9.0,0.21052630470914185,6.244997998398397,6.066187490949809,6,0.0,8.833333333333334,25.0,0.3076923076923077,0.20126262626262625,-0.9542285852109489,0.9105521928336892,2,0.041666666666666664,1,-1.0,12,0.0,-4.771142926054744
28,6,Lauren Alaina,Gleb Savchenko,Singer/Rapper,United States,24,4,26.0,0.1134333284645002,4.5,5.0,9.0,0.36842103324099823,4.582575694955839,6.066187490949809,6,0.0,8.833333333333334,27.0,0.3076923076923077,0.20126262626262625,-0.9542285852109489,0.9105521928336892,2,0.041666666666666664,1,-1.0,12,0.0,-5.725371511265694
28,7,Lauren Alaina,Gleb Savchenko,Singer/Rapper,United States,24,4,27.0,0.1184650185889476,2.0,6.0,8.0,0.4210526094182837,2.0816659994661313,6.066187490949809,6,0.0,8.833333333333334,25.333333333333332,0.3076923076923077,0.20126262626262625,-0.9542285852109489,0.9105521928336892,2,0.041666666666666664,1,-1.0,12,0.0,-6.679600096476642
28,8,Lauren Alaina,Gleb Savchenko,Singer/Rapper,United States,24,4,24.0,0.1327648769155985,6.0,6.0,7.0,0.26315788088642733,1.527525231651946,6.066187490949809,6,0.0,8.833333333333334,25.666666666666668,0.3076923076923077,0.20126262626262625,-0.9542285852109489,0.9105521928336892,2,0.041666666666666664,1,-1.0,12,0.0,-7.633828681687591
28,9,Lauren Alaina,Gleb Savchenko,Singer/Rapper,United States,24,4,35.0,0.1768930349735411,5.0,2.0,6.0,0.8421052188365674,5.686240703077327,6.066187490949809,6,0.0,8.833333333333334,28.666666666666668,0.3076923076923077,0.20126262626262625,-0.9542285852109489,0.9105521928336892,2,0.041666666666666664,1,-1.0,12,0.0,-8.58805726689854
28,10,Lauren Alaina,Gleb Savchenko,Singer/Rapper,United States,24,4,27.0,0.204701124051689,3.5,3.0,5.0,0.4210526094182837,5.686240703077327,6.066187490949809,6,0.0,8.833333333333334,28.666666666666668,0.3076923076923077,0.20126262626262625,-0.9542285852109489,0.9105521928336892,2,0.041666666666666664,1,-1.0,12,0.0,-9.542285852109488
28,11,Lauren Alaina,Gleb Savchenko,Singer/Rapper,United States,24,4,28.5,0.2444972663254699,4.0,3.0,4.0,0.4999999736842119,4.252450274057691,6.066187490949809,6,0.0,8.833333333333334,30.166666666666668,0.3076923076923077,0.20126262626262625,-0.9542285852109489,0.9105521928336892,2,0.041666666666666664,1,-1.0,12,0.0,-10.496514437320437
28,1,Ally Brooke,Sasha Farber,Singer/Rapper,United States,26,3,16.0,0.0874339627455564,7.5,6.0,12.0,0.0,0.0,6.066187490949809,6,0.16666666666666666,6.166666666666667,16.0,0.08333333333333333,0.20126262626262625,-0.7988461071336178,0.6381551028825356,2,0.041666666666666664,1,-1.5,12,0.006944444444444444,-0.7988461071336178
28,2,Ally Brooke,Sasha Farber,Singer/Rapper,United States,26,3,20.0,0.1056899538386774,4.0,2.0,12.0,0.24999998437500096,2.8284271247461903,6.066187490949809,6,0.16666666666666666,6.166666666666667,18.0,0.08333333333333333,0.20126262626262625,-0.7988461071336178,0.6381551028825356,2,0.041666666666666664,1,-1.5,12,0.006944444444444444,-1.5976922142672356
28,3,Ally Brooke,Sasha Farber,Singer/Rapper,United States,26,3,24.0,0.1345173548510172,1.5,3.0,10.0,0.4999999687500019,4.0,6.066187490949809,6,0.16666666666666666,6.166666666666667,20.0,0.08333333333333333,0.20126262626262625,-0.7988461071336178,0.6381551028825356,2,0.041666666666666664,1,-1.5,12,0.006944444444444444,-2.3965383214008535
28,4,Ally Brooke,Sasha Farber,Singer/Rapper,United States,26,3,32.0,0.0856793040640689,2.5,8.0,10.0,0.9999999375000038,6.110100926607787,6.066187490949809,6,0.16666666666666666,6.166666666666667,25.333333333333332,0.08333333333333333,0.20126262626262625,-0.7988461071336178,0.6381551028825356,2,0.041666666666666664,1,-1.5,12,0.006944444444444444,-3.1953844285344712
28,5,Ally Brooke,Sasha Farber,Singer/Rapper,United States,26,3,27.0,0.0938497168416474,1.0,6.0,9.0,0.6874999570312527,4.041451884327382,6.066187490949809,6,0.16666666666666666,6.166666666666667,27.666666666666668,0.08333333333333333,0.20126262626262625,-0.7988461071336178,0.6381551028825356,2,0.041666666666666664,1,-1.5,12,0.006944444444444444,-3.994230535668089
28,6,Ally Brooke,Sasha Farber,Singer/Rapper,United States,26,3,25.0,0.133409264416467,6.5,1.0,9.0,0.5624999648437522,3.6055512754639913,6.066187490949809,6,0.16666666666666666,6.166666666666667,28.0,0.08333333333333333,0.20126262626262625,-0.7988461071336178,0.6381551028825356,2,0.041666666666666664,1,-1.5,12,0.006944444444444444,-4.793076642801707
28,7,Ally Brooke,Sasha Farber,Singer/Rapper,United States,26,3,27.0,0.1544912195816377,2.0,1.0,8.0,0.6874999570312527,1.154700538379258,6.066187490949809,6,0.16666666666666666,6.166666666666667,26.333333333333332,0.08333333333333333,0.20126262626262625,-0.7988461071336178,0.6381551028825356,2,0.041666666666666664,1,-1.5,12,0.006944444444444444,-5.591922749935325
28,8,Ally Brooke,Sasha Farber,Singer/Rapper,United States,26,3,30.0,0.1591453765366108,3.0,2.0,7.0,0.8749999453125034,2.5166114784235867,6.066187490949809,6,0.16666666666666666,6.166666666666667,27.333333333333332,0.08333333333333333,0.20126262626262625,-0.7988461071336178,0.6381551028825356,2,0.041666666666666664,1,-1.5,12,0.006944444444444444,-6.3907688570689425
28,9,Ally Brooke,Sasha Farber,Singer/Rapper,United States,26,3,40.0,0.1691213365437396,1.0,3.0,6.0,1.4999999062500058,6.806859285554046,6.066187490949809,6,0.16666666666666666,6.166666666666667,32.333333333333336,0.08333333333333333,0.20126262626262625,-0.7988461071336178,0.6381551028825356,2,0.041666666666666664,1,-1.5,12,0.006944444444444444,-7.18961496420256
28,10,Ally Brooke,Sasha Farber,Singer/Rapper,United States,26,3,29.5,0.2181162992945025,1.0,2.0,5.0,0.8437499472656282,5.923118547972287,6.066187490949809,6,0.16666666666666666,6.166666666666667,33.166666666666664,0.08333333333333333,0.20126262626262625,-0.7988461071336178,0.6381551028825356,2,0.041666666666666664,1,-1.5,12,0.006944444444444444,-7.988461071336178
28,11,Ally Brooke,Sasha Farber,Singer/Rapper,United States,26,3,30.0,0.2600308421329946,1.0,2.0,4.0,0.8749999453125034,5.923118547972287,6.066187490949809,6,0.16666666666666666,6.166666666666667,33.166666666666664,0.08333333333333333,0.20126262626262625,-0.7988461071336178,0.6381551028825356,2,0.041666666666666664,1,-1.5,12,0.006944444444444444,-8.787307178469796
28,1,Karamo Brown,Jenna Johnson,TV Personality,United States,38,8,17.0,0.0478332658985385,5.5,10.0,12.0,0.0,0.0,6.066187490949809,3,0.3333333333333333,6.666666666666667,17.0,0.3333333333333333,0.20126262626262625,0.1334487613303689,0.017808571900609763,1,0.05555555555555555,1,4.5,3,0.018518518518518517,0.1334487613303689
28,2,Karamo Brown,Jenna Johnson,TV Personality,United States,38,8,19.0,0.098381055241076,6.5,3.0,12.0,0.11764705190311459,1.4142135623730951,6.066187490949809,3,0.3333333333333333,6.666666666666667,18.0,0.3333333333333333,0.20126262626262625,0.1334487613303689,0.017808571900609763,1,0.05555555555555555,1,4.5,3,0.018518518518518517,0.2668975226607378
28,3,Karamo Brown,Jenna Johnson,TV Personality,United States,38,8,16.0,0.1879464370405507,8.0,1.0,10.0,-0.05882352595155729,1.5275252316519463,6.066187490949809,3,0.3333333333333333,6.666666666666667,17.333333333333332,0.3333333333333333,0.20126262626262625,0.1334487613303689,0.017808571900609763,1,0.05555555555555555,1,4.5,3,0.018518518518518517,0.4003462839911067
28,4,Karamo Brown,Jenna Johnson,TV Personality,United States,38,8,28.0,0.1134642926540075,6.5,2.0,10.0,0.6470587854671302,6.244997998398398,6.066187490949809,3,0.3333333333333333,6.666666666666667,21.0,0.3333333333333333,0.20126262626262625,0.1334487613303689,0.017808571900609763,1,0.05555555555555555,1,4.5,3,0.018518518518518517,0.5337950453214756
28,5,Karamo Brown,Jenna Johnson,TV Personality,United States,38,8,21.0,0.1680168505122578,8.0,1.0,9.0,0.23529410380622917,6.027713773341708,6.066187490949809,3,0.3333333333333333,6.666666666666667,21.666666666666668,0.3333333333333333,0.20126262626262625,0.1334487613303689,0.017808571900609763,1,0.05555555555555555,1,4.5,3,0.018518518518518517,0.6672438066518445
28,6,Karamo Brown,Jenna Johnson,TV Personality,United States,38,8,25.0,0.1147071785587631,6.5,4.0,9.0,0.47058820761245834,3.5118845842842457,6.066187490949809,3,0.3333333333333333,6.666666666666667,24.666666666666668,0.3333333333333333,0.20126262626262625,0.1334487613303689,0.017808571900609763,1,0.05555555555555555,1,4.5,3,0.018518518518518517,0.8006925679822134
28,7,Karamo Brown,Jenna Johnson,TV Personality,United States,38,8,24.5,0.1080003852725907,6.0,8.0,8.0,0.4411764446366797,2.1794494717703365,6.066187490949809,3,0.3333333333333333,6.666666666666667,23.5,0.3333333333333333,0.20126262626262625,0.1334487613303689,0.017808571900609763,1,0.05555555555555555,1,4.5,3,0.018518518518518517,0.9341413293125823
28,1,Hannah Brown,Alan Bersten,TV Personality,United States,24,1,20.0,0.0666907291226441,2.0,8.0,12.0,0.0,0.0,6.066187490949809,3,0.0,6.666666666666667,20.0,0.2222222222222222,0.20126262626262625,-0.9542285852109489,0.9105521928336892,1,0.05555555555555555,1,6.0,3,0.0,-0.9542285852109489
28,2,Hannah Brown,Alan Bersten,TV Personality,United States,24,1,24.0,0.0694452974709496,1.0,9.0,12.0,0.1999999900000005,2.8284271247461903,6.066187490949809,3,0.0,6.666666666666667,22.0,0.2222222222222222,0.20126262626262625,-0.9542285852109489,0.9105521928336892,1,0.05555555555555555,1,6.0,3,0.0,-1.9084571704218978
28,3,Hannah Brown,Alan Bersten,TV Personality,United States,24,1,21.0,0.1338200757435547,5.0,4.0,10.0,0.04999999750000012,2.081665999466133,6.066187490949809,3,0.0,6.666666666666667,21.666666666666668,0.2222222222222222,0.20126262626262625,-0.9542285852109489,0.9105521928336892,1,0.05555555555555555,1,6.0,3,0.0,-2.862685755632847
28,4,Hannah Brown,Alan Bersten,TV Personality,United States,24,1,32.0,0.1319230372008795,2.5,1.0,10.0,0.5999999700000015,5.686240703077327,6.066187490949809,3,0.0,6.666666666666667,25.666666666666668,0.2222222222222222,0.20126262626262625,-0.9542285852109489,0.9105521928336892,1,0.05555555555555555,1,6.0,3,0.0,-3.8169143408437956
28,5,Hannah Brown,Alan Bersten,TV Personality,United States,24,1,25.0,0.1170075751278411,4.0,5.0,9.0,0.2499999875000006,5.5677643628300215,6.066187490949809,3,0.0,6.666666666666667,26.0,0.2222222222222222,0.20126262626262625,-0.9542285852109489,0.9105521928336892,1,0.05555555555555555,1,6.0,3,0.0,-4.771142926054744
28,6,Hannah Brown,Alan Bersten,TV Personality,United States,24,1,24.0,0.1246336001927077,8.0,2.0,9.0,0.1999999900000005,4.358898943540673,6.066187490949809,3,0.0,6.666666666666667,27.0,0.2222222222222222,0.20126262626262625,-0.9542285852109489,0.9105521928336892,1,0.05555555555555555,1,6.0,3,0.0,-5.725371511265694
28,7,Hannah Brown,Alan Bersten,TV Personality,United States,24,1,26.0,0.1239151621207365,4.0,4.0,8.0,0.29999998500000075,0.9999999999999964,6.066187490949809,3,0.0,6.666666666666667,25.0,0.2222222222222222,0.20126262626262625,-0.9542285852109489,0.9105521928336892,1,0.05555555555555555,1,6.0,3,0.0,-6.679600096476642
28,8,Hannah Brown,Alan Bersten,TV Personality,United States,24,1,30.9998,0.1356621669167136,2.0,5.0,7.0,0.5499899725005014,3.605440335566978,6.066187490949809,3,0.0,6.666666666666667,26.99993333333333,0.2222222222222222,0.20126262626262625,-0.9542285852109489,0.9105521928336892,1,0.05555555555555555,1,6.0,3,0.0,-7.633828681687591
28,9,Hannah Brown,Alan Bersten,TV Personality,United States,24,1,35.5,0.1524513677413031,4.0,5.0,6.0,0.7749999612500019,4.752188970709529,6.066187490949809,3,0.0,6.666666666666667,30.833266666666663,0.2222222222222222,0.20126262626262625,-0.9542285852109489,0.9105521928336892,1,0.05555555555555555,1,6.0,3,0.0,-8.58805726689854
28,10,Hannah Brown,Alan Bersten,TV Personality,United States,24,1,27.0,0.2041949234794451,3.5,4.0,5.0,0.34999998250000086,4.252454194932611,6.066187490949809,3,0.0,6.666666666666667,31.1666,0.2222222222222222,0.20126262626262625,-0.9542285852109489,0.9105521928336892,1,0.05555555555555555,1,6.0,3,0.0,-9.542285852109488
28,11,Hannah Brown,Alan Bersten,TV Personality,United States,24,1,29.0,0.267288011868091,3.0,1.0,4.0,0.4499999775000011,4.44409720865779,6.066187490949809,3,0.0,6.666666666666667,30.5,0.2222222222222222,0.20126262626262625,-0.9542285852109489,0.9105521928336892,1,0.05555555555555555,1,6.0,3,0.0,-10.496514437320437
29,1,Anne Heche,Keo Motsepe,Actor/Actress,United States,51,13,18.0,0.0512414005573548,8.0,11.0,15.0,0.0,0.0,4.673788344034521,8,0.125,9.5,18.0,0.4444444444444444,0.15798701298701298,1.1434348688330211,1.3074432992631884,2,0.02631578947368421,1,3.0,16,0.003289473684210526,1.1434348688330211
29,2,Anne Heche,Keo Motsepe,Actor/Actress,United States,51,13,18.0,0.0543183561796535,8.5,11.0,15.0,0.0,0.0,4.673788344034521,8,0.125,9.5,18.0,0.4444444444444444,0.15798701298701298,1.1434348688330211,1.3074432992631884,2,0.02631578947368421,1,3.0,16,0.003289473684210526,2.2868697376660423
29,3,Anne Heche,Keo Motsepe,Actor/Actress,United States,51,13,15.0,0.0672698194404259,13.0,9.0,14.0,-0.1666666574074079,1.7320508075688772,4.673788344034521,8,0.125,9.5,17.0,0.4444444444444444,0.15798701298701298,1.1434348688330211,1.3074432992631884,2,0.02631578947368421,1,3.0,16,0.003289473684210526,3.4303046064990634
29,4,Anne Heche,Keo Motsepe,Actor/Actress,United States,51,13,21.0,0.0612079225239246,11.5,13.0,13.0,0.1666666574074079,3.0,4.673788344034521,8,0.125,9.5,18.0,0.4444444444444444,0.15798701298701298,1.1434348688330211,1.3074432992631884,2,0.02631578947368421,1,3.0,16,0.003289473684210526,4.573739475332085
29,1,Jesse Metcalfe,Sharna Burgess,Actor/Actress,United States,41,12,18.0,0.0291358411331194,8.0,13.0,15.0,0.0,0.0,4.673788344034521,12,0.4166666666666667,5.583333333333333,18.0,0.14285714285714285,0.15798701298701298,0.3665224784463656,0.13433872720646653,2,0.02631578947368421,1,5.0,24,0.010964912280701754,0.3665224784463656
29,2,Jesse Metcalfe,Sharna Burgess,Actor/Actress,United States,41,12,20.0,0.0556858077666498,4.0,10.0,15.0,0.11111110493827195,1.4142135623730951,4.673788344034521,12,0.4166666666666667,5.583333333333333,19.0,0.14285714285714285,0.15798701298701298,0.3665224784463656,0.13433872720646653,2,0.02631578947368421,1,5.0,24,0.010964912280701754,0.7330449568927312
29,3,Jesse Metcalfe,Sharna Burgess,Actor/Actress,United States,41,12,20.0,0.0694668969595333,9.0,7.0,14.0,0.11111110493827195,1.1547005383792517,4.673788344034521,12,0.4166666666666667,5.583333333333333,19.333333333333332,0.14285714285714285,0.15798701298701298,0.3665224784463656,0.13433872720646653,2,0.02631578947368421,1,5.0,24,0.010964912280701754,1.0995674353390967
29,4,Jesse Metcalfe,Sharna Burgess,Actor/Actress,United States,41,12,21.0,0.0660155500841236,11.5,10.0,13.0,0.1666666574074079,0.5773502691896278,4.673788344034521,12,0.4166666666666667,5.583333333333333,20.333333333333332,0.14285714285714285,0.15798701298701298,0.3665224784463656,0.13433872720646653,2,0.02631578947368421,1,5.0,24,0.010964912280701754,1.4660899137854624
29,5,Jesse Metcalfe,Sharna Burgess,Actor/Actress,United States,41,12,19.0,0.0786395641952166,11.5,9.0,12.0,0.055555552469135974,1.0000000000000013,4.673788344034521,12,0.4166666666666667,5.583333333333333,20.0,0.14285714285714285,0.15798701298701298,0.3665224784463656,0.13433872720646653,2,0.02631578947368421,1,5.0,24,0.010964912280701754,1.832612392231828
29,1,Chrishell Stause,Gleb Savchenko,Actor/Actress,United States,39,8,13.0,0.0744240622824301,13.0,6.0,15.0,0.0,0.0,4.673788344034521,7,0.0,8.142857142857142,13.0,0.23076923076923078,0.15798701298701298,0.21114000036903446,0.04458009975583587,2,0.02631578947368421,1,-7.0,14,0.0,0.21114000036903446
29,2,Chrishell Stause,Gleb Savchenko,Actor/Actress,United States,39,8,18.0,0.06566832753551,8.5,9.0,15.0,0.3846153550295881,3.5355339059327378,4.673788344034521,7,0.0,8.142857142857142,15.5,0.23076923076923078,0.15798701298701298,0.21114000036903446,0.04458009975583587,2,0.02631578947368421,1,-7.0,14,0.0,0.42228000073806893
29,3,Chrishell Stause,Gleb Savchenko,Actor/Actress,United States,39,8,22.0,0.0728401414713494,5.0,6.0,14.0,0.6923076390532585,4.509249752822893,4.673788344034521,7,0.0,8.142857142857142,17.666666666666668,0.23076923076923078,0.15798701298701298,0.21114000036903446,0.04458009975583587,2,0.02631578947368421,1,-7.0,14,0.0,0.6334200011071034
29,4,Chrishell Stause,Gleb Savchenko,Actor/Actress,United States,39,8,22.0,0.0851602418660788,8.5,4.0,13.0,0.6923076390532585,2.309401076758501,4.673788344034521,7,0.0,8.142857142857142,20.666666666666668,0.23076923076923078,0.15798701298701298,0.21114000036903446,0.04458009975583587,2,0.02631578947368421,1,-7.0,14,0.0,0.8445600014761379
29,5,Chrishell Stause,Gleb Savchenko,Actor/Actress,United States,39,8,19.0,0.0979581780024204,11.5,2.0,12.0,0.4615384260355057,1.7320508075688743,4.673788344034521,7,0.0,8.142857142857142,21.0,0.23076923076923078,0.15798701298701298,0.21114000036903446,0.04458009975583587,2,0.02631578947368421,1,-7.0,14,0.0,1.0557000018451723
29,6,Chrishell Stause,Gleb Savchenko,Actor/Actress,United States,39,8,24.0,0.104548633775521,7.5,2.0,11.0,0.8461537810650938,2.516611478423581,4.673788344034521,7,0.0,8.142857142857142,21.666666666666668,0.23076923076923078,0.15798701298701298,0.21114000036903446,0.04458009975583587,2,0.02631578947368421,1,-7.0,14,0.0,1.2668400022142068
29,7,Chrishell Stause,Gleb Savchenko,Actor/Actress,United States,39,8,26.0,0.1022755303255955,6.0,4.0,10.0,0.9999999230769291,3.6055512754639873,4.673788344034521,7,0.0,8.142857142857142,23.0,0.23076923076923078,0.15798701298701298,0.21114000036903446,0.04458009975583587,2,0.02631578947368421,1,-7.0,14,0.0,1.4779800025832412
29,8,Chrishell Stause,Gleb Savchenko,Actor/Actress,United States,39,8,27.0,0.0966691151254519,5.5,8.0,8.0,1.0769229940828466,1.5275252316519423,4.673788344034521,7,0.0,8.142857142857142,25.666666666666668,0.23076923076923078,0.15798701298701298,0.21114000036903446,0.04458009975583587,2,0.02631578947368421,1,-7.0,14,0.0,1.6891200029522757
29,1,Skai Jackson,Alan Bersten,Actor/Actress,United States,18,5,21.0,0.0204772532490707,1.5,14.0,15.0,0.0,0.0,4.673788344034521,4,0.25,5.25,21.0,0.2222222222222222,0.15798701298701298,-1.4203760194429422,2.0174680366085775,2,0.02631578947368421,1,12.5,8,0.006578947368421052,-1.4203760194429422
29,2,Skai Jackson,Alan Bersten,Actor/Actress,United States,18,5,15.0,0.0470236699524284,14.5,15.0,15.0,-0.28571427210884415,4.242640687119285,4.673788344034521,4,0.25,5.25,18.0,0.2222222222222222,0.15798701298701298,-1.4203760194429422,2.0174680366085775,2,0.02631578947368421,1,12.5,8,0.006578947368421052,-2.8407520388858845
29,3,Skai Jackson,Alan Bersten,Actor/Actress,United States,18,5,18.0,0.0686635406142466,11.5,8.0,14.0,-0.14285713605442207,3.0,4.673788344034521,4,0.25,5.25,18.0,0.2222222222222222,0.15798701298701298,-1.4203760194429422,2.0174680366085775,2,0.02631578947368421,1,12.5,8,0.006578947368421052,-4.2611280583288265
29,4,Skai Jackson,Alan Bersten,Actor/Actress,United States,18,5,28.0,0.0665931323994163,1.0,9.0,13.0,0.3333333174603182,6.806859285554046,4.673788344034521,4,0.25,5.25,20.333333333333332,0.2222222222222222,0.15798701298701298,-1.4203760194429422,2.0174680366085775,2,0.02631578947368421,1,12.5,8,0.006578947368421052,-5.681504077771769
29,5,Skai Jackson,Alan Bersten,Actor/Actress,United States,18,5,24.0,0.0752005275900535,7.0,10.0,12.0,0.14285713605442207,5.033222956847168,4.673788344034521,4,0.25,5.25,23.333333333333332,0.2222222222222222,0.15798701298701298,-1.4203760194429422,2.0174680366085775,2,0.02631578947368421,1,12.5,8,0.006578947368421052,-7.101880097214711
29,6,Skai Jackson,Alan Bersten,Actor/Actress,United States,18,5,18.0,0.092477475205137,11.0,6.0,11.0,-0.14285713605442207,5.033222956847168,4.673788344034521,4,0.25,5.25,23.333333333333332,0.2222222222222222,0.15798701298701298,-1.4203760194429422,2.0174680366085775,2,0.02631578947368421,1,12.5,8,0.006578947368421052,-8.522256116657653
29,7,Skai Jackson,Alan Bersten,Actor/Actress,United States,18,5,27.0,0.0902829387595018,3.0,8.0,10.0,0.28571427210884415,4.582575694955842,4.673788344034521,4,0.25,5.25,23.0,0.2222222222222222,0.15798701298701298,-1.4203760194429422,2.0174680366085775,2,0.02631578947368421,1,12.5,8,0.006578947368421052,-9.942632136100595
29,8,Skai Jackson,Alan Bersten,Actor/Actress,United States,18,5,26.9998,0.1205346364752945,7.0,5.0,8.0,0.2857047482997739,5.196094688641975,4.673788344034521,4,0.25,5.25,23.99993333333333,0.2222222222222222,0.15798701298701298,-1.4203760194429422,2.0174680366085775,2,0.02631578947368421,1,12.5,8,0.006578947368421052,-11.363008155543538
29,9,Skai Jackson,Alan Bersten,Actor/Actress,United States,18,5,28.9998,0.1434604311219052,3.5,4.0,7.0,0.38094283900272197,1.1546428076826725,4.673788344034521,4,0.25,5.25,27.666533333333334,0.2222222222222222,0.15798701298701298,-1.4203760194429422,2.0174680366085775,2,0.02631578947368421,1,12.5,8,0.006578947368421052,-12.78338417498648
29,10,Skai Jackson,Alan Bersten,Actor/Actress,United States,18,5,28.5,0.1158581302303869,4.5,6.0,6.0,0.35714284013605524,1.0408650312760623,4.673788344034521,4,0.25,5.25,28.166533333333334,0.2222222222222222,0.15798701298701298,-1.4203760194429422,2.0174680366085775,2,0.02631578947368421,1,12.5,8,0.006578947368421052,-14.203760194429423
29,1,Justina Machado,Sasha Farber,Actor/Actress,United States,48,4,21.0,0.1128346629094787,1.5,2.0,15.0,0.0,0.0,4.673788344034521,7,0.2857142857142857,5.714285714285714,21.0,0.3333333333333333,0.15798701298701298,0.9103611517170245,0.8287574265555473,2,0.02631578947368421,1,0.5,14,0.007518796992481203,0.9103611517170245
29,2,Justina Machado,Sasha Farber,Actor/Actress,United States,48,4,21.0,0.0864352276202195,2.5,4.0,15.0,0.0,0.0,4.673788344034521,7,0.2857142857142857,5.714285714285714,21.0,0.3333333333333333,0.15798701298701298,0.9103611517170245,0.8287574265555473,2,0.02631578947368421,1,0.5,14,0.007518796992481203,1.820722303434049
29,3,Justina Machado,Sasha Farber,Actor/Actress,United States,48,4,19.0,0.0906043256591103,10.0,1.0,14.0,-0.09523809070294806,1.154700538379251,4.673788344034521,7,0.2857142857142857,5.714285714285714,20.333333333333332,0.3333333333333333,0.15798701298701298,0.9103611517170245,0.8287574265555473,2,0.02631578947368421,1,0.5,14,0.007518796992481203,2.731083455151073
29,4,Justina Machado,Sasha Farber,Actor/Actress,United States,48,4,24.0,0.1014051799523104,5.0,1.0,13.0,0.14285713605442207,2.5166114784235836,4.673788344034521,7,0.2857142857142857,5.714285714285714,21.333333333333332,0.3333333333333333,0.15798701298701298,0.9103611517170245,0.8287574265555473,2,0.02631578947368421,1,0.5,14,0.007518796992481203,3.641444606868098
29,5,Justina Machado,Sasha Farber,Actor/Actress,United States,48,4,24.0,0.1031813993416359,7.0,1.0,12.0,0.14285713605442207,2.886751345948129,4.673788344034521,7,0.2857142857142857,5.714285714285714,22.333333333333332,0.3333333333333333,0.15798701298701298,0.9103611517170245,0.8287574265555473,2,0.02631578947368421,1,0.5,14,0.007518796992481203,4.551805758585123
29,6,Justina Machado,Sasha Farber,Actor/Actress,United States,48,4,27.0,0.1059737642673663,2.5,1.0,11.0,0.28571427210884415,1.7320508075688787,4.673788344034521,7,0.2857142857142857,5.714285714285714,25.0,0.3333333333333333,0.15798701298701298,0.9103611517170245,0.8287574265555473,2,0.02631578947368421,1,0.5,14,0.007518796992481203,5.462166910302146
29,7,Justina Machado,Sasha Farber,Actor/Actress,United States,48,4,26.0,0.1231149715315714,6.0,1.0,10.0,0.23809522675737013,1.5275252316519483,4.673788344034521,7,0.2857142857142857,5.714285714285714,25.666666666666668,0.3333333333333333,0.15798701298701298,0.9103611517170245,0.8287574265555473,2,0.02631578947368421,1,0.5,14,0.007518796992481203,6.372528062019171
29,8,Justina Machado,Sasha Farber,Actor/Actress,United States,48,4,28.9998,0.1801588409745369,3.0,1.0,8.0,0.38094283900272197,1.5274161231744732,4.673788344034521,7,0.2857142857142857,5.714285714285714,27.333266666666663,0.3333333333333333,0.15798701298701298,0.9103611517170245,0.8287574265555473,2,0.02631578947368421,1,0.5,14,0.007518796992481203,7.282889213736196
29,9,Justina Machado,Sasha Farber,Actor/Actress,United States,48,4,25.9998,0.1704045433297772,5.0,2.0,7.0,0.23808570294829987,1.7319930754288069,4.673788344034521,7,0.2857142857142857,5.714285714285714,26.999866666666666,0.3333333333333333,0.15798701298701298,0.9103611517170245,0.8287574265555473,2,0.02631578947368421,1,0.5,14,0.007518796992481203,8.19325036545322
29,10,Justina Machado,Sasha Farber,Actor/Actress,United States,48,4,29.0,0.1960991019251488,3.0,3.0,6.0,0.38095236281179223,1.7321085454824525,4.673788344034521,7,0.2857142857142857,5.714285714285714,27.999866666666666,0.3333333333333333,0.15798701298701298,0.9103611517170245,0.8287574265555473,2,0.02631578947368421,1,0.5,14,0.007518796992481203,9.103611517170245
29,11,Justina Machado,Sasha Farber,Actor/Actress,United States,48,4,30.0,0.2772836350464925,2.0,2.0,4.0,0.4285714081632663,2.0817780893585516,4.673788344034521,7,0.2857142857142857,5.714285714285714,28.333266666666663,0.3333333333333333,0.15798701298701298,0.9103611517170245,0.8287574265555473,2,0.02631578947368421,1,0.5,14,0.007518796992481203,10.01397266888727
29,1,Charles Oakley,Emma Slater,Athlete,United States,56,15,12.0,0.0594340946546608,14.0,10.0,15.0,0.0,0.0,4.673788344034521,11,0.09090909090909091,7.2727272727272725,12.0,0.1875,0.15798701298701298,1.531891064026349,2.34669023204378,3,0.05555555555555555,1,-4.0,33,0.00505050505050505,1.531891064026349
29,2,Charles Oakley,Emma Slater,Athlete,United States,56,15,15.0,0.0486721467217485,14.5,14.0,15.0,0.2499999791666684,0.0,4.673788344034521,11,0.09090909090909091,7.2727272727272725,13.5,0.1875,0.15798701298701298,1.531891064026349,2.34669023204378,3,0.05555555555555555,1,-4.0,33,0.00505050505050505,3.063782128052698
29,1,Veron Davis,Peta Murgatroyd,Athlete,United States,36,11,17.0,0.0160445020309552,11.0,15.0,15.0,0.0,0.0,4.673788344034521,12,0.16666666666666666,6.416666666666667,17.0,0.3333333333333333,0.15798701298701298,-0.021933716746962203,0.0004810879303359702,3,0.05555555555555555,1,4.0,36,0.009259259259259259,-0.021933716746962203
29,2,Veron Davis,Peta Murgatroyd,Athlete,United States,36,11,18.0,0.0689733770126224,8.5,6.0,15.0,0.05882352595155729,0.7071067811865476,4.673788344034521,12,0.16666666666666666,6.416666666666667,17.5,0.3333333333333333,0.15798701298701298,-0.021933716746962203,0.0004810879303359702,3,0.05555555555555555,1,4.0,36,0.009259259259259259,-0.043867433493924406
29,3,Veron Davis,Peta Murgatroyd,Athlete,United States,36,11,22.0,0.0861594633318838,5.0,3.0,14.0,0.2941176297577865,2.6457513110645907,4.673788344034521,12,0.16666666666666666,6.416666666666667,19.0,0.3333333333333333,0.15798701298701298,-0.021933716746962203,0.0004810879303359702,3,0.05555555555555555,1,4.0,36,0.009259259259259259,-0.0658011502408866
29,4,Veron Davis,Peta Murgatroyd,Athlete,United States,36,11,22.0,0.0655085760870104,8.5,11.0,13.0,0.2941176297577865,2.309401076758503,4.673788344034521,12,0.16666666666666666,6.416666666666667,20.666666666666668,0.3333333333333333,0.15798701298701298,-0.021933716746962203,0.0004810879303359702,3,0.05555555555555555,1,4.0,36,0.009259259259259259,-0.08773486698784881
29,5,Veron Davis,Peta Murgatroyd,Athlete,United States,36,11,21.0,0.0877145401265686,10.0,4.0,12.0,0.23529410380622917,0.5773502691896232,4.673788344034521,12,0.16666666666666666,6.416666666666667,21.666666666666668,0.3333333333333333,0.15798701298701298,-0.021933716746962203,0.0004810879303359702,3,0.05555555555555555,1,4.0,36,0.009259259259259259,-0.10966858373481102
29,6,Veron Davis,Peta Murgatroyd,Athlete,United States,36,11,21.0,0.0718709651795684,10.0,11.0,11.0,0.23529410380622917,0.5773502691896232,4.673788344034521,12,0.16666666666666666,6.416666666666667,21.333333333333332,0.3333333333333333,0.15798701298701298,-0.021933716746962203,0.0004810879303359702,3,0.05555555555555555,1,4.0,36,0.009259259259259259,-0.1316023004817732
29,1,Johnny Weir,Britt Stewart,Athlete,United States,36,6,18.0,0.0625149734517973,8.0,8.0,15.0,0.0,0.0,4.673788344034521,0,0.0,6.0,18.0,0.5,0.15798701298701298,-0.021933716746962203,0.0004810879303359702,3,0.05555555555555555,1,0.0,0,0.0,-0.021933716746962203
29,2,Johnny Weir,Britt Stewart,Athlete,United States,36,6,18.0,0.0492583198440974,8.5,13.0,15.0,0.0,0.0,4.673788344034521,0,0.0,6.0,18.0,0.5,0.15798701298701298,-0.021933716746962203,0.0004810879303359702,3,0.05555555555555555,1,0.0,0,0.0,-0.043867433493924406
29,3,Johnny Weir,Britt Stewart,Athlete,United States,36,6,24.0,0.0564146729022381,1.5,13.0,14.0,0.3333333148148158,3.4641016151377544,4.673788344034521,0,0.0,6.0,20.0,0.5,0.15798701298701298,-0.021933716746962203,0.0004810879303359702,3,0.05555555555555555,1,0.0,0,0.0,-0.0658011502408866
29,4,Johnny Weir,Britt Stewart,Athlete,United States,36,6,24.0,0.0747246850907586,5.0,7.0,13.0,0.3333333148148158,3.4641016151377544,4.673788344034521,0,0.0,6.0,22.0,0.5,0.15798701298701298,-0.021933716746962203,0.0004810879303359702,3,0.05555555555555555,1,0.0,0,0.0,-0.08773486698784881
29,5,Johnny Weir,Britt Stewart,Athlete,United States,36,6,29.0,0.0792936506501775,1.0,8.0,12.0,0.6111110771604957,2.886751345948128,4.673788344034521,0,0.0,6.0,25.666666666666668,0.5,0.15798701298701298,-0.021933716746962203,0.0004810879303359702,3,0.05555555555555555,1,0.0,0,0.0,-0.10966858373481102
29,6,Johnny Weir,Britt Stewart,Athlete,United States,36,6,22.0,0.0773535540441662,9.0,10.0,11.0,0.2222222098765439,3.6055512754639887,4.673788344034521,0,0.0,6.0,25.0,0.5,0.15798701298701298,-0.021933716746962203,0.0004810879303359702,3,0.05555555555555555,1,0.0,0,0.0,-0.1316023004817732
29,7,Johnny Weir,Britt Stewart,Athlete,United States,36,6,27.0,0.0931375955834037,3.0,7.0,10.0,0.49999997222222375,3.6055512754639887,4.673788344034521,0,0.0,6.0,26.0,0.5,0.15798701298701298,-0.021933716746962203,0.0004810879303359702,3,0.05555555555555555,1,0.0,0,0.0,-0.15353601722873542
29,8,Johnny Weir,Britt Stewart,Athlete,United States,36,6,30.0,0.1271106464784309,1.5,3.0,8.0,0.6666666296296316,4.041451884327381,4.673788344034521,0,0.0,6.0,26.333333333333332,0.5,0.15798701298701298,-0.021933716746962203,0.0004810879303359702,3,0.05555555555555555,1,0.0,0,0.0,-0.17546973397569762
29,9,Johnny Weir,Britt Stewart,Athlete,United States,36,6,30.0,0.1094078730408361,1.5,7.0,7.0,0.6666666296296316,1.7320508075688783,4.673788344034521,0,0.0,6.0,29.0,0.5,0.15798701298701298,-0.021933716746962203,0.0004810879303359702,3,0.05555555555555555,1,0.0,0,0.0,-0.19740345072265983
29,10,Johnny Weir,Britt Stewart,Athlete,United States,36,6,28.5,0.119441216673471,4.5,5.0,6.0,0.5833333009259277,0.8660254037844407,4.673788344034521,0,0.0,6.0,29.5,0.5,0.15798701298701298,-0.021933716746962203,0.0004810879303359702,3,0.05555555555555555,1,0.0,0,0.0,-0.21933716746962204
29,1,Nev Schulman,Jenna Johnson,Producer,United States,35,2,20.0,0.0850125124781124,3.5,4.0,15.0,0.0,0.0,4.673788344034521,4,0.25,7.0,20.0,0.1111111111111111,0.15798701298701298,-0.09962495578562776,0.009925131815288285,2,0.09090909090909091,1,0.5,8,0.022727272727272728,-0.09962495578562776
29,2,Nev Schulman,Jenna Johnson,Producer,United States,35,2,21.0,0.070378107494252,2.5,5.0,15.0,0.04999999750000012,0.7071067811865476,4.673788344034521,4,0.25,7.0,20.5,0.1111111111111111,0.15798701298701298,-0.09962495578562776,0.009925131815288285,2,0.09090909090909091,1,0.5,8,0.022727272727272728,-0.19924991157125552
29,3,Nev Schulman,Jenna Johnson,Producer,United States,35,2,24.0,0.0647793150074748,1.5,11.0,14.0,0.1999999900000005,2.081665999466132,4.673788344034521,4,0.25,7.0,21.666666666666668,0.1111111111111111,0.15798701298701298,-0.09962495578562776,0.009925131815288285,2,0.09090909090909091,1,0.5,8,0.022727272727272728,-0.2988748673568833
29,4,Nev Schulman,Jenna Johnson,Producer,United States,35,2,24.0,0.0648496511781223,5.0,12.0,13.0,0.1999999900000005,1.7320508075688763,4.673788344034521,4,0.25,7.0,23.0,0.1111111111111111,0.15798701298701298,-0.09962495578562776,0.009925131815288285,2,0.09090909090909091,1,0.5,8,0.022727272727272728,-0.39849982314251103
29,5,Nev Schulman,Jenna Johnson,Producer,United States,35,2,26.0,0.0693047961309377,3.5,12.0,12.0,0.29999998500000075,1.1547005383792495,4.673788344034521,4,0.25,7.0,24.666666666666668,0.1111111111111111,0.15798701298701298,-0.09962495578562776,0.009925131815288285,2,0.09090909090909091,1,0.5,8,0.022727272727272728,-0.4981247789281388
29,6,Nev Schulman,Jenna Johnson,Producer,United States,35,2,26.0,0.0782405148423126,5.0,9.0,11.0,0.29999998500000075,1.1547005383792495,4.673788344034521,4,0.25,7.0,25.333333333333332,0.1111111111111111,0.15798701298701298,-0.09962495578562776,0.009925131815288285,2,0.09090909090909091,1,0.5,8,0.022727272727272728,-0.5977497347137666
29,7,Nev Schulman,Jenna Johnson,Producer,United States,35,2,30.0,0.0880824666913513,1.0,9.0,10.0,0.4999999750000012,2.309401076758503,4.673788344034521,4,0.25,7.0,27.333333333333332,0.1111111111111111,0.15798701298701298,-0.09962495578562776,0.009925131815288285,2,0.09090909090909091,1,0.5,8,0.022727272727272728,-0.6973746904993943
29,8,Nev Schulman,Jenna Johnson,Producer,United States,35,2,30.0,0.1075032446921887,1.5,6.0,8.0,0.4999999750000012,2.309401076758503,4.673788344034521,4,0.25,7.0,28.666666666666668,0.1111111111111111,0.15798701298701298,-0.09962495578562776,0.009925131815288285,2,0.09090909090909091,1,0.5,8,0.022727272727272728,-0.7969996462850221
29,9,Nev Schulman,Jenna Johnson,Producer,United States,35,2,28.9998,0.1331257002036505,3.5,5.0,7.0,0.4499899775005011,0.5774657392434598,4.673788344034521,4,0.25,7.0,29.6666,0.1111111111111111,0.15798701298701298,-0.09962495578562776,0.009925131815288285,2,0.09090909090909091,1,0.5,8,0.022727272727272728,-0.8966246020706499
29,10,Nev Schulman,Jenna Johnson,Producer,United States,35,2,30.0,0.1519894467664027,1.5,4.0,6.0,0.4999999750000012,0.5774657392434598,4.673788344034521,4,0.25,7.0,29.6666,0.1111111111111111,0.15798701298701298,-0.09962495578562776,0.009925131815288285,2,0.09090909090909091,1,0.5,8,0.022727272727272728,-0.9962495578562776
29,11,Nev Schulman,Jenna Johnson,Producer,United States,35,2,30.0,0.2005824056658823,2.0,4.0,4.0,0.4999999750000012,0.5774657392434598,4.673788344034521,4,0.25,7.0,29.6666,0.1111111111111111,0.15798701298701298,-0.09962495578562776,0.009925131815288285,2,0.09090909090909091,1,0.5,8,0.022727272727272728,-1.0958745136419052
29,1,AJ McLean,Cheryl Burke,Singer/Rapper,United States,42,7,18.0,0.1338808537700934,8.0,1.0,15.0,0.0,0.0,4.673788344034521,22,0.3181818181818182,5.545454545454546,18.0,0.12,0.15798701298701298,0.44421371748503113,0.19732582680187105,2,0.05,1,-7.0,44,0.01590909090909091,0.44421371748503113
29,2,AJ McLean,Cheryl Burke,Singer/Rapper,United States,42,7,19.0,0.0925917412878228,5.0,1.0,15.0,0.055555552469135974,0.7071067811865476,4.673788344034521,22,0.3181818181818182,5.545454545454546,18.5,0.12,0.15798701298701298,0.44421371748503113,0.19732582680187105,2,0.05,1,-7.0,44,0.01590909090909091,0.8884274349700623
29,3,AJ McLean,Cheryl Burke,Singer/Rapper,United States,42,7,21.0,0.0818710660759532,7.5,5.0,14.0,0.1666666574074079,1.5275252316519472,4.673788344034521,22,0.3181818181818182,5.545454545454546,19.333333333333332,0.12,0.15798701298701298,0.44421371748503113,0.19732582680187105,2,0.05,1,-7.0,44,0.01590909090909091,1.3326411524550934
29,4,AJ McLean,Cheryl Burke,Singer/Rapper,United States,42,7,24.0,0.070763169791756,5.0,8.0,13.0,0.3333333148148158,2.516611478423584,4.673788344034521,22,0.3181818181818182,5.545454545454546,21.333333333333332,0.12,0.15798701298701298,0.44421371748503113,0.19732582680187105,2,0.05,1,-7.0,44,0.01590909090909091,1.7768548699401245
29,5,AJ McLean,Cheryl Burke,Singer/Rapper,United States,42,7,24.0,0.0907831032338973,7.0,3.0,12.0,0.3333333148148158,1.7320508075688794,4.673788344034521,22,0.3181818181818182,5.545454545454546,23.0,0.12,0.15798701298701298,0.44421371748503113,0.19732582680187105,2,0.05,1,-7.0,44,0.01590909090909091,2.2210685874251554
29,6,AJ McLean,Cheryl Burke,Singer/Rapper,United States,42,7,27.0,0.0957677280312403,2.5,5.0,11.0,0.49999997222222375,1.7320508075688794,4.673788344034521,22,0.3181818181818182,5.545454545454546,25.0,0.12,0.15798701298701298,0.44421371748503113,0.19732582680187105,2,0.05,1,-7.0,44,0.01590909090909091,2.665282304910187
29,7,AJ McLean,Cheryl Burke,Singer/Rapper,United States,42,7,26.0,0.1015139023998886,6.0,5.0,10.0,0.4444444197530878,1.527525231651949,4.673788344034521,22,0.3181818181818182,5.545454545454546,25.666666666666668,0.12,0.15798701298701298,0.44421371748503113,0.19732582680187105,2,0.05,1,-7.0,44,0.01590909090909091,3.109496022395218
29,8,AJ McLean,Cheryl Burke,Singer/Rapper,United States,42,7,27.0,0.1053076207431713,5.5,7.0,8.0,0.49999997222222375,0.5773502691896302,4.673788344034521,22,0.3181818181818182,5.545454545454546,26.666666666666668,0.12,0.15798701298701298,0.44421371748503113,0.19732582680187105,2,0.05,1,-7.0,44,0.01590909090909091,3.553709739880249
29,9,AJ McLean,Cheryl Burke,Singer/Rapper,United States,42,7,24.9998,0.111391368375865,6.0,6.0,7.0,0.388877756173458,1.000100001666503,4.673788344034521,22,0.3181818181818182,5.545454545454546,25.99993333333333,0.12,0.15798701298701298,0.44421371748503113,0.19732582680187105,2,0.05,1,-7.0,44,0.01590909090909091,3.99792345736528
29,1,Nelly,Daniella Karagach,Singer/Rapper,United States,45,3,16.0,0.0968946121839375,12.0,3.0,15.0,0.0,0.0,4.673788344034521,0,0.0,6.0,16.0,0.4,0.15798701298701298,0.6772874346010278,0.45871826906844154,2,0.05,1,-9.0,0,0.0,0.6772874346010278
29,2,Nelly,Daniella Karagach,Singer/Rapper,United States,45,3,18.0,0.0885611254779945,8.5,3.0,15.0,0.12499999218750048,1.4142135623730951,4.673788344034521,0,0.0,6.0,17.0,0.4,0.15798701298701298,0.6772874346010278,0.45871826906844154,2,0.05,1,-9.0,0,0.0,1.3545748692020556
29,3,Nelly,Daniella Karagach,Singer/Rapper,United States,45,3,18.0,0.0640679300635379,11.5,12.0,14.0,0.12499999218750048,1.1547005383792517,4.673788344034521,0,0.0,6.0,17.333333333333332,0.4,0.15798701298701298,0.6772874346010278,0.45871826906844154,2,0.05,1,-9.0,0,0.0,2.0318623038030834
29,4,Nelly,Daniella Karagach,Singer/Rapper,United States,45,3,21.0,0.0880584415111444,11.5,3.0,13.0,0.3124999804687512,1.7320508075688779,4.673788344034521,0,0.0,6.0,19.0,0.4,0.15798701298701298,0.6772874346010278,0.45871826906844154,2,0.05,1,-9.0,0,0.0,2.709149738404111
29,5,Nelly,Daniella Karagach,Singer/Rapper,United States,45,3,24.0,0.0831593687658352,7.0,5.0,12.0,0.4999999687500019,3.0000000000000004,4.673788344034521,0,0.0,6.0,21.0,0.4,0.15798701298701298,0.6772874346010278,0.45871826906844154,2,0.05,1,-9.0,0,0.0,3.386437173005139
29,6,Nelly,Daniella Karagach,Singer/Rapper,United States,45,3,24.0,0.0899555957342813,7.5,7.0,11.0,0.4999999687500019,1.7320508075688779,4.673788344034521,0,0.0,6.0,23.0,0.4,0.15798701298701298,0.6772874346010278,0.45871826906844154,2,0.05,1,-9.0,0,0.0,4.063724607606167
29,7,Nelly,Daniella Karagach,Singer/Rapper,United States,45,3,27.0,0.0972591353531225,3.0,6.0,10.0,0.6874999570312527,1.7320508075688779,4.673788344034521,0,0.0,6.0,25.0,0.4,0.15798701298701298,0.6772874346010278,0.45871826906844154,2,0.05,1,-9.0,0,0.0,4.741012042207195
29,8,Nelly,Daniella Karagach,Singer/Rapper,United States,45,3,24.0,0.1376465934782497,8.0,2.0,8.0,0.4999999687500019,1.7320508075688779,4.673788344034521,0,0.0,6.0,25.0,0.4,0.15798701298701298,0.6772874346010278,0.45871826906844154,2,0.05,1,-9.0,0,0.0,5.418299476808222
29,9,Nelly,Daniella Karagach,Singer/Rapper,United States,45,3,24.0,0.1811495494057586,7.0,1.0,7.0,0.4999999687500019,1.7320508075688779,4.673788344034521,0,0.0,6.0,25.0,0.4,0.15798701298701298,0.6772874346010278,0.45871826906844154,2,0.05,1,-9.0,0,0.0,6.09558691140925
29,10,Nelly,Daniella Karagach,Singer/Rapper,United States,45,3,28.0,0.2072376705602288,6.0,2.0,6.0,0.7499999531250029,2.309401076758504,4.673788344034521,0,0.0,6.0,25.333333333333332,0.4,0.15798701298701298,0.6772874346010278,0.45871826906844154,2,0.05,1,-9.0,0,0.0,6.772874346010278
29,11,Nelly,Daniella Karagach,Singer/Rapper,United States,45,3,28.5,0.2381727608456376,4.0,3.0,4.0,0.781249951171878,2.466441431158125,4.673788344034521,0,0.0,6.0,26.833333333333332,0.4,0.15798701298701298,0.6772874346010278,0.45871826906844154,2,0.05,1,-9.0,0,0.0,7.450161780611306
29,1,Kaitlyn Bristowe,Artem Chigvintsev,TV Personality,Canada,35,1,20.0,0.0633536524529714,3.5,7.0,15.0,0.0,0.0,4.673788344034521,8,0.0,8.75,20.0,0.16666666666666666,0.15798701298701298,-0.09962495578562776,0.009925131815288285,1,0.03571428571428571,0,3.5,8,0.0,-0.09962495578562776
29,2,Kaitlyn Bristowe,Artem Chigvintsev,TV Personality,Canada,35,1,22.0,0.0671694101386781,1.0,7.0,15.0,0.09999999500000024,1.4142135623730951,4.673788344034521,8,0.0,8.75,21.0,0.16666666666666666,0.15798701298701298,-0.09962495578562776,0.009925131815288285,1,0.03571428571428571,0,3.5,8,0.0,-0.19924991157125552
29,3,Kaitlyn Bristowe,Artem Chigvintsev,TV Personality,Canada,35,1,23.0,0.0905426564161679,3.0,2.0,14.0,0.14999999250000037,1.5275252316519463,4.673788344034521,8,0.0,8.75,21.666666666666668,0.16666666666666666,0.15798701298701298,-0.09962495578562776,0.009925131815288285,1,0.03571428571428571,0,3.5,8,0.0,-0.2988748673568833
29,4,Kaitlyn Bristowe,Artem Chigvintsev,TV Personality,Canada,35,1,25.0,0.0963635587150659,2.0,2.0,13.0,0.2499999875000006,1.5275252316519463,4.673788344034521,8,0.0,8.75,23.333333333333332,0.16666666666666666,0.15798701298701298,-0.09962495578562776,0.009925131815288285,1,0.03571428571428571,0,3.5,8,0.0,-0.39849982314251103
29,5,Kaitlyn Bristowe,Artem Chigvintsev,TV Personality,Canada,35,1,27.0,0.0796930388607799,2.0,7.0,12.0,0.34999998250000086,2.0,4.673788344034521,8,0.0,8.75,25.0,0.16666666666666666,0.15798701298701298,-0.09962495578562776,0.009925131815288285,1,0.03571428571428571,0,3.5,8,0.0,-0.4981247789281388
29,6,Kaitlyn Bristowe,Artem Chigvintsev,TV Personality,Canada,35,1,27.0,0.0783557795272633,2.5,8.0,11.0,0.34999998250000086,1.1547005383792517,4.673788344034521,8,0.0,8.75,26.333333333333332,0.16666666666666666,0.15798701298701298,-0.09962495578562776,0.009925131815288285,1,0.03571428571428571,0,3.5,8,0.0,-0.5977497347137666
29,7,Kaitlyn Bristowe,Artem Chigvintsev,TV Personality,Canada,35,1,24.0,0.109692245112759,9.0,2.0,10.0,0.1999999900000005,1.7320508075688779,4.673788344034521,8,0.0,8.75,26.0,0.16666666666666666,0.15798701298701298,-0.09962495578562776,0.009925131815288285,1,0.03571428571428571,0,3.5,8,0.0,-0.6973746904993943
29,8,Kaitlyn Bristowe,Artem Chigvintsev,TV Personality,Canada,35,1,28.0,0.1250693020326758,4.0,4.0,8.0,0.399999980000001,2.0816659994661335,4.673788344034521,8,0.0,8.75,26.333333333333332,0.16666666666666666,0.15798701298701298,-0.09962495578562776,0.009925131815288285,1,0.03571428571428571,0,3.5,8,0.0,-0.7969996462850221
29,9,Kaitlyn Bristowe,Artem Chigvintsev,TV Personality,Canada,35,1,30.0,0.151060534522207,1.5,3.0,7.0,0.4999999750000012,3.0550504633038944,4.673788344034521,8,0.0,8.75,27.333333333333332,0.16666666666666666,0.15798701298701298,-0.09962495578562776,0.009925131815288285,1,0.03571428571428571,0,3.5,8,0.0,-0.8966246020706499
29,10,Kaitlyn Bristowe,Artem Chigvintsev,TV Personality,Canada,35,1,30.0,0.2093744338443616,1.5,1.0,6.0,0.4999999750000012,1.1547005383792557,4.673788344034521,8,0.0,8.75,29.333333333333332,0.16666666666666666,0.15798701298701298,-0.09962495578562776,0.009925131815288285,1,0.03571428571428571,0,3.5,8,0.0,-0.9962495578562776
29,11,Kaitlyn Bristowe,Artem Chigvintsev,TV Personality,Canada,35,1,30.0,0.2839611984419873,2.0,1.0,4.0,0.4999999750000012,0.0,4.673788344034521,8,0.0,8.75,30.0,0.16666666666666666,0.15798701298701298,-0.09962495578562776,0.009925131815288285,1,0.03571428571428571,0,3.5,8,0.0,-1.0958745136419052
29,1,Carole Baskin,Pasha Pashkov,TV Personality,United States,59,14,11.0,0.0509199086470472,15.0,12.0,15.0,0.0,0.0,4.673788344034521,1,0.0,7.0,11.0,0.5714285714285714,0.15798701298701298,1.7649647811423457,3.115100678672848,1,0.03571428571428571,1,-3.0,1,0.0,1.7649647811423457
29,2,Carole Baskin,Pasha Pashkov,TV Personality,United States,59,14,16.0,0.0492863355870328,12.5,12.0,15.0,0.4545454132231443,3.5355339059327378,4.673788344034521,1,0.0,7.0,13.5,0.5714285714285714,0.15798701298701298,1.7649647811423457,3.115100678672848,1,0.03571428571428571,1,-3.0,1,0.0,3.5299295622846913
29,3,Carole Baskin,Pasha Pashkov,TV Personality,United States,59,14,12.0,0.0376191005229702,14.0,14.0,14.0,0.09090908264462885,2.6457513110645907,4.673788344034521,1,0.0,7.0,13.0,0.5714285714285714,0.15798701298701298,1.7649647811423457,3.115100678672848,1,0.03571428571428571,1,-3.0,1,0.0,5.294894343427037
29,1,Monica Aldama,Valentin Chmerkovskiy,TV Personality,United States,48,10,19.0,0.0824798347144455,5.0,5.0,15.0,0.0,0.0,4.673788344034521,15,0.4666666666666667,5.266666666666667,19.0,0.10526315789473684,0.15798701298701298,0.9103611517170245,0.8287574265555473,1,0.03571428571428571,1,0.0,15,0.016666666666666666,0.9103611517170245
29,2,Monica Aldama,Valentin Chmerkovskiy,TV Personality,United States,48,10,16.0,0.0894690011420656,12.5,2.0,15.0,-0.15789472853185638,2.1213203435596424,4.673788344034521,15,0.4666666666666667,5.266666666666667,17.5,0.10526315789473684,0.15798701298701298,0.9103611517170245,0.8287574265555473,1,0.03571428571428571,1,0.0,15,0.016666666666666666,1.820722303434049
29,3,Monica Aldama,Valentin Chmerkovskiy,TV Personality,United States,48,10,21.0,0.0660208401979612,7.5,10.0,14.0,0.10526315235457093,2.5166114784235827,4.673788344034521,15,0.4666666666666667,5.266666666666667,18.666666666666668,0.10526315789473684,0.15798701298701298,0.9103611517170245,0.8287574265555473,1,0.03571428571428571,1,0.0,15,0.016666666666666666,2.731083455151073
29,4,Monica Aldama,Valentin Chmerkovskiy,TV Personality,United States,48,10,24.0,0.0751152750925925,5.0,6.0,13.0,0.26315788088642733,4.041451884327381,4.673788344034521,15,0.4666666666666667,5.266666666666667,20.333333333333332,0.10526315789473684,0.15798701298701298,0.9103611517170245,0.8287574265555473,1,0.03571428571428571,1,0.0,15,0.016666666666666666,3.641444606868098
29,5,Monica Aldama,Valentin Chmerkovskiy,TV Personality,United States,48,10,26.0,0.0816902407279713,3.5,6.0,12.0,0.36842103324099823,2.516611478423584,4.673788344034521,15,0.4666666666666667,5.266666666666667,23.666666666666668,0.10526315789473684,0.15798701298701298,0.9103611517170245,0.8287574265555473,1,0.03571428571428571,1,0.0,15,0.016666666666666666,4.551805758585123
29,6,Monica Aldama,Valentin Chmerkovskiy,TV Personality,United States,48,10,27.0,0.1009310855303824,2.5,4.0,11.0,0.4210526094182837,1.5275252316519472,4.673788344034521,15,0.4666666666666667,5.266666666666667,25.666666666666668,0.10526315789473684,0.15798701298701298,0.9103611517170245,0.8287574265555473,1,0.03571428571428571,1,0.0,15,0.016666666666666666,5.462166910302146
29,7,Monica Aldama,Valentin Chmerkovskiy,TV Personality,United States,48,10,22.0,0.0855326468219098,10.0,10.0,10.0,0.15789472853185638,2.6457513110645907,4.673788344034521,15,0.4666666666666667,5.266666666666667,25.0,0.10526315789473684,0.15798701298701298,0.9103611517170245,0.8287574265555473,1,0.03571428571428571,1,0.0,15,0.016666666666666666,6.372528062019171
29,1,Jeannie Mai,Brandon Armstrong,TV Personality,United States,41,9,18.0,0.0613518354845246,8.0,9.0,15.0,0.0,0.0,4.673788344034521,2,0.0,11.0,18.0,0.25,0.15798701298701298,0.3665224784463656,0.13433872720646653,1,0.03571428571428571,1,1.0,2,0.0,0.3665224784463656
29,2,Jeannie Mai,Brandon Armstrong,TV Personality,United States,41,9,18.0,0.0665090462392239,8.5,8.0,15.0,0.0,0.0,4.673788344034521,2,0.0,11.0,18.0,0.25,0.15798701298701298,0.3665224784463656,0.13433872720646653,1,0.03571428571428571,1,1.0,2,0.0,0.7330449568927312
29,3,Jeannie Mai,Brandon Armstrong,TV Personality,United States,41,9,22.0,0.0836802313371468,5.0,4.0,14.0,0.2222222098765439,2.3094010767585034,4.673788344034521,2,0.0,11.0,19.333333333333332,0.25,0.15798701298701298,0.3665224784463656,0.13433872720646653,1,0.03571428571428571,1,1.0,2,0.0,1.0995674353390967
29,4,Jeannie Mai,Brandon Armstrong,TV Personality,United States,41,9,21.0,0.0842346157076956,11.5,5.0,13.0,0.1666666574074079,2.0816659994661335,4.673788344034521,2,0.0,11.0,20.333333333333332,0.25,0.15798701298701298,0.3665224784463656,0.13433872720646653,1,0.03571428571428571,1,1.0,2,0.0,1.4660899137854624
29,5,Jeannie Mai,Brandon Armstrong,TV Personality,United States,41,9,24.0,0.0733815923745056,7.0,11.0,12.0,0.3333333148148158,1.5275252316519492,4.673788344034521,2,0.0,11.0,22.333333333333332,0.25,0.15798701298701298,0.3665224784463656,0.13433872720646653,1,0.03571428571428571,1,1.0,2,0.0,1.832612392231828
29,6,Jeannie Mai,Brandon Armstrong,TV Personality,United States,41,9,25.0,0.1045249038627608,6.0,3.0,11.0,0.3888888672839518,2.081665999466135,4.673788344034521,2,0.0,11.0,23.333333333333332,0.25,0.15798701298701298,0.3665224784463656,0.13433872720646653,1,0.03571428571428571,1,1.0,2,0.0,2.1991348706781935
29,7,Jeannie Mai,Brandon Armstrong,TV Personality,United States,41,9,25.0,0.1091085674208959,8.0,3.0,10.0,0.3888888672839518,0.5773502691896355,4.673788344034521,2,0.0,11.0,24.666666666666668,0.25,0.15798701298701298,0.3665224784463656,0.13433872720646653,1,0.03571428571428571,1,1.0,2,0.0,2.5656573491245593
30,1,Martin Kove,Britt Stewart,Actor/Actress,United States,75,15,13.0,0.0608760680370144,15.0,10.0,15.0,0.0,0.0,7.012962226772591,1,0.0,6.0,13.0,0.5,0.26526589754850627,3.0080246057609945,9.048212028863587,2,0.06666666666666667,1,-5.0,2,0.0,3.0080246057609945
30,2,Martin Kove,Britt Stewart,Actor/Actress,United States,75,15,15.0,0.044973794477519,15.0,15.0,15.0,0.15384614201183525,0.0,7.012962226772591,1,0.0,6.0,14.0,0.5,0.26526589754850627,3.0080246057609945,9.048212028863587,2,0.06666666666666667,1,-5.0,2,0.0,6.016049211521989
30,1,Brian Austin Green,Sharna Burgess,Actor/Actress,United States,48,13,24.0,0.0896638763964614,10.5,6.0,15.0,0.0,0.0,7.012962226772591,13,0.38461538461538464,6.076923076923077,24.0,0.14285714285714285,0.26526589754850627,0.9103611517170245,0.8287574265555473,2,0.06666666666666667,1,-4.5,26,0.025641025641025644,0.9103611517170245
30,2,Brian Austin Green,Sharna Burgess,Actor/Actress,United States,48,13,23.0,0.0717939099196649,13.0,4.0,15.0,-0.041666664930555625,0.7071067811865476,7.012962226772591,13,0.38461538461538464,6.076923076923077,23.5,0.14285714285714285,0.26526589754850627,0.9103611517170245,0.8287574265555473,2,0.06666666666666667,1,-4.5,26,0.025641025641025644,1.820722303434049
30,3,Brian Austin Green,Sharna Burgess,Actor/Actress,United States,48,13,19.0,0.0883903598541562,12.5,1.0,14.0,-0.20833332465277812,2.6457513110645907,7.012962226772591,13,0.38461538461538464,6.076923076923077,22.0,0.14285714285714285,0.26526589754850627,0.9103611517170245,0.8287574265555473,2,0.06666666666666667,1,-4.5,26,0.025641025641025644,2.731083455151073
30,4,Brian Austin Green,Sharna Burgess,Actor/Actress,United States,48,13,26.0,0.0548293265165308,13.0,12.0,13.0,0.08333332986111125,3.5118845842842457,7.012962226772591,13,0.38461538461538464,6.076923076923077,22.666666666666668,0.14285714285714285,0.26526589754850627,0.9103611517170245,0.8287574265555473,2,0.06666666666666667,1,-4.5,26,0.025641025641025644,3.641444606868098
30,1,Melora Hardin,Artem Chigvintsev,Actor/Actress,United States,54,6,26.0,0.0683015009269528,5.5,9.0,15.0,0.0,0.0,7.012962226772591,9,0.1111111111111111,7.888888888888889,26.0,0.3333333333333333,0.26526589754850627,1.3765085859490178,1.8947758871913645,2,0.06666666666666667,1,3.5,18,0.007407407407407407,1.3765085859490178
30,2,Melora Hardin,Artem Chigvintsev,Actor/Actress,United States,54,6,27.0,0.0629608848500702,6.0,9.0,15.0,0.03846153698224858,0.7071067811865476,7.012962226772591,9,0.1111111111111111,7.888888888888889,26.5,0.3333333333333333,0.26526589754850627,1.3765085859490178,1.8947758871913645,2,0.06666666666666667,1,3.5,18,0.007407407407407407,2.7530171718980356
30,3,Melora Hardin,Artem Chigvintsev,Actor/Actress,United States,54,6,23.0,0.0660782447792587,4.0,9.0,14.0,-0.11538461094674572,2.081665999466132,7.012962226772591,9,0.1111111111111111,7.888888888888889,25.333333333333332,0.3333333333333333,0.26526589754850627,1.3765085859490178,1.8947758871913645,2,0.06666666666666667,1,3.5,18,0.007407407407407407,4.129525757847054
30,4,Melora Hardin,Artem Chigvintsev,Actor/Actress,United States,54,6,36.5,0.0949969279706248,1.0,3.0,13.0,0.40384613831361005,6.934214687571574,7.012962226772591,9,0.1111111111111111,7.888888888888889,28.833333333333332,0.3333333333333333,0.26526589754850627,1.3765085859490178,1.8947758871913645,2,0.06666666666666667,1,3.5,18,0.007407407407407407,5.506034343796071
30,5,Melora Hardin,Artem Chigvintsev,Actor/Actress,United States,54,6,36.0,0.0784458844042932,5.0,10.0,11.0,0.3846153698224858,7.653975002136691,7.012962226772591,9,0.1111111111111111,7.888888888888889,31.833333333333332,0.3333333333333333,0.26526589754850627,1.3765085859490178,1.8947758871913645,2,0.06666666666666667,1,3.5,18,0.007407407407407407,6.882542929745089
30,6,Melora Hardin,Artem Chigvintsev,Actor/Actress,United States,54,6,34.0,0.0867971384573392,8.5,10.0,10.0,0.30769229585798863,1.3228756555323034,7.012962226772591,9,0.1111111111111111,7.888888888888889,35.5,0.3333333333333333,0.26526589754850627,1.3765085859490178,1.8947758871913645,2,0.06666666666666667,1,3.5,18,0.007407407407407407,8.259051515694107
30,7,Melora Hardin,Artem Chigvintsev,Actor/Actress,United States,54,6,38.0,0.1284526294547783,3.5,3.0,9.0,0.4615384437869829,2.0000000000000053,7.012962226772591,9,0.1111111111111111,7.888888888888889,36.0,0.3333333333333333,0.26526589754850627,1.3765085859490178,1.8947758871913645,2,0.06666666666666667,1,3.5,18,0.007407407407407407,9.635560101643124
30,8,Melora Hardin,Artem Chigvintsev,Actor/Actress,United States,54,6,42.0,0.1641295831157658,2.0,1.0,8.0,0.6153845917159773,4.000000000000003,7.012962226772591,9,0.1111111111111111,7.888888888888889,38.0,0.3333333333333333,0.26526589754850627,1.3765085859490178,1.8947758871913645,2,0.06666666666666667,1,3.5,18,0.007407407407407407,11.012068687592143
30,9,Melora Hardin,Artem Chigvintsev,Actor/Actress,United States,54,6,36.0,0.1709700893824234,5.0,4.0,6.0,0.3846153698224858,3.055050463303896,7.012962226772591,9,0.1111111111111111,7.888888888888889,38.666666666666664,0.3333333333333333,0.26526589754850627,1.3765085859490178,1.8947758871913645,2,0.06666666666666667,1,3.5,18,0.007407407407407407,12.388577273541161
30,1,Matt James,Lindsay Arnold,Athlete,United States,29,12,24.0,0.0995201007705057,10.5,4.0,15.0,0.0,0.0,7.012962226772591,9,0.4444444444444444,4.666666666666667,24.0,0.6,0.26526589754850627,-0.5657723900176211,0.3200983973062512,3,0.03333333333333333,1,-6.5,27,0.014814814814814814,-0.5657723900176211
30,2,Matt James,Lindsay Arnold,Athlete,United States,29,12,22.0,0.048702034898972,14.0,14.0,15.0,-0.08333332986111125,1.4142135623730951,7.012962226772591,9,0.4444444444444444,4.666666666666667,23.0,0.6,0.26526589754850627,-0.5657723900176211,0.3200983973062512,3,0.03333333333333333,1,-6.5,27,0.014814814814814814,-1.1315447800352423
30,3,Matt James,Lindsay Arnold,Athlete,United States,29,12,20.0,0.0811824537274022,10.5,4.0,14.0,-0.1666666597222225,2.0,7.012962226772591,9,0.4444444444444444,4.666666666666667,22.0,0.6,0.26526589754850627,-0.5657723900176211,0.3200983973062512,3,0.03333333333333333,1,-6.5,27,0.014814814814814814,-1.6973171700528633
30,4,Matt James,Lindsay Arnold,Athlete,United States,29,12,28.5,0.0523507924648094,12.0,13.0,13.0,0.18749999218750033,4.444097208657794,7.012962226772591,9,0.4444444444444444,4.666666666666667,23.5,0.6,0.26526589754850627,-0.5657723900176211,0.3200983973062512,3,0.03333333333333333,1,-6.5,27,0.014814814814814814,-2.2630895600704846
30,1,"Mike ""The Miz"" Mizanin",Witney Carson,Athlete,United States,40,9,24.0,0.0063251680319023,10.5,13.0,15.0,0.0,0.0,7.012962226772591,11,0.36363636363636365,5.454545454545454,24.0,0.2857142857142857,0.26526589754850627,0.2888312394077,0.08342348485778811,3,0.03333333333333333,1,2.5,33,0.012121212121212121,0.2888312394077
30,2,"Mike ""The Miz"" Mizanin",Witney Carson,Athlete,United States,40,9,26.0,0.0588919627304552,8.0,10.0,15.0,0.08333332986111125,1.4142135623730951,7.012962226772591,11,0.36363636363636365,5.454545454545454,25.0,0.2857142857142857,0.26526589754850627,0.2888312394077,0.08342348485778811,3,0.03333333333333333,1,2.5,33,0.012121212121212121,0.5776624788154
30,3,"Mike ""The Miz"" Mizanin",Witney Carson,Athlete,United States,40,9,22.0,0.0523910512980642,5.5,14.0,14.0,-0.08333332986111125,2.0,7.012962226772591,11,0.36363636363636365,5.454545454545454,24.0,0.2857142857142857,0.26526589754850627,0.2888312394077,0.08342348485778811,3,0.03333333333333333,1,2.5,33,0.012121212121212121,0.8664937182231001
30,4,"Mike ""The Miz"" Mizanin",Witney Carson,Athlete,United States,40,9,32.5,0.0639615137624998,7.5,9.0,13.0,0.3541666519097228,5.299371031861549,7.012962226772591,11,0.36363636363636365,5.454545454545454,26.833333333333332,0.2857142857142857,0.26526589754850627,0.2888312394077,0.08342348485778811,3,0.03333333333333333,1,2.5,33,0.012121212121212121,1.1553249576308
30,5,"Mike ""The Miz"" Mizanin",Witney Carson,Athlete,United States,40,9,32.0,0.0991291060212437,9.5,4.0,11.0,0.333333319444445,5.923118547972288,7.012962226772591,11,0.36363636363636365,5.454545454545454,28.833333333333332,0.2857142857142857,0.26526589754850627,0.2888312394077,0.08342348485778811,3,0.03333333333333333,1,2.5,33,0.012121212121212121,1.4441561970385
30,6,"Mike ""The Miz"" Mizanin",Witney Carson,Athlete,United States,40,9,34.0,0.0976987995375587,8.5,6.0,10.0,0.41666664930555625,1.0408329997330723,7.012962226772591,11,0.36363636363636365,5.454545454545454,32.833333333333336,0.2857142857142857,0.26526589754850627,0.2888312394077,0.08342348485778811,3,0.03333333333333333,1,2.5,33,0.012121212121212121,1.7329874364462001
30,7,"Mike ""The Miz"" Mizanin",Witney Carson,Athlete,United States,40,9,32.0,0.0961538598147508,9.0,7.0,9.0,0.333333319444445,1.1547005383792561,7.012962226772591,11,0.36363636363636365,5.454545454545454,32.666666666666664,0.2857142857142857,0.26526589754850627,0.2888312394077,0.08342348485778811,3,0.03333333333333333,1,2.5,33,0.012121212121212121,2.0218186758539
30,1,Suni Lee,Sasha Farber,Athlete,United States,18,5,28.0,0.1042021644664134,2.5,2.0,15.0,0.0,0.0,7.012962226772591,8,0.25,5.5,28.0,0.3333333333333333,0.26526589754850627,-1.4203760194429422,2.0174680366085775,3,0.03333333333333333,1,-0.5,24,0.008333333333333333,-1.4203760194429422
30,2,Suni Lee,Sasha Farber,Athlete,United States,18,5,28.0,0.0954069346513434,4.0,2.0,15.0,0.0,0.0,7.012962226772591,8,0.25,5.5,28.0,0.3333333333333333,0.26526589754850627,-1.4203760194429422,2.0174680366085775,3,0.03333333333333333,1,-0.5,24,0.008333333333333333,-2.8407520388858845
30,3,Suni Lee,Sasha Farber,Athlete,United States,18,5,21.0,0.0648481430918929,8.0,10.0,14.0,-0.24999999107142887,4.041451884327381,7.012962226772591,8,0.25,5.5,25.666666666666668,0.3333333333333333,0.26526589754850627,-1.4203760194429422,2.0174680366085775,3,0.03333333333333333,1,-0.5,24,0.008333333333333333,-4.2611280583288265
30,4,Suni Lee,Sasha Farber,Athlete,United States,18,5,34.0,0.1040737788149839,4.5,1.0,13.0,0.21428570663265334,6.506407098647712,7.012962226772591,8,0.25,5.5,27.666666666666668,0.3333333333333333,0.26526589754850627,-1.4203760194429422,2.0174680366085775,3,0.03333333333333333,1,-0.5,24,0.008333333333333333,-5.681504077771769
30,5,Suni Lee,Sasha Farber,Athlete,United States,18,5,36.0,0.0806770853550766,5.0,9.0,11.0,0.28571427551020445,8.144527815247077,7.012962226772591,8,0.25,5.5,30.333333333333332,0.3333333333333333,0.26526589754850627,-1.4203760194429422,2.0174680366085775,3,0.03333333333333333,1,-0.5,24,0.008333333333333333,-7.101880097214711
30,6,Suni Lee,Sasha Farber,Athlete,United States,18,5,36.0,0.098277238170373,6.0,5.0,10.0,0.28571427551020445,1.154700538379251,7.012962226772591,8,0.25,5.5,35.333333333333336,0.3333333333333333,0.26526589754850627,-1.4203760194429422,2.0174680366085775,3,0.03333333333333333,1,-0.5,24,0.008333333333333333,-8.522256116657653
30,7,Suni Lee,Sasha Farber,Athlete,United States,18,5,34.0,0.1077323954124417,7.0,5.0,9.0,0.21428570663265334,1.154700538379251,7.012962226772591,8,0.25,5.5,35.333333333333336,0.3333333333333333,0.26526589754850627,-1.4203760194429422,2.0174680366085775,3,0.03333333333333333,1,-0.5,24,0.008333333333333333,-9.942632136100595
30,8,Suni Lee,Sasha Farber,Athlete,United States,18,5,42.0,0.1152523116544105,2.0,5.0,8.0,0.49999998214285774,4.163331998932264,7.012962226772591,8,0.25,5.5,37.333333333333336,0.3333333333333333,0.26526589754850627,-1.4203760194429422,2.0174680366085775,3,0.03333333333333333,1,-0.5,24,0.008333333333333333,-11.363008155543538
30,9,Suni Lee,Sasha Farber,Athlete,United States,18,5,37.5,0.131630588209642,3.5,6.0,6.0,0.3392857021683678,4.01040313850532,7.012962226772591,8,0.25,5.5,37.833333333333336,0.3333333333333333,0.26526589754850627,-1.4203760194429422,2.0174680366085775,3,0.03333333333333333,1,-0.5,24,0.008333333333333333,-12.78338417498648
30,1,Iman Shumpert,Daniella Karagach,Athlete,United States,31,1,21.0,0.151262514765071,14.0,1.0,15.0,0.0,0.0,7.012962226772591,1,1.0,3.0,21.0,0.4,0.26526589754850627,-0.41038991194028995,0.16841987982235895,3,0.03333333333333333,1,-13.0,3,0.03333333333333333,-0.41038991194028995
30,2,Iman Shumpert,Daniella Karagach,Athlete,United States,31,1,25.0,0.1003594275811163,9.0,1.0,15.0,0.19047618140589612,2.8284271247461903,7.012962226772591,1,1.0,3.0,23.0,0.4,0.26526589754850627,-0.41038991194028995,0.16841987982235895,3,0.03333333333333333,1,-13.0,3,0.03333333333333333,-0.8207798238805799
30,3,Iman Shumpert,Daniella Karagach,Athlete,United States,31,1,19.0,0.0762833442458374,12.5,6.0,14.0,-0.09523809070294806,3.0550504633038935,7.012962226772591,1,1.0,3.0,21.666666666666668,0.4,0.26526589754850627,-0.41038991194028995,0.16841987982235895,3,0.03333333333333333,1,-13.0,3,0.03333333333333333,-1.23116973582087
30,4,Iman Shumpert,Daniella Karagach,Athlete,United States,31,1,31.5,0.084844425560271,9.0,5.0,13.0,0.4999999761904773,6.251666444503684,7.012962226772591,1,1.0,3.0,25.166666666666668,0.4,0.26526589754850627,-0.41038991194028995,0.16841987982235895,3,0.03333333333333333,1,-13.0,3,0.03333333333333333,-1.6415596477611598
30,5,Iman Shumpert,Daniella Karagach,Athlete,United States,31,1,28.0,0.1039424021779305,11.0,1.0,11.0,0.3333333174603182,6.448514040717701,7.012962226772591,1,1.0,3.0,26.166666666666668,0.4,0.26526589754850627,-0.41038991194028995,0.16841987982235895,3,0.03333333333333333,1,-13.0,3,0.03333333333333333,-2.0519495597014497
30,6,Iman Shumpert,Daniella Karagach,Athlete,United States,31,1,40.0,0.1111341108317367,1.5,2.0,10.0,0.9047618616780065,6.171169527191205,7.012962226772591,1,1.0,3.0,33.166666666666664,0.4,0.26526589754850627,-0.41038991194028995,0.16841987982235895,3,0.03333333333333333,1,-13.0,3,0.03333333333333333,-2.46233947164174
30,7,Iman Shumpert,Daniella Karagach,Athlete,United States,31,1,34.0,0.0901707927889661,7.0,8.0,9.0,0.6190475895691624,5.999999999999999,7.012962226772591,1,1.0,3.0,34.0,0.4,0.26526589754850627,-0.41038991194028995,0.16841987982235895,3,0.03333333333333333,1,-13.0,3,0.03333333333333333,-2.87272938358203
30,8,Iman Shumpert,Daniella Karagach,Athlete,United States,31,1,35.0,0.1101425830207538,7.0,7.0,8.0,0.6666666349206364,3.2145502536643176,7.012962226772591,1,1.0,3.0,36.333333333333336,0.4,0.26526589754850627,-0.41038991194028995,0.16841987982235895,3,0.03333333333333333,1,-13.0,3,0.03333333333333333,-3.2831192955223196
30,9,Iman Shumpert,Daniella Karagach,Athlete,United States,31,1,37.5,0.1631954035634739,3.5,5.0,6.0,0.7857142482993215,1.8027756377319952,7.012962226772591,1,1.0,3.0,35.5,0.4,0.26526589754850627,-0.41038991194028995,0.16841987982235895,3,0.03333333333333333,1,-13.0,3,0.03333333333333333,-3.6935092074626095
30,10,Iman Shumpert,Daniella Karagach,Athlete,United States,31,1,40.0,0.2529930818146992,1.5,2.0,4.0,0.9047618616780065,2.5000000000000004,7.012962226772591,1,1.0,3.0,37.5,0.4,0.26526589754850627,-0.41038991194028995,0.16841987982235895,3,0.03333333333333333,1,-13.0,3,0.03333333333333333,-4.103899119402899
30,1,Cody Rigsby,Cheryl Burke,Fitness Instructor,United States,34,3,24.0,0.097200060759491,10.5,5.0,15.0,0.0,0.0,7.012962226772591,23,0.30434782608695654,5.608695652173913,24.0,0.04,0.26526589754850627,-0.1773161948242933,0.03144103294696674,2,0.1,1,-5.5,46,0.030434782608695657,-0.1773161948242933
30,2,Cody Rigsby,Cheryl Burke,Fitness Instructor,United States,34,3,24.0,0.069081055382614,11.0,5.0,15.0,0.0,0.0,7.012962226772591,23,0.30434782608695654,5.608695652173913,24.0,0.04,0.26526589754850627,-0.1773161948242933,0.03144103294696674,2,0.1,1,-5.5,46,0.030434782608695657,-0.3546323896485866
30,3,Cody Rigsby,Cheryl Burke,Fitness Instructor,United States,34,3,18.0,0.078021036882696,14.0,5.0,14.0,-0.24999998958333375,3.4641016151377544,7.012962226772591,23,0.30434782608695654,5.608695652173913,22.0,0.04,0.26526589754850627,-0.1773161948242933,0.03144103294696674,2,0.1,1,-5.5,46,0.030434782608695657,-0.53194858447288
30,4,Cody Rigsby,Cheryl Burke,Fitness Instructor,United States,34,3,29.0,0.0861939875931176,11.0,4.0,13.0,0.20833332465277812,5.507570547286101,7.012962226772591,23,0.30434782608695654,5.608695652173913,23.666666666666668,0.04,0.26526589754850627,-0.1773161948242933,0.03144103294696674,2,0.1,1,-5.5,46,0.030434782608695657,-0.7092647792971732
30,5,Cody Rigsby,Cheryl Burke,Fitness Instructor,United States,34,3,32.0,0.0919439869137161,9.5,6.0,11.0,0.333333319444445,7.371114795831994,7.012962226772591,23,0.30434782608695654,5.608695652173913,26.333333333333332,0.04,0.26526589754850627,-0.1773161948242933,0.03144103294696674,2,0.1,1,-5.5,46,0.030434782608695657,-0.8865809741214665
30,6,Cody Rigsby,Cheryl Burke,Fitness Instructor,United States,34,3,36.0,0.1128918142388053,6.0,1.0,10.0,0.4999999791666675,3.5118845842842465,7.012962226772591,23,0.30434782608695654,5.608695652173913,32.333333333333336,0.04,0.26526589754850627,-0.1773161948242933,0.03144103294696674,2,0.1,1,-5.5,46,0.030434782608695657,-1.06389716894576
30,7,Cody Rigsby,Cheryl Burke,Fitness Instructor,United States,34,3,36.0,0.1288441520324006,5.0,2.0,9.0,0.4999999791666675,2.3094010767585025,7.012962226772591,23,0.30434782608695654,5.608695652173913,34.666666666666664,0.04,0.26526589754850627,-0.1773161948242933,0.03144103294696674,2,0.1,1,-5.5,46,0.030434782608695657,-1.241213363770053
30,8,Cody Rigsby,Cheryl Burke,Fitness Instructor,United States,34,3,38.0,0.1383073593915567,5.0,2.0,8.0,0.5833333090277788,1.1547005383792532,7.012962226772591,23,0.30434782608695654,5.608695652173913,36.666666666666664,0.04,0.26526589754850627,-0.1773161948242933,0.03144103294696674,2,0.1,1,-5.5,46,0.030434782608695657,-1.4185295585943465
30,9,Cody Rigsby,Cheryl Burke,Fitness Instructor,United States,34,3,35.5,0.1758330336201853,6.0,3.0,6.0,0.4791666467013897,1.3228756555322974,7.012962226772591,23,0.30434782608695654,5.608695652173913,36.5,0.04,0.26526589754850627,-0.1773161948242933,0.03144103294696674,2,0.1,1,-5.5,46,0.030434782608695657,-1.5958457534186399
30,10,Cody Rigsby,Cheryl Burke,Fitness Instructor,United States,34,3,38.0,0.2236430956777256,4.0,4.0,4.0,0.5833333090277788,1.4433756729740668,7.012962226772591,23,0.30434782608695654,5.608695652173913,37.166666666666664,0.04,0.26526589754850627,-0.1773161948242933,0.03144103294696674,2,0.1,1,-5.5,46,0.030434782608695657,-1.773161948242933
30,1,Melanie C,Gleb Savchenko,Singer/Rapper,England,47,11,27.0,0.0694181976657565,4.0,8.0,15.0,0.0,0.0,7.012962226772591,8,0.0,8.125,27.0,0.3076923076923077,0.26526589754850627,0.8326699126783589,0.6933391834797858,2,0.07692307692307693,0,4.0,16,0.0,0.8326699126783589
30,2,Melanie C,Gleb Savchenko,Singer/Rapper,England,47,11,30.0,0.0859554083849632,3.0,3.0,15.0,0.11111110699588492,2.1213203435596424,7.012962226772591,8,0.0,8.125,28.5,0.3076923076923077,0.26526589754850627,0.8326699126783589,0.6933391834797858,2,0.07692307692307693,0,4.0,16,0.0,1.6653398253567178
30,3,Melanie C,Gleb Savchenko,Singer/Rapper,England,47,11,22.0,0.0600526702056501,5.5,13.0,14.0,-0.18518517832647488,4.04145188432738,7.012962226772591,8,0.0,8.125,26.333333333333332,0.3076923076923077,0.26526589754850627,0.8326699126783589,0.6933391834797858,2,0.07692307692307693,0,4.0,16,0.0,2.4980097380350768
30,4,Melanie C,Gleb Savchenko,Singer/Rapper,England,47,11,33.0,0.0845914642056828,6.0,6.0,13.0,0.22222221399176983,5.686240703077327,7.012962226772591,8,0.0,8.125,28.333333333333332,0.3076923076923077,0.26526589754850627,0.8326699126783589,0.6933391834797858,2,0.07692307692307693,0,4.0,16,0.0,3.3306796507134355
30,5,Melanie C,Gleb Savchenko,Singer/Rapper,England,47,11,36.0,0.0753658642933647,5.0,11.0,11.0,0.3333333209876548,7.371114795831994,7.012962226772591,8,0.0,8.125,30.333333333333332,0.3076923076923077,0.26526589754850627,0.8326699126783589,0.6933391834797858,2,0.07692307692307693,0,4.0,16,0.0,4.163349563391795
30,1,Jimmie Allen,Emma Slater,Singer/Rapper,United States,36,7,22.0,0.0398562891393691,13.0,11.0,15.0,0.0,0.0,7.012962226772591,12,0.08333333333333333,7.916666666666667,22.0,0.125,0.26526589754850627,-0.021933716746962203,0.0004810879303359702,2,0.07692307692307693,1,-2.0,24,0.00641025641025641,-0.021933716746962203
30,2,Jimmie Allen,Emma Slater,Singer/Rapper,United States,36,7,27.0,0.0581382342585555,6.0,11.0,15.0,0.2272727169421492,3.5355339059327378,7.012962226772591,12,0.08333333333333333,7.916666666666667,24.5,0.125,0.26526589754850627,-0.021933716746962203,0.0004810879303359702,2,0.07692307692307693,1,-2.0,24,0.00641025641025641,-0.043867433493924406
30,3,Jimmie Allen,Emma Slater,Singer/Rapper,United States,36,7,20.0,0.0849398102112117,10.5,3.0,14.0,-0.09090908677685969,3.605551275463989,7.012962226772591,12,0.08333333333333333,7.916666666666667,23.0,0.125,0.26526589754850627,-0.021933716746962203,0.0004810879303359702,2,0.07692307692307693,1,-2.0,24,0.00641025641025641,-0.0658011502408866
30,4,Jimmie Allen,Emma Slater,Singer/Rapper,United States,36,7,32.5,0.0635290970715855,7.5,10.0,13.0,0.47727270557851337,6.264982043070834,7.012962226772591,12,0.08333333333333333,7.916666666666667,26.5,0.125,0.26526589754850627,-0.021933716746962203,0.0004810879303359702,2,0.07692307692307693,1,-2.0,24,0.00641025641025641,-0.08773486698784881
30,5,Jimmie Allen,Emma Slater,Singer/Rapper,United States,36,7,34.0,0.083877391789343,8.0,8.0,11.0,0.5454545206611581,7.686568371733471,7.012962226772591,12,0.08333333333333333,7.916666666666667,28.833333333333332,0.125,0.26526589754850627,-0.021933716746962203,0.0004810879303359702,2,0.07692307692307693,1,-2.0,24,0.00641025641025641,-0.10966858373481102
30,6,Jimmie Allen,Emma Slater,Singer/Rapper,United States,36,7,38.0,0.0976219382382887,3.5,7.0,10.0,0.7272726942148775,2.843120351538665,7.012962226772591,12,0.08333333333333333,7.916666666666667,34.833333333333336,0.125,0.26526589754850627,-0.021933716746962203,0.0004810879303359702,2,0.07692307692307693,1,-2.0,24,0.00641025641025641,-0.1316023004817732
30,7,Jimmie Allen,Emma Slater,Singer/Rapper,United States,36,7,38.0,0.0898034650850559,3.5,9.0,9.0,0.7272726942148775,2.3094010767585047,7.012962226772591,12,0.08333333333333333,7.916666666666667,36.666666666666664,0.125,0.26526589754850627,-0.021933716746962203,0.0004810879303359702,2,0.07692307692307693,1,-2.0,24,0.00641025641025641,-0.15353601722873542
30,8,Jimmie Allen,Emma Slater,Singer/Rapper,United States,36,7,32.0,0.1114324652176611,8.0,6.0,8.0,0.4545454338842984,3.464101615137756,7.012962226772591,12,0.08333333333333333,7.916666666666667,36.0,0.125,0.26526589754850627,-0.021933716746962203,0.0004810879303359702,2,0.07692307692307693,1,-2.0,24,0.00641025641025641,-0.17546973397569762
30,1,Olivia Jade,Valentin Chmerkovskiy,Social Media Personality,United States,21,8,25.0,0.0847942296386474,7.5,7.0,15.0,0.0,0.0,7.012962226772591,16,0.4375,5.5625,25.0,0.05263157894736842,0.26526589754850627,-1.1873023023269456,1.4096867571108656,2,0.05555555555555555,1,-0.5,32,0.024305555555555552,-1.1873023023269456
30,2,Olivia Jade,Valentin Chmerkovskiy,Social Media Personality,United States,21,8,27.0,0.0577620391641952,6.0,12.0,15.0,0.07999999680000013,1.4142135623730951,7.012962226772591,16,0.4375,5.5625,26.0,0.05263157894736842,0.26526589754850627,-1.1873023023269456,1.4096867571108656,2,0.05555555555555555,1,-0.5,32,0.024305555555555552,-2.374604604653891
30,3,Olivia Jade,Valentin Chmerkovskiy,Social Media Personality,United States,21,8,24.0,0.0610575325456022,2.0,11.0,14.0,-0.03999999840000006,1.5275252316519463,7.012962226772591,16,0.4375,5.5625,25.333333333333332,0.05263157894736842,0.26526589754850627,-1.1873023023269456,1.4096867571108656,2,0.05555555555555555,1,-0.5,32,0.024305555555555552,-3.5619069069808367
30,4,Olivia Jade,Valentin Chmerkovskiy,Social Media Personality,United States,21,8,35.0,0.0793602131193719,2.5,7.0,13.0,0.39999998400000064,5.686240703077327,7.012962226772591,16,0.4375,5.5625,28.666666666666668,0.05263157894736842,0.26526589754850627,-1.1873023023269456,1.4096867571108656,2,0.05555555555555555,1,-0.5,32,0.024305555555555552,-4.749209209307782
30,5,Olivia Jade,Valentin Chmerkovskiy,Social Media Personality,United States,21,8,36.0,0.1008589919294156,5.0,3.0,11.0,0.4399999824000007,6.658328118479392,7.012962226772591,16,0.4375,5.5625,31.666666666666668,0.05263157894736842,0.26526589754850627,-1.1873023023269456,1.4096867571108656,2,0.05555555555555555,1,-0.5,32,0.024305555555555552,-5.936511511634728
30,6,Olivia Jade,Valentin Chmerkovskiy,Social Media Personality,United States,21,8,36.0,0.1086996815659722,6.0,3.0,10.0,0.4399999824000007,0.5773502691896079,7.012962226772591,16,0.4375,5.5625,35.666666666666664,0.05263157894736842,0.26526589754850627,-1.1873023023269456,1.4096867571108656,2,0.05555555555555555,1,-0.5,32,0.024305555555555552,-7.123813813961673
30,7,Olivia Jade,Valentin Chmerkovskiy,Social Media Personality,United States,21,8,42.0,0.1058493527559844,1.0,6.0,9.0,0.679999972800001,3.4641016151377517,7.012962226772591,16,0.4375,5.5625,38.0,0.05263157894736842,0.26526589754850627,-1.1873023023269456,1.4096867571108656,2,0.05555555555555555,1,-0.5,32,0.024305555555555552,-8.31111611628862
30,8,Olivia Jade,Valentin Chmerkovskiy,Social Media Personality,United States,21,8,36.0,0.0867736382236675,6.0,8.0,8.0,0.4399999824000007,3.4641016151377517,7.012962226772591,16,0.4375,5.5625,38.0,0.05263157894736842,0.26526589754850627,-1.1873023023269456,1.4096867571108656,2,0.05555555555555555,1,-0.5,32,0.024305555555555552,-9.498418418615564
30,1,JoJo Siwa,Jenna Johnson,Social Media Personality,United States,18,2,29.0,0.0007574564224713,1.0,15.0,15.0,0.0,0.0,7.012962226772591,5,0.4,6.0,29.0,0.1111111111111111,0.26526589754850627,-1.4203760194429422,2.0174680366085775,2,0.05555555555555555,1,14.0,10,0.022222222222222223,-1.4203760194429422
30,2,JoJo Siwa,Jenna Johnson,Social Media Personality,United States,18,2,31.0,0.0658035615753955,2.0,6.0,15.0,0.06896551486325811,1.4142135623730951,7.012962226772591,5,0.4,6.0,30.0,0.1111111111111111,0.26526589754850627,-1.4203760194429422,2.0174680366085775,2,0.05555555555555555,1,14.0,10,0.022222222222222223,-2.8407520388858845
30,3,JoJo Siwa,Jenna Johnson,Social Media Personality,United States,18,2,24.0,0.0861027640274615,2.0,2.0,14.0,-0.17241378715814526,3.605551275463989,7.012962226772591,5,0.4,6.0,28.0,0.1111111111111111,0.26526589754850627,-1.4203760194429422,2.0174680366085775,2,0.05555555555555555,1,14.0,10,0.022222222222222223,-4.2611280583288265
30,4,JoJo Siwa,Jenna Johnson,Social Media Personality,United States,18,2,35.0,0.1011607785601312,2.5,2.0,13.0,0.20689654458977433,5.5677643628300215,7.012962226772591,5,0.4,6.0,30.0,0.1111111111111111,0.26526589754850627,-1.4203760194429422,2.0174680366085775,2,0.05555555555555555,1,14.0,10,0.022222222222222223,-5.681504077771769
30,5,JoJo Siwa,Jenna Johnson,Social Media Personality,United States,18,2,40.0,0.0856043875407239,1.0,7.0,11.0,0.37931033174791956,8.18535277187245,7.012962226772591,5,0.4,6.0,33.0,0.1111111111111111,0.26526589754850627,-1.4203760194429422,2.0174680366085775,2,0.05555555555555555,1,14.0,10,0.022222222222222223,-7.101880097214711
30,6,JoJo Siwa,Jenna Johnson,Social Media Personality,United States,18,2,40.0,0.0916426208872665,1.5,8.0,10.0,0.37931033174791956,2.886751345948128,7.012962226772591,5,0.4,6.0,38.333333333333336,0.1111111111111111,0.26526589754850627,-1.4203760194429422,2.0174680366085775,2,0.05555555555555555,1,14.0,10,0.022222222222222223,-8.522256116657653
30,7,JoJo Siwa,Jenna Johnson,Social Media Personality,United States,18,2,39.0,0.1216862480379868,2.0,4.0,9.0,0.3448275743162905,0.5773502691896171,7.012962226772591,5,0.4,6.0,39.666666666666664,0.1111111111111111,0.26526589754850627,-1.4203760194429422,2.0174680366085775,2,0.05555555555555555,1,14.0,10,0.022222222222222223,-9.942632136100595
30,8,JoJo Siwa,Jenna Johnson,Social Media Personality,United States,18,2,41.0,0.1375594418457236,4.0,3.0,8.0,0.41379308917954866,0.9999999999999947,7.012962226772591,5,0.4,6.0,40.0,0.1111111111111111,0.26526589754850627,-1.4203760194429422,2.0174680366085775,2,0.05555555555555555,1,14.0,10,0.022222222222222223,-11.363008155543538
30,9,JoJo Siwa,Jenna Johnson,Social Media Personality,United States,18,2,40.0,0.1772839048665254,1.0,2.0,6.0,0.37931033174791956,0.9999999999999947,7.012962226772591,5,0.4,6.0,40.0,0.1111111111111111,0.26526589754850627,-1.4203760194429422,2.0174680366085775,2,0.05555555555555555,1,14.0,10,0.022222222222222223,-12.78338417498648
30,10,JoJo Siwa,Jenna Johnson,Social Media Personality,United States,18,2,40.0,0.2256996936582465,1.5,3.0,4.0,0.37931033174791956,0.5773502691896171,7.012962226772591,5,0.4,6.0,40.333333333333336,0.1111111111111111,0.26526589754850627,-1.4203760194429422,2.0174680366085775,2,0.05555555555555555,1,14.0,10,0.022222222222222223,-14.203760194429423
30,1,Christine Chiu,Pasha Pashkov,TV Personality,Taiwan China,38,14,25.0,0.0268535086621978,7.5,12.0,15.0,0.0,0.0,7.012962226772591,2,0.0,10.5,25.0,0.5714285714285714,0.26526589754850627,0.1334487613303689,0.017808571900609763,1,0.05263157894736842,0,4.5,2,0.0,0.1334487613303689
30,2,Christine Chiu,Pasha Pashkov,TV Personality,Taiwan China,38,14,24.0,0.0654247592920735,11.0,7.0,15.0,-0.03999999840000006,0.7071067811865476,7.012962226772591,2,0.0,10.5,24.5,0.5714285714285714,0.26526589754850627,0.1334487613303689,0.017808571900609763,1,0.05263157894736842,0,4.5,2,0.0,0.2668975226607378
30,3,Christine Chiu,Pasha Pashkov,TV Personality,Taiwan China,38,14,21.0,0.0609231630961971,8.0,12.0,14.0,-0.15999999360000025,2.081665999466132,7.012962226772591,2,0.0,10.5,23.333333333333332,0.5714285714285714,0.26526589754850627,0.1334487613303689,0.017808571900609763,1,0.05263157894736842,0,4.5,2,0.0,0.4003462839911067
30,1,Kenya Moore,Brandon Armstrong,TV Personality,United States,50,10,26.0,0.000765281981635,5.5,14.0,15.0,0.0,0.0,7.012962226772591,3,0.0,10.333333333333334,26.0,0.25,0.26526589754850627,1.0657436297943557,1.1358094844472486,1,0.05263157894736842,1,8.5,3,0.0,1.0657436297943557
30,2,Kenya Moore,Brandon Armstrong,TV Personality,United States,50,10,24.0,0.0510519888685775,11.0,13.0,15.0,-0.07692307396449716,1.4142135623730951,7.012962226772591,3,0.0,10.333333333333334,25.0,0.25,0.26526589754850627,1.0657436297943557,1.1358094844472486,1,0.05263157894736842,1,8.5,3,0.0,2.1314872595887113
30,3,Kenya Moore,Brandon Armstrong,TV Personality,United States,50,10,21.0,0.0671594686938447,8.0,8.0,14.0,-0.1923076849112429,2.5166114784235836,7.012962226772591,3,0.0,10.333333333333334,23.666666666666668,0.25,0.26526589754850627,1.0657436297943557,1.1358094844472486,1,0.05263157894736842,1,8.5,3,0.0,3.197230889383067
30,4,Kenya Moore,Brandon Armstrong,TV Personality,United States,50,10,29.5,0.0623986396071764,10.0,11.0,13.0,0.13461537943787003,4.310839052125855,7.012962226772591,3,0.0,10.333333333333334,24.833333333333332,0.25,0.26526589754850627,1.0657436297943557,1.1358094844472486,1,0.05263157894736842,1,8.5,3,0.0,4.262974519177423
30,5,Kenya Moore,Brandon Armstrong,TV Personality,United States,50,10,36.0,0.0971125276306901,5.0,5.0,11.0,0.3846153698224858,7.52218939759784,7.012962226772591,3,0.0,10.333333333333334,28.833333333333332,0.25,0.26526589754850627,1.0657436297943557,1.1358094844472486,1,0.05263157894736842,1,8.5,3,0.0,5.328718148971778
30,6,Kenya Moore,Brandon Armstrong,TV Personality,United States,50,10,32.0,0.0874818668784896,10.0,9.0,10.0,0.23076922189349144,3.2787192621510037,7.012962226772591,3,0.0,10.333333333333334,32.5,0.25,0.26526589754850627,1.0657436297943557,1.1358094844472486,1,0.05263157894736842,1,8.5,3,0.0,6.394461778766134
30,1,Amanda Kloots,Alan Bersten,TV Personality,United States,39,4,28.0,0.1002035823361102,2.5,3.0,15.0,0.0,0.0,7.012962226772591,5,0.2,5.2,28.0,0.2222222222222222,0.26526589754850627,0.21114000036903446,0.04458009975583587,1,0.05263157894736842,1,0.5,5,0.010526315789473684,0.21114000036903446
30,2,Amanda Kloots,Alan Bersten,TV Personality,United States,39,4,32.0,0.0636940039644842,1.0,8.0,15.0,0.14285713775510223,2.8284271247461903,7.012962226772591,5,0.2,5.2,30.0,0.2222222222222222,0.26526589754850627,0.21114000036903446,0.04458009975583587,1,0.05263157894736842,1,0.5,5,0.010526315789473684,0.42228000073806893
30,3,Amanda Kloots,Alan Bersten,TV Personality,United States,39,4,24.0,0.0725699573407248,2.0,7.0,14.0,-0.14285713775510223,4.0,7.012962226772591,5,0.2,5.2,28.0,0.2222222222222222,0.26526589754850627,0.21114000036903446,0.04458009975583587,1,0.05263157894736842,1,0.5,5,0.010526315789473684,0.6334200011071034
30,4,Amanda Kloots,Alan Bersten,TV Personality,United States,39,4,34.0,0.0677090547532143,4.5,8.0,13.0,0.21428570663265334,5.291502622129181,7.012962226772591,5,0.2,5.2,30.0,0.2222222222222222,0.26526589754850627,0.21114000036903446,0.04458009975583587,1,0.05263157894736842,1,0.5,5,0.010526315789473684,0.8445600014761379
30,5,Amanda Kloots,Alan Bersten,TV Personality,United States,39,4,39.0,0.1030423719442021,2.0,2.0,11.0,0.3928571288265311,7.6376261582597325,7.012962226772591,5,0.2,5.2,32.333333333333336,0.2222222222222222,0.26526589754850627,0.21114000036903446,0.04458009975583587,1,0.05263157894736842,1,0.5,5,0.010526315789473684,1.0557000018451723
30,6,Amanda Kloots,Alan Bersten,TV Personality,United States,39,4,38.0,0.1077547911941697,3.5,4.0,10.0,0.35714284438775556,2.6457513110645854,7.012962226772591,5,0.2,5.2,37.0,0.2222222222222222,0.26526589754850627,0.21114000036903446,0.04458009975583587,1,0.05263157894736842,1,0.5,5,0.010526315789473684,1.2668400022142068
30,7,Amanda Kloots,Alan Bersten,TV Personality,United States,39,4,34.0,0.131307104617635,7.0,1.0,9.0,0.21428570663265334,2.6457513110645854,7.012962226772591,5,0.2,5.2,37.0,0.2222222222222222,0.26526589754850627,0.21114000036903446,0.04458009975583587,1,0.05263157894736842,1,0.5,5,0.010526315789473684,1.4779800025832412
30,8,Amanda Kloots,Alan Bersten,TV Personality,United States,39,4,42.0,0.1364026175304608,2.0,4.0,8.0,0.49999998214285774,3.9999999999999964,7.012962226772591,5,0.2,5.2,38.0,0.2222222222222222,0.26526589754850627,0.21114000036903446,0.04458009975583587,1,0.05263157894736842,1,0.5,5,0.010526315789473684,1.6891200029522757
30,9,Amanda Kloots,Alan Bersten,TV Personality,United States,39,4,39.5,0.1810869803577496,2.0,1.0,6.0,0.4107142710459189,4.092676385936222,7.012962226772591,5,0.2,5.2,38.5,0.2222222222222222,0.26526589754850627,0.21114000036903446,0.04458009975583587,1,0.05263157894736842,1,0.5,5,0.010526315789473684,1.9002600033213102
30,10,Amanda Kloots,Alan Bersten,TV Personality,United States,39,4,39.0,0.2976641288493283,3.0,1.0,4.0,0.3928571288265311,1.6072751268321497,7.012962226772591,5,0.2,5.2,40.166666666666664,0.2222222222222222,0.26526589754850627,0.21114000036903446,0.04458009975583587,1,0.05263157894736842,1,0.5,5,0.010526315789473684,2.1114000036903446
31,1,Jason Lewis,Peta Murgatroyd,Actor/Actress,United States,51,16,18.0,0.0466200059045577,15.0,15.0,16.0,0.0,0.0,6.215016711796833,13,0.15384615384615385,6.769230769230769,0.0,0.3333333333333333,0.21073585642084092,1.1434348688330211,1.3074432992631884,2,0.03125,1,0.0,26,0.004807692307692308,1.1434348688330211
31,1,Cheryl Ladd,Louis van Amstel,Actor/Actress,United States,71,14,21.0,0.0586921567236505,10.5,10.0,16.0,0.0,0.0,6.215016711796833,10,0.1,6.3,21.0,0.5454545454545454,0.21073585642084092,2.697259649606332,7.275209617394474,2,0.03125,1,-0.5,20,0.003125,2.697259649606332
31,2,Cheryl Ladd,Louis van Amstel,Actor/Actress,United States,71,14,21.0,0.0701352472502197,15.0,7.0,15.0,0.0,0.0,6.215016711796833,10,0.1,6.3,21.0,0.5454545454545454,0.21073585642084092,2.697259649606332,7.275209617394474,2,0.03125,1,-0.5,20,0.003125,5.394519299212664
31,3,Cheryl Ladd,Louis van Amstel,Actor/Actress,United States,71,14,24.0,0.0505851138123506,13.0,14.0,14.0,0.14285713605442207,1.7320508075688772,6.215016711796833,10,0.1,6.3,22.0,0.5454545454545454,0.21073585642084092,2.697259649606332,7.275209617394474,2,0.03125,1,-0.5,20,0.003125,8.091778948818996
31,1,Selma Blair,Sasha Farber,Actor/Actress,United States,50,12,28.0,0.0574271403091108,4.0,11.0,16.0,0.0,0.0,6.215016711796833,9,0.2222222222222222,5.444444444444445,28.0,0.3333333333333333,0.21073585642084092,1.0657436297943557,1.1358094844472486,2,0.03125,1,7.0,18,0.006944444444444444,1.0657436297943557
31,2,Selma Blair,Sasha Farber,Actor/Actress,United States,50,12,28.0,0.0664282732049302,7.0,9.0,15.0,0.0,0.0,6.215016711796833,9,0.2222222222222222,5.444444444444445,28.0,0.3333333333333333,0.21073585642084092,1.0657436297943557,1.1358094844472486,2,0.03125,1,7.0,18,0.006944444444444444,2.1314872595887113
31,3,Selma Blair,Sasha Farber,Actor/Actress,United States,50,12,28.0,0.063002448429629,9.0,11.0,14.0,0.0,0.0,6.215016711796833,9,0.2222222222222222,5.444444444444445,28.0,0.3333333333333333,0.21073585642084092,1.0657436297943557,1.1358094844472486,2,0.03125,1,7.0,18,0.006944444444444444,3.197230889383067
31,4,Selma Blair,Sasha Farber,Actor/Actress,United States,50,12,32.0,0.0549282474690877,6.5,12.0,13.0,0.14285713775510223,2.3094010767585034,6.215016711796833,9,0.2222222222222222,5.444444444444445,29.333333333333332,0.3333333333333333,0.21073585642084092,1.0657436297943557,1.1358094844472486,2,0.03125,1,7.0,18,0.006944444444444444,4.262974519177423
31,5,Selma Blair,Sasha Farber,Actor/Actress,United States,50,12,40.0,0.058520916382822,4.0,12.0,12.0,0.4285714132653067,6.110100926607786,6.215016711796833,9,0.2222222222222222,5.444444444444445,33.333333333333336,0.3333333333333333,0.21073585642084092,1.0657436297943557,1.1358094844472486,2,0.03125,1,7.0,18,0.006944444444444444,5.328718148971778
31,1,Joseph Baena,Daniella Karagach,Actor/Actress,United States,24,11,23.0,0.048607219319485,9.0,14.0,16.0,0.0,0.0,6.215016711796833,2,1.0,2.0,23.0,0.2,0.21073585642084092,-0.9542285852109489,0.9105521928336892,2,0.03125,1,5.0,4,0.03125,-0.9542285852109489
31,2,Joseph Baena,Daniella Karagach,Actor/Actress,United States,24,11,24.0,0.0740441576506426,13.0,5.0,15.0,0.04347825897920613,0.7071067811865476,6.215016711796833,2,1.0,2.0,23.5,0.2,0.21073585642084092,-0.9542285852109489,0.9105521928336892,2,0.03125,1,5.0,4,0.03125,-1.9084571704218978
31,3,Joseph Baena,Daniella Karagach,Actor/Actress,United States,24,11,29.0,0.0683210995608063,7.5,8.0,14.0,0.2608695538752368,3.214550253664319,6.215016711796833,2,1.0,2.0,25.333333333333332,0.2,0.21073585642084092,-0.9542285852109489,0.9105521928336892,2,0.03125,1,5.0,4,0.03125,-2.862685755632847
31,4,Joseph Baena,Daniella Karagach,Actor/Actress,United States,24,11,28.0,0.0724747819050928,11.5,7.0,13.0,0.21739129489603065,2.6457513110645916,6.215016711796833,2,1.0,2.0,27.0,0.2,0.21073585642084092,-0.9542285852109489,0.9105521928336892,2,0.03125,1,5.0,4,0.03125,-3.8169143408437956
31,5,Joseph Baena,Daniella Karagach,Actor/Actress,United States,24,11,35.0,0.0793315918100722,10.0,10.0,12.0,0.5217391077504736,3.7859388972001824,6.215016711796833,2,1.0,2.0,30.666666666666668,0.2,0.21073585642084092,-0.9542285852109489,0.9105521928336892,2,0.03125,1,5.0,4,0.03125,-4.771142926054744
31,1,Trevor Donovan,Emma Slater,Actor/Actress,United States,39,6,21.0,0.0500757690645406,10.5,12.0,16.0,0.0,0.0,6.215016711796833,13,0.07692307692307693,7.846153846153846,21.0,0.3125,0.21073585642084092,0.21114000036903446,0.04458009975583587,2,0.03125,1,1.5,26,0.002403846153846154,0.21114000036903446
31,2,Trevor Donovan,Emma Slater,Actor/Actress,United States,39,6,30.0,0.0683366020598423,4.0,8.0,15.0,0.4285714081632663,6.363961030678928,6.215016711796833,13,0.07692307692307693,7.846153846153846,25.5,0.3125,0.21073585642084092,0.21114000036903446,0.04458009975583587,2,0.03125,1,1.5,26,0.002403846153846154,0.42228000073806893
31,3,Trevor Donovan,Emma Slater,Actor/Actress,United States,39,6,27.0,0.0527528984655583,10.0,13.0,14.0,0.28571427210884415,4.58257569495584,6.215016711796833,13,0.07692307692307693,7.846153846153846,26.0,0.3125,0.21073585642084092,0.21114000036903446,0.04458009975583587,2,0.03125,1,1.5,26,0.002403846153846154,0.6334200011071034
31,4,Trevor Donovan,Emma Slater,Actor/Actress,United States,39,6,28.0,0.0723439920025216,11.5,8.0,13.0,0.3333333174603182,1.5275252316519465,6.215016711796833,13,0.07692307692307693,7.846153846153846,28.333333333333332,0.3125,0.21073585642084092,0.21114000036903446,0.04458009975583587,2,0.03125,1,1.5,26,0.002403846153846154,0.8445600014761379
31,5,Trevor Donovan,Emma Slater,Actor/Actress,United States,39,6,36.0,0.0811875430660127,7.5,9.0,12.0,0.7142856802721105,4.932882862316248,6.215016711796833,13,0.07692307692307693,7.846153846153846,30.333333333333332,0.3125,0.21073585642084092,0.21114000036903446,0.04458009975583587,2,0.03125,1,1.5,26,0.002403846153846154,1.0557000018451723
31,6,Trevor Donovan,Emma Slater,Actor/Actress,United States,39,6,34.0,0.1030255463406972,6.5,3.0,10.0,0.6190475895691624,4.163331998932267,6.215016711796833,13,0.07692307692307693,7.846153846153846,32.666666666666664,0.3125,0.21073585642084092,0.21114000036903446,0.04458009975583587,2,0.03125,1,1.5,26,0.002403846153846154,1.2668400022142068
31,7,Trevor Donovan,Emma Slater,Actor/Actress,United States,39,6,39.0,0.1145766683956839,1.5,4.0,9.0,0.8571428163265326,2.516611478423586,6.215016711796833,13,0.07692307692307693,7.846153846153846,36.333333333333336,0.3125,0.21073585642084092,0.21114000036903446,0.04458009975583587,2,0.03125,1,1.5,26,0.002403846153846154,1.4779800025832412
31,8,Trevor Donovan,Emma Slater,Actor/Actress,United States,39,6,39.0,0.1332486104276507,5.5,2.0,8.0,0.8571428163265326,2.8867513459481304,6.215016711796833,13,0.07692307692307693,7.846153846153846,37.333333333333336,0.3125,0.21073585642084092,0.21114000036903446,0.04458009975583587,2,0.03125,1,1.5,26,0.002403846153846154,1.6891200029522757
31,9,Trevor Donovan,Emma Slater,Actor/Actress,United States,39,6,32.5,0.1254920172225327,6.0,5.0,6.0,0.5476190215419513,3.752776749732569,6.215016711796833,13,0.07692307692307693,7.846153846153846,36.833333333333336,0.3125,0.21073585642084092,0.21114000036903446,0.04458009975583587,2,0.03125,1,1.5,26,0.002403846153846154,1.9002600033213102
31,1,Daniel Durant,Britt Stewart,Actor/Actress,United States,32,5,27.0,0.0729559979451508,6.0,4.0,16.0,0.0,0.0,6.215016711796833,2,0.0,10.5,27.0,0.5,0.21073585642084092,-0.3326986729016244,0.11068840695050207,2,0.03125,1,-2.0,4,0.0,-0.3326986729016244
31,2,Daniel Durant,Britt Stewart,Actor/Actress,United States,32,5,29.0,0.059580210628272,5.0,12.0,15.0,0.07407407133058995,1.4142135623730951,6.215016711796833,2,0.0,10.5,28.0,0.5,0.21073585642084092,-0.3326986729016244,0.11068840695050207,2,0.03125,1,-2.0,4,0.0,-0.6653973458032488
31,3,Daniel Durant,Britt Stewart,Actor/Actress,United States,32,5,31.0,0.0630532345764776,5.0,10.0,14.0,0.1481481426611799,2.0,6.215016711796833,2,0.0,10.5,29.0,0.5,0.21073585642084092,-0.3326986729016244,0.11068840695050207,2,0.03125,1,-2.0,4,0.0,-0.9980960187048733
31,4,Daniel Durant,Britt Stewart,Actor/Actress,United States,32,5,29.0,0.0756679845299725,9.5,6.0,13.0,0.07407407133058995,1.1547005383792517,6.215016711796833,2,0.0,10.5,29.666666666666668,0.5,0.21073585642084092,-0.3326986729016244,0.11068840695050207,2,0.03125,1,-2.0,4,0.0,-1.3307946916064977
31,5,Daniel Durant,Britt Stewart,Actor/Actress,United States,32,5,33.5,0.0893549472954048,11.0,3.0,12.0,0.24074073182441733,2.2546248764114467,6.215016711796833,2,0.0,10.5,31.166666666666668,0.5,0.21073585642084092,-0.3326986729016244,0.11068840695050207,2,0.03125,1,-2.0,4,0.0,-1.663493364508122
31,6,Daniel Durant,Britt Stewart,Actor/Actress,United States,32,5,34.0,0.1065162789313737,6.5,2.0,10.0,0.2592592496570648,2.7537852736430515,6.215016711796833,2,0.0,10.5,32.166666666666664,0.5,0.21073585642084092,-0.3326986729016244,0.11068840695050207,2,0.03125,1,-2.0,4,0.0,-1.9961920374097466
31,7,Daniel Durant,Britt Stewart,Actor/Actress,United States,32,5,36.5,0.1176415708233828,4.5,2.0,9.0,0.35185183882030224,1.6072751268321623,6.215016711796833,2,0.0,10.5,34.666666666666664,0.5,0.21073585642084092,-0.3326986729016244,0.11068840695050207,2,0.03125,1,-2.0,4,0.0,-2.328890710311371
31,8,Daniel Durant,Britt Stewart,Actor/Actress,United States,32,5,39.0,0.1184872371901772,5.5,6.0,8.0,0.44444442798353967,2.5000000000000027,6.215016711796833,2,0.0,10.5,36.5,0.5,0.21073585642084092,-0.3326986729016244,0.11068840695050207,2,0.03125,1,-2.0,4,0.0,-2.6615893832129953
31,9,Daniel Durant,Britt Stewart,Actor/Actress,United States,32,5,34.5,0.1181710111073066,5.0,6.0,6.0,0.2777777674897123,2.254624876411449,6.215016711796833,2,0.0,10.5,36.666666666666664,0.5,0.21073585642084092,-0.3326986729016244,0.11068840695050207,2,0.03125,1,-2.0,4,0.0,-2.9942880561146197
31,1,Wayne Brady,Witney Carson,Comedian,United States,50,3,29.0,0.0456246539951156,2.0,16.0,16.0,0.0,0.0,6.215016711796833,12,0.3333333333333333,5.75,29.0,0.14285714285714285,0.21073585642084092,1.0657436297943557,1.1358094844472486,1,0.1,1,14.0,12,0.03333333333333333,1.0657436297943557
31,2,Wayne Brady,Witney Carson,Comedian,United States,50,3,32.0,0.0712041441281027,2.0,6.0,15.0,0.10344827229488716,2.1213203435596424,6.215016711796833,12,0.3333333333333333,5.75,30.5,0.14285714285714285,0.21073585642084092,1.0657436297943557,1.1358094844472486,1,0.1,1,14.0,12,0.03333333333333333,2.1314872595887113
31,3,Wayne Brady,Witney Carson,Comedian,United States,50,3,33.0,0.0634701223859484,2.0,9.0,14.0,0.13793102972651622,2.081665999466133,6.215016711796833,12,0.3333333333333333,5.75,31.333333333333332,0.14285714285714285,0.21073585642084092,1.0657436297943557,1.1358094844472486,1,0.1,1,14.0,12,0.03333333333333333,3.197230889383067
31,4,Wayne Brady,Witney Carson,Comedian,United States,50,3,36.0,0.0686799653746225,2.0,11.0,13.0,0.24137930202140337,2.0816659994661344,6.215016711796833,12,0.3333333333333333,5.75,33.666666666666664,0.14285714285714285,0.21073585642084092,1.0657436297943557,1.1358094844472486,1,0.1,1,14.0,12,0.03333333333333333,4.262974519177423
31,5,Wayne Brady,Witney Carson,Comedian,United States,50,3,41.0,0.0822911142608119,2.5,7.0,12.0,0.41379308917954866,4.041451884327382,6.215016711796833,12,0.3333333333333333,5.75,36.666666666666664,0.14285714285714285,0.21073585642084092,1.0657436297943557,1.1358094844472486,1,0.1,1,14.0,12,0.03333333333333333,5.328718148971778
31,6,Wayne Brady,Witney Carson,Comedian,United States,50,3,34.0,0.0938037111816029,6.5,9.0,10.0,0.17241378715814526,3.6055512754639927,6.215016711796833,12,0.3333333333333333,5.75,37.0,0.14285714285714285,0.21073585642084092,1.0657436297943557,1.1358094844472486,1,0.1,1,14.0,12,0.03333333333333333,6.394461778766134
31,7,Wayne Brady,Witney Carson,Comedian,United States,50,3,38.0,0.1012821056199558,3.0,7.0,9.0,0.3103448168846615,3.5118845842842497,6.215016711796833,12,0.3333333333333333,5.75,37.666666666666664,0.14285714285714285,0.21073585642084092,1.0657436297943557,1.1358094844472486,1,0.1,1,14.0,12,0.03333333333333333,7.46020540856049
31,8,Wayne Brady,Witney Carson,Comedian,United States,50,3,45.0,0.1199486793401643,1.5,5.0,8.0,0.5517241189060649,5.567764362830023,6.215016711796833,12,0.3333333333333333,5.75,39.0,0.14285714285714285,0.21073585642084092,1.0657436297943557,1.1358094844472486,1,0.1,1,14.0,12,0.03333333333333333,8.525949038354845
31,9,Wayne Brady,Witney Carson,Comedian,United States,50,3,36.5,0.1666494511168324,3.5,4.0,6.0,0.2586206807372179,4.536885862938735,6.215016711796833,12,0.3333333333333333,5.75,39.833333333333336,0.14285714285714285,0.21073585642084092,1.0657436297943557,1.1358094844472486,1,0.1,1,14.0,12,0.03333333333333333,9.5916926681492
31,10,Wayne Brady,Witney Carson,Comedian,United States,50,3,38.0,0.2328556452570991,3.5,4.0,4.0,0.3103448168846615,4.536885862938735,6.215016711796833,12,0.3333333333333333,5.75,39.833333333333336,0.14285714285714285,0.21073585642084092,1.0657436297943557,1.1358094844472486,1,0.1,1,14.0,12,0.03333333333333333,10.657436297943557
31,1,Sam Champion,Cheryl Burke,News Anchor,United States,61,13,20.0,0.0641238270852335,13.0,7.0,16.0,0.0,0.0,6.215016711796833,24,0.3333333333333333,5.5,20.0,0.04,0.21073585642084092,1.9203472592196766,3.687733595992524,1,0.25,1,-6.0,24,0.08333333333333333,1.9203472592196766
31,2,Sam Champion,Cheryl Burke,News Anchor,United States,61,13,26.0,0.0608711400196541,11.0,10.0,15.0,0.29999998500000075,4.242640687119285,6.215016711796833,24,0.3333333333333333,5.5,23.0,0.04,0.21073585642084092,1.9203472592196766,3.687733595992524,1,0.25,1,-6.0,24,0.08333333333333333,3.8406945184393533
31,3,Sam Champion,Cheryl Burke,News Anchor,United States,61,13,25.0,0.0727402364367506,12.0,6.0,14.0,0.2499999875000006,3.214550253664318,6.215016711796833,24,0.3333333333333333,5.5,23.666666666666668,0.04,0.21073585642084092,1.9203472592196766,3.687733595992524,1,0.25,1,-6.0,24,0.08333333333333333,5.76104177765903
31,4,Sam Champion,Cheryl Burke,News Anchor,United States,61,13,25.0,0.0538228667105811,13.0,13.0,13.0,0.2499999875000006,0.5773502691896224,6.215016711796833,24,0.3333333333333333,5.5,25.333333333333332,0.04,0.21073585642084092,1.9203472592196766,3.687733595992524,1,0.25,1,-6.0,24,0.08333333333333333,7.6813890368787066
31,1,Jessie James Decker,Alan Bersten,Singer/Rapper,Italy,34,10,20.0,0.0702695438920055,13.0,5.0,16.0,0.0,0.0,6.215016711796833,6,0.16666666666666666,5.0,20.0,0.2222222222222222,0.21073585642084092,-0.1773161948242933,0.03144103294696674,2,0.07692307692307693,0,-8.0,12,0.01282051282051282,-0.1773161948242933
31,2,Jessie James Decker,Alan Bersten,Singer/Rapper,Italy,34,10,25.0,0.0795372426230053,12.0,2.0,15.0,0.2499999875000006,3.5355339059327378,6.215016711796833,6,0.16666666666666666,5.0,22.5,0.2222222222222222,0.21073585642084092,-0.1773161948242933,0.03144103294696674,2,0.07692307692307693,0,-8.0,12,0.01282051282051282,-0.3546323896485866
31,3,Jessie James Decker,Alan Bersten,Singer/Rapper,Italy,34,10,26.0,0.0829471311912704,11.0,4.0,14.0,0.29999998500000075,3.214550253664318,6.215016711796833,6,0.16666666666666666,5.0,23.666666666666668,0.2222222222222222,0.21073585642084092,-0.1773161948242933,0.03144103294696674,2,0.07692307692307693,0,-8.0,12,0.01282051282051282,-0.53194858447288
31,4,Jessie James Decker,Alan Bersten,Singer/Rapper,Italy,34,10,31.0,0.0970913607601292,8.0,2.0,13.0,0.5499999725000013,3.214550253664318,6.215016711796833,6,0.16666666666666666,5.0,27.333333333333332,0.2222222222222222,0.21073585642084092,-0.1773161948242933,0.03144103294696674,2,0.07692307692307693,0,-8.0,12,0.01282051282051282,-0.7092647792971732
31,5,Jessie James Decker,Alan Bersten,Singer/Rapper,Italy,34,10,36.0,0.0834452061039357,7.5,5.0,12.0,0.799999960000002,5.0,6.215016711796833,6,0.16666666666666666,5.0,31.0,0.2222222222222222,0.21073585642084092,-0.1773161948242933,0.03144103294696674,2,0.07692307692307693,0,-8.0,12,0.01282051282051282,-0.8865809741214665
31,6,Jessie James Decker,Alan Bersten,Singer/Rapper,Italy,34,10,32.0,0.094659216190339,9.0,7.0,10.0,0.5999999700000015,2.6457513110645907,6.215016711796833,6,0.16666666666666666,5.0,33.0,0.2222222222222222,0.21073585642084092,-0.1773161948242933,0.03144103294696674,2,0.07692307692307693,0,-8.0,12,0.01282051282051282,-1.06389716894576
31,1,Jordin Sparks,Brandon Armstrong,Singer/Rapper,United States,32,9,26.0,0.0635905096859477,7.0,8.0,16.0,0.0,0.0,6.215016711796833,4,0.0,10.25,26.0,0.5,0.21073585642084092,-0.3326986729016244,0.11068840695050207,2,0.07692307692307693,1,1.0,8,0.0,-0.3326986729016244
31,2,Jordin Sparks,Brandon Armstrong,Singer/Rapper,United States,32,9,27.0,0.0598499909443257,9.5,11.0,15.0,0.03846153698224858,0.7071067811865476,6.215016711796833,4,0.0,10.25,26.5,0.5,0.21073585642084092,-0.3326986729016244,0.11068840695050207,2,0.07692307692307693,1,1.0,8,0.0,-0.6653973458032488
31,3,Jordin Sparks,Brandon Armstrong,Singer/Rapper,United States,32,9,29.0,0.0953943887583348,7.5,1.0,14.0,0.11538461094674572,1.5275252316519472,6.215016711796833,4,0.0,10.25,27.333333333333332,0.5,0.21073585642084092,-0.3326986729016244,0.11068840695050207,2,0.07692307692307693,1,1.0,8,0.0,-0.9980960187048733
31,4,Jordin Sparks,Brandon Armstrong,Singer/Rapper,United States,32,9,34.0,0.08486195474383,4.5,5.0,13.0,0.30769229585798863,3.6055512754639896,6.215016711796833,4,0.0,10.25,30.0,0.5,0.21073585642084092,-0.3326986729016244,0.11068840695050207,2,0.07692307692307693,1,1.0,8,0.0,-1.3307946916064977
31,5,Jordin Sparks,Brandon Armstrong,Singer/Rapper,United States,32,9,35.5,0.0990279482259412,9.0,2.0,12.0,0.36538460133136147,3.4034296427770228,6.215016711796833,4,0.0,10.25,32.833333333333336,0.5,0.21073585642084092,-0.3326986729016244,0.11068840695050207,2,0.07692307692307693,1,1.0,8,0.0,-1.663493364508122
31,6,Jordin Sparks,Brandon Armstrong,Singer/Rapper,United States,32,9,34.0,0.0945977081483552,6.5,8.0,10.0,0.30769229585798863,0.8660254037844346,6.215016711796833,4,0.0,10.25,34.5,0.5,0.21073585642084092,-0.3326986729016244,0.11068840695050207,2,0.07692307692307693,1,1.0,8,0.0,-1.9961920374097466
31,7,Jordin Sparks,Brandon Armstrong,Singer/Rapper,United States,32,9,34.5,0.0865733731616645,8.0,9.0,9.0,0.3269230643491129,0.7637626158259685,6.215016711796833,4,0.0,10.25,34.666666666666664,0.5,0.21073585642084092,-0.3326986729016244,0.11068840695050207,2,0.07692307692307693,1,1.0,8,0.0,-2.328890710311371
31,1,Heidi D'Amelio,Artem Chigvintsev,Social Media Personality,United States,50,8,24.0,0.079163152297246,8.0,3.0,16.0,0.0,0.0,6.215016711796833,10,0.1,7.7,24.0,0.08333333333333333,0.21073585642084092,1.0657436297943557,1.1358094844472486,2,0.05555555555555555,1,-5.0,20,0.005555555555555556,1.0657436297943557
31,2,Heidi D'Amelio,Artem Chigvintsev,Social Media Personality,United States,50,8,28.0,0.0758124439405522,7.0,4.0,15.0,0.1666666597222225,2.8284271247461903,6.215016711796833,10,0.1,7.7,26.0,0.08333333333333333,0.21073585642084092,1.0657436297943557,1.1358094844472486,2,0.05555555555555555,1,-5.0,20,0.005555555555555556,2.1314872595887113
31,3,Heidi D'Amelio,Artem Chigvintsev,Social Media Personality,United States,50,8,32.0,0.09127794275028,4.0,3.0,14.0,0.333333319444445,4.0,6.215016711796833,10,0.1,7.7,28.0,0.08333333333333333,0.21073585642084092,1.0657436297943557,1.1358094844472486,2,0.05555555555555555,1,-5.0,20,0.005555555555555556,3.197230889383067
31,4,Heidi D'Amelio,Artem Chigvintsev,Social Media Personality,United States,50,8,34.0,0.0932740373530536,4.5,3.0,13.0,0.41666664930555625,3.0550504633038935,6.215016711796833,10,0.1,7.7,31.333333333333332,0.08333333333333333,0.21073585642084092,1.0657436297943557,1.1358094844472486,2,0.05555555555555555,1,-5.0,20,0.005555555555555556,4.262974519177423
31,5,Heidi D'Amelio,Artem Chigvintsev,Social Media Personality,United States,50,8,39.0,0.0826105054612924,5.0,6.0,12.0,0.6249999739583344,3.60555127546399,6.215016711796833,10,0.1,7.7,35.0,0.08333333333333333,0.21073585642084092,1.0657436297943557,1.1358094844472486,2,0.05555555555555555,1,-5.0,20,0.005555555555555556,5.328718148971778
31,6,Heidi D'Amelio,Artem Chigvintsev,Social Media Personality,United States,50,8,36.0,0.0946765276621977,3.5,6.0,10.0,0.4999999791666675,2.5166114784235845,6.215016711796833,10,0.1,7.7,36.333333333333336,0.08333333333333333,0.21073585642084092,1.0657436297943557,1.1358094844472486,2,0.05555555555555555,1,-5.0,20,0.005555555555555556,6.394461778766134
31,7,Heidi D'Amelio,Artem Chigvintsev,Social Media Personality,United States,50,8,35.0,0.1090337804653812,7.0,6.0,9.0,0.4583333142361119,2.0816659994661326,6.215016711796833,10,0.1,7.7,36.666666666666664,0.08333333333333333,0.21073585642084092,1.0657436297943557,1.1358094844472486,2,0.05555555555555555,1,-5.0,20,0.005555555555555556,7.46020540856049
31,8,Heidi D'Amelio,Artem Chigvintsev,Social Media Personality,United States,50,8,35.0,0.1079033096206345,7.0,8.0,8.0,0.4583333142361119,0.5773502691896216,6.215016711796833,10,0.1,7.7,35.333333333333336,0.08333333333333333,0.21073585642084092,1.0657436297943557,1.1358094844472486,2,0.05555555555555555,1,-5.0,20,0.005555555555555556,8.525949038354845
31,1,Charli D'Amelio,Mark Ballas,Social Media Personality,United States,18,1,32.0,0.0662112472142882,1.0,6.0,16.0,0.0,0.0,6.215016711796833,19,0.47368421052631576,5.368421052631579,32.0,0.047619047619047616,0.21073585642084092,-1.4203760194429422,2.0174680366085775,2,0.05555555555555555,1,5.0,38,0.02631578947368421,-1.4203760194429422
31,2,Charli D'Amelio,Mark Ballas,Social Media Personality,United States,18,1,32.0,0.0856875491258483,2.0,1.0,15.0,0.0,0.0,6.215016711796833,19,0.47368421052631576,5.368421052631579,32.0,0.047619047619047616,0.21073585642084092,-1.4203760194429422,2.0174680366085775,2,0.05555555555555555,1,5.0,38,0.02631578947368421,-2.8407520388858845
31,3,Charli D'Amelio,Mark Ballas,Social Media Personality,United States,18,1,33.0,0.0938414716635352,2.0,2.0,14.0,0.031249999023437534,0.5773502691896247,6.215016711796833,19,0.47368421052631576,5.368421052631579,32.333333333333336,0.047619047619047616,0.21073585642084092,-1.4203760194429422,2.0174680366085775,2,0.05555555555555555,1,5.0,38,0.02631578947368421,-4.2611280583288265
31,4,Charli D'Amelio,Mark Ballas,Social Media Personality,United States,18,1,36.0,0.0982193522025451,2.0,1.0,13.0,0.12499999609375013,2.0816659994661335,6.215016711796833,19,0.47368421052631576,5.368421052631579,33.666666666666664,0.047619047619047616,0.21073585642084092,-1.4203760194429422,2.0174680366085775,2,0.05555555555555555,1,5.0,38,0.02631578947368421,-5.681504077771769
31,5,Charli D'Amelio,Mark Ballas,Social Media Personality,United States,18,1,42.0,0.1063274580938491,1.0,1.0,12.0,0.3124999902343753,4.582575694955841,6.215016711796833,19,0.47368421052631576,5.368421052631579,37.0,0.047619047619047616,0.21073585642084092,-1.4203760194429422,2.0174680366085775,2,0.05555555555555555,1,5.0,38,0.02631578947368421,-7.101880097214711
31,6,Charli D'Amelio,Mark Ballas,Social Media Personality,United States,18,1,40.0,0.1347884376350061,1.0,1.0,10.0,0.24999999218750027,3.0550504633038944,6.215016711796833,19,0.47368421052631576,5.368421052631579,39.333333333333336,0.047619047619047616,0.21073585642084092,-1.4203760194429422,2.0174680366085775,2,0.05555555555555555,1,5.0,38,0.02631578947368421,-8.522256116657653
31,7,Charli D'Amelio,Mark Ballas,Social Media Personality,United States,18,1,39.0,0.1400888052688598,1.5,1.0,9.0,0.21874999316406274,1.5275252316519474,6.215016711796833,19,0.47368421052631576,5.368421052631579,40.333333333333336,0.047619047619047616,0.21073585642084092,-1.4203760194429422,2.0174680366085775,2,0.05555555555555555,1,5.0,38,0.02631578947368421,-9.942632136100595
31,8,Charli D'Amelio,Mark Ballas,Social Media Personality,United States,18,1,45.0,0.1519849569253758,1.5,1.0,8.0,0.4062499873046879,3.214550253664318,6.215016711796833,19,0.47368421052631576,5.368421052631579,41.333333333333336,0.047619047619047616,0.21073585642084092,-1.4203760194429422,2.0174680366085775,2,0.05555555555555555,1,5.0,38,0.02631578947368421,-11.363008155543538
31,9,Charli D'Amelio,Mark Ballas,Social Media Personality,United States,18,1,40.0,0.2003322770305397,1.5,1.0,6.0,0.24999999218750027,3.214550253664318,6.215016711796833,19,0.47368421052631576,5.368421052631579,41.333333333333336,0.047619047619047616,0.21073585642084092,-1.4203760194429422,2.0174680366085775,2,0.05555555555555555,1,5.0,38,0.02631578947368421,-12.78338417498648
31,10,Charli D'Amelio,Mark Ballas,Social Media Personality,United States,18,1,40.0,0.2491111713390305,1.5,2.0,4.0,0.24999999218750027,2.8867513459481273,6.215016711796833,19,0.47368421052631576,5.368421052631579,41.666666666666664,0.047619047619047616,0.21073585642084092,-1.4203760194429422,2.0174680366085775,2,0.05555555555555555,1,5.0,38,0.02631578947368421,-14.203760194429423
31,1,Teresa Giudice,Pasha Pashkov,TV Personality,United States,50,15,20.0,0.0797751924760797,13.0,2.0,16.0,0.0,0.0,6.215016711796833,3,0.0,11.666666666666666,20.0,0.5714285714285714,0.21073585642084092,1.0657436297943557,1.1358094844472486,1,0.03333333333333333,1,-11.0,3,0.0,1.0657436297943557
31,2,Teresa Giudice,Pasha Pashkov,TV Personality,United States,50,15,23.0,0.0546270265723064,14.0,14.0,15.0,0.14999999250000037,0.0,6.215016711796833,3,0.0,11.666666666666666,21.5,0.5714285714285714,0.21073585642084092,1.0657436297943557,1.1358094844472486,1,0.03333333333333333,1,-11.0,3,0.0,2.1314872595887113
31,1,Vinny Guadagnino,Koko Iwasaki,TV Personality,United States,34,7,17.0,0.0874526074700073,16.0,1.0,16.0,0.0,0.0,6.215016711796833,0,0.0,6.0,17.0,0.5,0.21073585642084092,-0.1773161948242933,0.03144103294696674,1,0.03333333333333333,1,-15.0,0,0.0,-0.1773161948242933
31,2,Vinny Guadagnino,Koko Iwasaki,TV Personality,United States,34,7,27.0,0.0767040799887601,9.5,3.0,15.0,0.588235259515573,7.0710678118654755,6.215016711796833,0,0.0,6.0,22.0,0.5,0.21073585642084092,-0.1773161948242933,0.03144103294696674,1,0.03333333333333333,1,-15.0,0,0.0,-0.3546323896485866
31,3,Vinny Guadagnino,Koko Iwasaki,TV Personality,United States,34,7,23.0,0.0685448658743702,14.0,7.0,14.0,0.35294115570934376,5.033222956847167,6.215016711796833,0,0.0,6.0,22.333333333333332,0.5,0.21073585642084092,-0.1773161948242933,0.03144103294696674,1,0.03333333333333333,1,-15.0,0,0.0,-0.53194858447288
31,4,Vinny Guadagnino,Koko Iwasaki,TV Personality,United States,34,7,29.0,0.0697266424560895,9.5,9.0,13.0,0.7058823114186875,3.055050463303895,6.215016711796833,0,0.0,6.0,26.333333333333332,0.5,0.21073585642084092,-0.1773161948242933,0.03144103294696674,1,0.03333333333333333,1,-15.0,0,0.0,-0.7092647792971732
31,5,Vinny Guadagnino,Koko Iwasaki,TV Personality,United States,34,7,31.0,0.0883618516933037,12.0,4.0,12.0,0.8235293633218022,4.163331998932266,6.215016711796833,0,0.0,6.0,27.666666666666668,0.5,0.21073585642084092,-0.1773161948242933,0.03144103294696674,1,0.03333333333333333,1,-15.0,0,0.0,-0.8865809741214665
31,6,Vinny Guadagnino,Koko Iwasaki,TV Personality,United States,34,7,28.0,0.0998674063227189,10.0,4.0,10.0,0.6470587854671302,1.5275252316519474,6.215016711796833,0,0.0,6.0,29.333333333333332,0.5,0.21073585642084092,-0.1773161948242933,0.03144103294696674,1,0.03333333333333333,1,-15.0,0,0.0,-1.06389716894576
31,7,Vinny Guadagnino,Koko Iwasaki,TV Personality,United States,34,7,31.5,0.1134663334721741,9.0,5.0,9.0,0.8529411262975808,1.8929694486000916,6.215016711796833,0,0.0,6.0,30.166666666666668,0.5,0.21073585642084092,-0.1773161948242933,0.03144103294696674,1,0.03333333333333333,1,-15.0,0,0.0,-1.241213363770053
31,8,Vinny Guadagnino,Koko Iwasaki,TV Personality,United States,34,7,29.0,0.1151194112472568,8.0,7.0,8.0,0.7058823114186875,1.8027756377319952,6.215016711796833,0,0.0,6.0,29.5,0.5,0.21073585642084092,-0.1773161948242933,0.03144103294696674,1,0.03333333333333333,1,-15.0,0,0.0,-1.4185295585943465
31,1,Shangela,Gleb Savchenko,TV Personality,United States,40,4,28.0,0.0495949701349599,4.0,13.0,16.0,0.0,0.0,6.215016711796833,9,0.0,8.444444444444445,28.0,0.15384615384615385,0.21073585642084092,0.2888312394077,0.08342348485778811,1,0.03333333333333333,1,9.0,9,0.0,0.2888312394077
31,2,Shangela,Gleb Savchenko,TV Personality,United States,40,4,28.0,0.0576783853821587,7.0,13.0,15.0,0.0,0.0,6.215016711796833,9,0.0,8.444444444444445,28.0,0.15384615384615385,0.21073585642084092,0.2888312394077,0.08342348485778811,1,0.03333333333333333,1,9.0,9,0.0,0.5776624788154
31,3,Shangela,Gleb Savchenko,TV Personality,United States,40,4,30.0,0.0736813170597451,6.0,5.0,14.0,0.07142856887755111,1.154700538379251,6.215016711796833,9,0.0,8.444444444444445,28.666666666666668,0.15384615384615385,0.21073585642084092,0.2888312394077,0.08342348485778811,1,0.03333333333333333,1,9.0,9,0.0,0.8664937182231001
31,4,Shangela,Gleb Savchenko,TV Personality,United States,40,4,32.0,0.0894752191243211,6.5,4.0,13.0,0.14285713775510223,1.9999999999999996,6.215016711796833,9,0.0,8.444444444444445,30.0,0.15384615384615385,0.21073585642084092,0.2888312394077,0.08342348485778811,1,0.03333333333333333,1,9.0,9,0.0,1.1553249576308
31,5,Shangela,Gleb Savchenko,TV Personality,United States,40,4,38.5,0.0682181220748587,6.0,11.0,12.0,0.37499998660714334,4.444097208657794,6.215016711796833,9,0.0,8.444444444444445,33.5,0.15384615384615385,0.21073585642084092,0.2888312394077,0.08342348485778811,1,0.03333333333333333,1,9.0,9,0.0,1.4441561970385
31,6,Shangela,Gleb Savchenko,TV Personality,United States,40,4,36.0,0.081800217515605,3.5,10.0,10.0,0.28571427551020445,3.278719262151,6.215016711796833,9,0.0,8.444444444444445,35.5,0.15384615384615385,0.21073585642084092,0.2888312394077,0.08342348485778811,1,0.03333333333333333,1,9.0,9,0.0,1.7329874364462001
31,7,Shangela,Gleb Savchenko,TV Personality,United States,40,4,36.5,0.1012625820609855,4.5,8.0,9.0,0.30357141772959223,1.3228756555322954,6.215016711796833,9,0.0,8.444444444444445,37.0,0.15384615384615385,0.21073585642084092,0.2888312394077,0.08342348485778811,1,0.03333333333333333,1,9.0,9,0.0,2.0218186758539
31,8,Shangela,Gleb Savchenko,TV Personality,United States,40,4,42.0,0.1249514550896525,3.0,4.0,8.0,0.49999998214285774,3.329164059239697,6.215016711796833,9,0.0,8.444444444444445,38.166666666666664,0.15384615384615385,0.21073585642084092,0.2888312394077,0.08342348485778811,1,0.03333333333333333,1,9.0,9,0.0,2.3106499152616
31,9,Shangela,Gleb Savchenko,TV Personality,United States,40,4,36.5,0.1945541187958296,3.5,3.0,6.0,0.30357141772959223,3.175426480542944,6.215016711796833,9,0.0,8.444444444444445,38.333333333333336,0.15384615384615385,0.21073585642084092,0.2888312394077,0.08342348485778811,1,0.03333333333333333,1,9.0,9,0.0,2.5994811546693
31,10,Shangela,Gleb Savchenko,TV Personality,United States,40,4,38.0,0.2727486800624552,3.5,1.0,4.0,0.35714284438775556,2.8431203515386656,6.215016711796833,9,0.0,8.444444444444445,38.833333333333336,0.15384615384615385,0.21073585642084092,0.2888312394077,0.08342348485778811,1,0.03333333333333333,1,9.0,9,0.0,2.888312394077
31,1,Gabby Windey,Valentin Chmerkovskiy,TV Personality,United States,31,2,28.0,0.0598160064826205,4.0,9.0,16.0,0.0,0.0,6.215016711796833,17,0.4117647058823529,5.705882352941177,28.0,0.10526315789473684,0.21073585642084092,-0.41038991194028995,0.16841987982235895,1,0.03333333333333333,1,5.0,17,0.013725490196078431,-0.41038991194028995
31,2,Gabby Windey,Valentin Chmerkovskiy,TV Personality,United States,31,2,32.0,0.0395035064813789,2.0,15.0,15.0,0.14285713775510223,2.8284271247461903,6.215016711796833,17,0.4117647058823529,5.705882352941177,30.0,0.10526315789473684,0.21073585642084092,-0.41038991194028995,0.16841987982235895,1,0.03333333333333333,1,5.0,17,0.013725490196078431,-0.8207798238805799
31,3,Gabby Windey,Valentin Chmerkovskiy,TV Personality,United States,31,2,33.0,0.0603877290349428,2.0,12.0,14.0,0.17857142219387778,2.6457513110645907,6.215016711796833,17,0.4117647058823529,5.705882352941177,31.0,0.10526315789473684,0.21073585642084092,-0.41038991194028995,0.16841987982235895,1,0.03333333333333333,1,5.0,17,0.013725490196078431,-1.23116973582087
31,4,Gabby Windey,Valentin Chmerkovskiy,TV Personality,United States,31,2,36.0,0.0694335953681527,2.0,10.0,13.0,0.28571427551020445,2.0816659994661335,6.215016711796833,17,0.4117647058823529,5.705882352941177,33.666666666666664,0.10526315789473684,0.21073585642084092,-0.41038991194028995,0.16841987982235895,1,0.03333333333333333,1,5.0,17,0.013725490196078431,-1.6415596477611598
31,5,Gabby Windey,Valentin Chmerkovskiy,TV Personality,United States,31,2,41.0,0.0813227955316953,2.5,8.0,12.0,0.46428569770408223,4.041451884327382,6.215016711796833,17,0.4117647058823529,5.705882352941177,36.666666666666664,0.10526315789473684,0.21073585642084092,-0.41038991194028995,0.16841987982235895,1,0.03333333333333333,1,5.0,17,0.013725490196078431,-2.0519495597014497
31,6,Gabby Windey,Valentin Chmerkovskiy,TV Personality,United States,31,2,37.0,0.096264950072104,2.0,5.0,10.0,0.32142855994898,2.645751311064595,6.215016711796833,17,0.4117647058823529,5.705882352941177,38.0,0.10526315789473684,0.21073585642084092,-0.41038991194028995,0.16841987982235895,1,0.03333333333333333,1,5.0,17,0.013725490196078431,-2.46233947164174
31,7,Gabby Windey,Valentin Chmerkovskiy,TV Personality,United States,31,2,35.5,0.1160747807319121,6.0,3.0,9.0,0.2678571332908167,2.8431203515386683,6.215016711796833,17,0.4117647058823529,5.705882352941177,37.833333333333336,0.10526315789473684,0.21073585642084092,-0.41038991194028995,0.16841987982235895,1,0.03333333333333333,1,5.0,17,0.013725490196078431,-2.87272938358203
31,8,Gabby Windey,Valentin Chmerkovskiy,TV Personality,United States,31,2,40.0,0.128356340159088,4.0,3.0,8.0,0.4285714132653067,2.291287847477927,6.215016711796833,17,0.4117647058823529,5.705882352941177,37.5,0.10526315789473684,0.21073585642084092,-0.41038991194028995,0.16841987982235895,1,0.03333333333333333,1,5.0,17,0.013725490196078431,-3.2831192955223196
31,9,Gabby Windey,Valentin Chmerkovskiy,TV Personality,United States,31,2,40.0,0.1948011247269588,1.5,2.0,6.0,0.4285714132653067,2.5980762113533222,6.215016711796833,17,0.4117647058823529,5.705882352941177,38.5,0.10526315789473684,0.21073585642084092,-0.41038991194028995,0.16841987982235895,1,0.03333333333333333,1,5.0,17,0.013725490196078431,-3.6935092074626095
31,10,Gabby Windey,Valentin Chmerkovskiy,TV Personality,United States,31,2,40.0,0.2452845033414151,1.5,3.0,4.0,0.4285714132653067,0.0,6.215016711796833,17,0.4117647058823529,5.705882352941177,40.0,0.10526315789473684,0.21073585642084092,-0.41038991194028995,0.16841987982235895,1,0.03333333333333333,1,5.0,17,0.013725490196078431,-4.103899119402899
32,1,Jamie Lynn Spears,Alan Bersten,Actor/Actress,United States,32,13,15.0,0.0608881041732843,9.5,12.0,14.0,0.0,0.0,8.133705903041475,7,0.14285714285714285,5.714285714285714,15.0,0.2222222222222222,0.16136878994021853,-0.3326986729016244,0.11068840695050207,2,0.02702702702702703,1,2.5,14,0.003861003861003861,-0.3326986729016244
32,2,Jamie Lynn Spears,Alan Bersten,Actor/Actress,United States,32,13,16.0,0.0464243977038982,9.0,13.0,13.0,0.06666666222222252,0.0,8.133705903041475,7,0.14285714285714285,5.714285714285714,15.5,0.2222222222222222,0.16136878994021853,-0.3326986729016244,0.11068840695050207,2,0.02702702702702703,1,2.5,14,0.003861003861003861,-0.6653973458032488
32,1,Mira Sorvino,Gleb Savchenko,Actor/Actress,United States,55,10,17.0,0.0616578122625141,7.0,11.0,14.0,0.0,0.0,8.133705903041475,10,0.0,8.0,17.0,0.23076923076923078,0.16136878994021853,1.4541998249876833,2.114697130994209,2,0.02702702702702703,1,4.0,20,0.0,1.4541998249876833
32,2,Mira Sorvino,Gleb Savchenko,Actor/Actress,United States,55,10,18.0,0.0853249370309045,7.5,5.0,13.0,0.05882352595155729,0.7071067811865476,8.133705903041475,10,0.0,8.0,17.5,0.23076923076923078,0.16136878994021853,1.4541998249876833,2.114697130994209,2,0.02702702702702703,1,4.0,20,0.0,2.9083996499753666
32,3,Mira Sorvino,Gleb Savchenko,Actor/Actress,United States,55,10,26.0,0.0873278871803288,6.0,5.0,12.0,0.5294117335640156,4.932882862316248,8.133705903041475,10,0.0,8.0,20.333333333333332,0.23076923076923078,0.16136878994021853,1.4541998249876833,2.114697130994209,2,0.02702702702702703,1,4.0,20,0.0,4.36259947496305
32,4,Mira Sorvino,Gleb Savchenko,Actor/Actress,United States,55,10,21.0,0.0699974159787132,7.0,11.0,11.0,0.23529410380622917,4.0414518843273814,8.133705903041475,10,0.0,8.0,21.666666666666668,0.23076923076923078,0.16136878994021853,1.4541998249876833,2.114697130994209,2,0.02702702702702703,1,4.0,20,0.0,5.816799299950733
32,5,Mira Sorvino,Gleb Savchenko,Actor/Actress,United States,55,10,22.0,0.0803667849449474,8.0,10.0,10.0,0.2941176297577865,2.645751311064592,8.133705903041475,10,0.0,8.0,23.0,0.23076923076923078,0.16136878994021853,1.4541998249876833,2.114697130994209,2,0.02702702702702703,1,4.0,20,0.0,7.270999124938417
32,1,Barry Williams,Peta Murgatroyd,Actor/Actress,United States,68,7,16.0,0.0859734412147031,8.0,4.0,14.0,0.0,0.0,8.133705903041475,14,0.14285714285714285,7.428571428571429,16.0,0.3333333333333333,0.16136878994021853,2.4641859324903357,6.072212309883265,2,0.02702702702702703,1,-4.0,28,0.003861003861003861,2.4641859324903357
32,2,Barry Williams,Peta Murgatroyd,Actor/Actress,United States,68,7,15.0,0.0519803294273994,11.0,11.0,13.0,-0.06249999609375024,0.7071067811865476,8.133705903041475,14,0.14285714285714285,7.428571428571429,15.5,0.3333333333333333,0.16136878994021853,2.4641859324903357,6.072212309883265,2,0.02702702702702703,1,-4.0,28,0.003861003861003861,4.928371864980671
32,3,Barry Williams,Peta Murgatroyd,Actor/Actress,United States,68,7,25.0,0.0678382845577226,7.0,12.0,12.0,0.5624999648437522,5.507570547286101,8.133705903041475,14,0.14285714285714285,7.428571428571429,18.666666666666668,0.3333333333333333,0.16136878994021853,2.4641859324903357,6.072212309883265,2,0.02702702702702703,1,-4.0,28,0.003861003861003861,7.392557797471007
32,4,Barry Williams,Peta Murgatroyd,Actor/Actress,United States,68,7,18.0,0.0835825262609313,10.5,7.0,11.0,0.12499999218750048,5.131601439446883,8.133705903041475,14,0.14285714285714285,7.428571428571429,19.333333333333332,0.3333333333333333,0.16136878994021853,2.4641859324903357,6.072212309883265,2,0.02702702702702703,1,-4.0,28,0.003861003861003861,9.856743729961343
32,5,Barry Williams,Peta Murgatroyd,Actor/Actress,United States,68,7,24.0,0.0928587195472082,5.5,7.0,10.0,0.4999999687500019,3.7859388972001824,8.133705903041475,14,0.14285714285714285,7.428571428571429,22.333333333333332,0.3333333333333333,0.16136878994021853,2.4641859324903357,6.072212309883265,2,0.02702702702702703,1,-4.0,28,0.003861003861003861,12.320929662451679
32,6,Barry Williams,Peta Murgatroyd,Actor/Actress,United States,68,7,32.0,0.100696542173239,7.0,8.0,9.0,0.9999999375000038,7.023769168568492,8.133705903041475,14,0.14285714285714285,7.428571428571429,24.666666666666668,0.3333333333333333,0.16136878994021853,2.4641859324903357,6.072212309883265,2,0.02702702702702703,1,-4.0,28,0.003861003861003861,14.785115594942013
32,7,Barry Williams,Peta Murgatroyd,Actor/Actress,United States,68,7,32.5,0.1366437926761115,7.0,2.0,8.0,1.031249935546879,4.769696007084727,8.133705903041475,14,0.14285714285714285,7.428571428571429,29.5,0.3333333333333333,0.16136878994021853,2.4641859324903357,6.072212309883265,2,0.02702702702702703,1,-4.0,28,0.003861003861003861,17.24930152743235
32,8,Barry Williams,Peta Murgatroyd,Actor/Actress,United States,68,7,35.0,0.130649312752722,5.0,6.0,7.0,1.1874999257812546,1.6072751268321557,8.133705903041475,14,0.14285714285714285,7.428571428571429,33.166666666666664,0.3333333333333333,0.16136878994021853,2.4641859324903357,6.072212309883265,2,0.02702702702702703,1,-4.0,28,0.003861003861003861,19.713487459922685
32,1,Alyson Hannigan,Sasha Farber,Actor/Actress,United States,49,5,13.0,0.0594722720250903,11.0,13.0,14.0,0.0,0.0,8.133705903041475,10,0.2,6.1,13.0,0.3333333333333333,0.16136878994021853,0.9880523907556901,0.9762475268780348,2,0.02702702702702703,1,2.0,20,0.005405405405405406,0.9880523907556901
32,2,Alyson Hannigan,Sasha Farber,Actor/Actress,United States,49,5,19.0,0.0620519435944117,6.0,10.0,13.0,0.4615384260355057,4.242640687119285,8.133705903041475,10,0.2,6.1,16.0,0.3333333333333333,0.16136878994021853,0.9880523907556901,0.9762475268780348,2,0.02702702702702703,1,2.0,20,0.005405405405405406,1.9761047815113801
32,3,Alyson Hannigan,Sasha Farber,Actor/Actress,United States,49,5,24.0,0.0844472150590628,8.5,7.0,12.0,0.8461537810650938,5.507570547286101,8.133705903041475,10,0.2,6.1,18.666666666666668,0.3333333333333333,0.16136878994021853,0.9880523907556901,0.9762475268780348,2,0.02702702702702703,1,2.0,20,0.005405405405405406,2.96415717226707
32,4,Alyson Hannigan,Sasha Farber,Actor/Actress,United States,49,5,18.0,0.108113566630728,10.5,1.0,11.0,0.3846153550295881,3.2145502536643167,8.133705903041475,10,0.2,6.1,20.333333333333332,0.3333333333333333,0.16136878994021853,0.9880523907556901,0.9762475268780348,2,0.02702702702702703,1,2.0,20,0.005405405405405406,3.9522095630227603
32,5,Alyson Hannigan,Sasha Farber,Actor/Actress,United States,49,5,21.0,0.1079103195900536,9.0,3.0,10.0,0.615384568047341,2.9999999999999982,8.133705903041475,10,0.2,6.1,21.0,0.3333333333333333,0.16136878994021853,0.9880523907556901,0.9762475268780348,2,0.02702702702702703,1,2.0,20,0.005405405405405406,4.9402619537784505
32,6,Alyson Hannigan,Sasha Farber,Actor/Actress,United States,49,5,31.0,0.1154508967476117,8.0,4.0,9.0,1.384615278106517,6.8068592855540455,8.133705903041475,10,0.2,6.1,23.333333333333332,0.3333333333333333,0.16136878994021853,0.9880523907556901,0.9762475268780348,2,0.02702702702702703,1,2.0,20,0.005405405405405406,5.92831434453414
32,7,Alyson Hannigan,Sasha Farber,Actor/Actress,United States,49,5,35.0,0.1290840786463865,6.0,4.0,8.0,1.6923075621301875,7.211102550927978,8.133705903041475,10,0.2,6.1,29.0,0.3333333333333333,0.16136878994021853,0.9880523907556901,0.9762475268780348,2,0.02702702702702703,1,2.0,20,0.005405405405405406,6.916366735289831
32,8,Alyson Hannigan,Sasha Farber,Actor/Actress,United States,49,5,36.0,0.1298370402822577,4.0,7.0,7.0,1.7692306331361052,2.6457513110645907,8.133705903041475,10,0.2,6.1,34.0,0.3333333333333333,0.16136878994021853,0.9880523907556901,0.9762475268780348,2,0.02702702702702703,1,2.0,20,0.005405405405405406,7.9044191260455205
32,9,Alyson Hannigan,Sasha Farber,Actor/Actress,United States,49,5,32.0,0.1452015376120052,5.0,5.0,6.0,1.4615383491124347,2.0816659994661335,8.133705903041475,10,0.2,6.1,34.333333333333336,0.3333333333333333,0.16136878994021853,0.9880523907556901,0.9762475268780348,2,0.02702702702702703,1,2.0,20,0.005405405405405406,8.89247151680121
32,10,Alyson Hannigan,Sasha Farber,Actor/Actress,United States,49,5,25.5,0.1189467342011557,5.0,5.0,5.0,0.9615383875739703,5.29937103186155,8.133705903041475,10,0.2,6.1,31.166666666666668,0.3333333333333333,0.16136878994021853,0.9880523907556901,0.9762475268780348,2,0.02702702702702703,1,2.0,20,0.005405405405405406,9.880523907556901
32,11,Alyson Hannigan,Sasha Farber,Actor/Actress,United States,49,5,26.5,0.1342130880498584,5.0,5.0,5.0,1.038461458579888,3.500000000000002,8.133705903041475,10,0.2,6.1,28.0,0.3333333333333333,0.16136878994021853,0.9880523907556901,0.9762475268780348,2,0.02702702702702703,1,2.0,20,0.005405405405405406,10.868576298312592
32,1,Xochitl Gomez,Valentin Chmerkovskiy,Actor/Actress,United States,17,1,18.0,0.0694126264969847,5.5,5.0,14.0,0.0,0.0,8.133705903041475,18,0.4444444444444444,5.5,18.0,0.5263157894736842,0.16136878994021853,-1.4980672584816077,2.2442055109346,2,0.02702702702702703,1,-0.5,36,0.012012012012012012,-1.4980672584816077
32,2,Xochitl Gomez,Valentin Chmerkovskiy,Actor/Actress,United States,17,1,24.0,0.072677727798974,1.5,8.0,13.0,0.3333333148148158,4.242640687119285,8.133705903041475,18,0.4444444444444444,5.5,21.0,0.5263157894736842,0.16136878994021853,-1.4980672584816077,2.2442055109346,2,0.02702702702702703,1,-0.5,36,0.012012012012012012,-2.9961345169632154
32,3,Xochitl Gomez,Valentin Chmerkovskiy,Actor/Actress,United States,17,1,32.0,0.0963834764019661,3.5,1.0,12.0,0.7777777345679036,7.023769168568492,8.133705903041475,18,0.4444444444444444,5.5,24.666666666666668,0.5263157894736842,0.16136878994021853,-1.4980672584816077,2.2442055109346,2,0.02702702702702703,1,-0.5,36,0.012012012012012012,-4.494201775444823
32,4,Xochitl Gomez,Valentin Chmerkovskiy,Actor/Actress,United States,17,1,27.0,0.1013139667611589,1.0,3.0,11.0,0.49999997222222375,4.041451884327379,8.133705903041475,18,0.4444444444444444,5.5,27.666666666666668,0.5263157894736842,0.16136878994021853,-1.4980672584816077,2.2442055109346,2,0.02702702702702703,1,-0.5,36,0.012012012012012012,-5.992269033926431
32,5,Xochitl Gomez,Valentin Chmerkovskiy,Actor/Actress,United States,17,1,28.0,0.1070107848723675,1.5,4.0,10.0,0.5555555246913597,2.645751311064588,8.133705903041475,18,0.4444444444444444,5.5,29.0,0.5263157894736842,0.16136878994021853,-1.4980672584816077,2.2442055109346,2,0.02702702702702703,1,-0.5,36,0.012012012012012012,-7.490336292408038
32,6,Xochitl Gomez,Valentin Chmerkovskiy,Actor/Actress,United States,17,1,42.0,0.1137960206087165,1.0,5.0,9.0,1.3333332592592633,8.38649708360608,8.133705903041475,18,0.4444444444444444,5.5,32.333333333333336,0.5263157894736842,0.16136878994021853,-1.4980672584816077,2.2442055109346,2,0.02702702702702703,1,-0.5,36,0.012012012012012012,-8.988403550889647
32,7,Xochitl Gomez,Valentin Chmerkovskiy,Actor/Actress,United States,17,1,37.0,0.1099523098282917,1.5,7.0,8.0,1.0555554969135834,7.094598884597585,8.133705903041475,18,0.4444444444444444,5.5,35.666666666666664,0.5263157894736842,0.16136878994021853,-1.4980672584816077,2.2442055109346,2,0.02702702702702703,1,-0.5,36,0.012012012012012012,-10.486470809371253
32,8,Xochitl Gomez,Valentin Chmerkovskiy,Actor/Actress,United States,17,1,40.0,0.1336839377398614,2.0,5.0,7.0,1.2222221543209915,2.516611478423578,8.133705903041475,18,0.4444444444444444,5.5,39.666666666666664,0.5263157894736842,0.16136878994021853,-1.4980672584816077,2.2442055109346,2,0.02702702702702703,1,-0.5,36,0.012012012012012012,-11.984538067852862
32,9,Xochitl Gomez,Valentin Chmerkovskiy,Actor/Actress,United States,17,1,41.0,0.1593275610273163,2.0,4.0,6.0,1.2777777067901273,2.081665999466124,8.133705903041475,18,0.4444444444444444,5.5,39.333333333333336,0.5263157894736842,0.16136878994021853,-1.4980672584816077,2.2442055109346,2,0.02702702702702703,1,-0.5,36,0.012012012012012012,-13.48260532633447
32,10,Xochitl Gomez,Valentin Chmerkovskiy,Actor/Actress,United States,17,1,30.0,0.2194942836894254,1.0,2.0,5.0,0.6666666296296316,6.082762530298216,8.133705903041475,18,0.4444444444444444,5.5,37.0,0.5263157894736842,0.16136878994021853,-1.4980672584816077,2.2442055109346,2,0.02702702702702703,1,-0.5,36,0.012012012012012012,-14.980672584816077
32,11,Xochitl Gomez,Valentin Chmerkovskiy,Actor/Actress,United States,17,1,30.0,0.2054786586131433,1.5,3.0,5.0,0.6666666296296316,6.35085296108588,8.133705903041475,18,0.4444444444444444,5.5,33.666666666666664,0.5263157894736842,0.16136878994021853,-1.4980672584816077,2.2442055109346,2,0.02702702702702703,1,-0.5,36,0.012012012012012012,-16.478739843297685
32,1,Adrian Peterson,Britt Stewart,Athlete,United States,38,11,18.0,0.0948536228666274,5.5,1.0,14.0,0.0,0.0,8.133705903041475,3,0.0,8.666666666666666,18.0,0.5,0.16136878994021853,0.1334487613303689,0.017808571900609763,3,0.25,1,-4.5,9,0.0,0.1334487613303689
32,2,Adrian Peterson,Britt Stewart,Athlete,United States,38,11,15.0,0.110560903311883,11.0,2.0,13.0,-0.1666666574074079,2.1213203435596424,8.133705903041475,3,0.0,8.666666666666666,16.5,0.5,0.16136878994021853,0.1334487613303689,0.017808571900609763,3,0.25,1,-4.5,9,0.0,0.2668975226607378
32,3,Adrian Peterson,Britt Stewart,Athlete,United States,38,11,22.0,0.0867589928929976,11.0,6.0,12.0,0.2222222098765439,3.5118845842842465,8.133705903041475,3,0.0,8.666666666666666,18.333333333333332,0.5,0.16136878994021853,0.1334487613303689,0.017808571900609763,3,0.25,1,-4.5,9,0.0,0.4003462839911067
32,4,Adrian Peterson,Britt Stewart,Athlete,United States,38,11,21.0,0.0779733559456213,7.0,10.0,11.0,0.1666666574074079,3.7859388972001833,8.133705903041475,3,0.0,8.666666666666666,19.333333333333332,0.5,0.16136878994021853,0.1334487613303689,0.017808571900609763,3,0.25,1,-4.5,9,0.0,0.5337950453214756
32,1,Matt Walsh,Koko Iwasaki,Comedian,United States,58,14,12.0,0.0559072401103421,13.0,14.0,14.0,0.0,0.0,8.133705903041475,1,0.0,7.0,0.0,0.5,0.16136878994021853,1.68727354210368,2.846892005883099,1,1.0,1,1.0,1,0.0,1.68727354210368
32,1,Tyson Beckford,Jenna Johnson,Model,United States,52,12,12.0,0.0677579729804332,13.0,6.0,14.0,0.0,0.0,8.133705903041475,6,0.5,5.333333333333333,12.0,0.1111111111111111,0.16136878994021853,1.2211261078716866,1.4911489713258541,2,0.3333333333333333,1,-7.0,12,0.16666666666666666,1.2211261078716866
32,2,Tyson Beckford,Jenna Johnson,Model,United States,52,12,18.0,0.0488271032225428,7.5,12.0,13.0,0.4999999583333368,4.242640687119285,8.133705903041475,6,0.5,5.333333333333333,15.0,0.1111111111111111,0.16136878994021853,1.2211261078716866,1.4911489713258541,2,0.3333333333333333,1,-7.0,12,0.16666666666666666,2.4422522157433733
32,3,Tyson Beckford,Jenna Johnson,Model,United States,52,12,20.0,0.0712616536430373,12.0,11.0,12.0,0.6666666111111158,4.163331998932265,8.133705903041475,6,0.5,5.333333333333333,16.666666666666668,0.1111111111111111,0.16136878994021853,1.2211261078716866,1.4911489713258541,2,0.3333333333333333,1,-7.0,12,0.16666666666666666,3.66337832361506
32,1,Jason Mraz,Daniella Karagach,Singer/Rapper,United States,46,2,21.0,0.0637120135371375,2.5,10.0,14.0,0.0,0.0,8.133705903041475,3,0.6666666666666666,5.0,21.0,0.4,0.16136878994021853,0.7549786736396934,0.5699927976507507,2,0.09090909090909091,1,7.5,6,0.06060606060606061,0.7549786736396934
32,2,Jason Mraz,Daniella Karagach,Singer/Rapper,United States,46,2,24.0,0.0875314944860109,1.5,3.0,13.0,0.14285713605442207,2.1213203435596424,8.133705903041475,3,0.6666666666666666,5.0,22.5,0.4,0.16136878994021853,0.7549786736396934,0.5699927976507507,2,0.09090909090909091,1,7.5,6,0.06060606060606061,1.5099573472793868
32,3,Jason Mraz,Daniella Karagach,Singer/Rapper,United States,46,2,34.0,0.0910847961433918,1.5,2.0,12.0,0.6190475895691624,6.806859285554046,8.133705903041475,3,0.6666666666666666,5.0,26.333333333333332,0.4,0.16136878994021853,0.7549786736396934,0.5699927976507507,2,0.09090909090909091,1,7.5,6,0.06060606060606061,2.2649360209190803
32,4,Jason Mraz,Daniella Karagach,Singer/Rapper,United States,46,2,24.0,0.0968464589593972,3.5,5.0,11.0,0.14285713605442207,5.773502691896258,8.133705903041475,3,0.6666666666666666,5.0,27.333333333333332,0.4,0.16136878994021853,0.7549786736396934,0.5699927976507507,2,0.09090909090909091,1,7.5,6,0.06060606060606061,3.0199146945587736
32,5,Jason Mraz,Daniella Karagach,Singer/Rapper,United States,46,2,27.0,0.1196049028622673,3.0,1.0,10.0,0.28571427210884415,5.131601439446886,8.133705903041475,3,0.6666666666666666,5.0,28.333333333333332,0.4,0.16136878994021853,0.7549786736396934,0.5699927976507507,2,0.09090909090909091,1,7.5,6,0.06060606060606061,3.774893368198467
32,6,Jason Mraz,Daniella Karagach,Singer/Rapper,United States,46,2,39.0,0.1012098103311018,3.0,6.0,9.0,0.8571428163265326,7.937253933193772,8.133705903041475,3,0.6666666666666666,5.0,30.0,0.4,0.16136878994021853,0.7549786736396934,0.5699927976507507,2,0.09090909090909091,1,7.5,6,0.06060606060606061,4.529872041838161
32,7,Jason Mraz,Daniella Karagach,Singer/Rapper,United States,46,2,36.0,0.1178297845486918,4.5,6.0,8.0,0.7142856802721105,6.244997998398399,8.133705903041475,3,0.6666666666666666,5.0,34.0,0.4,0.16136878994021853,0.7549786736396934,0.5699927976507507,2,0.09090909090909091,1,7.5,6,0.06060606060606061,5.2848507154778535
32,8,Jason Mraz,Daniella Karagach,Singer/Rapper,United States,46,2,33.0,0.1625102809204396,6.0,1.0,7.0,0.5714285442176883,3.0000000000000013,8.133705903041475,3,0.6666666666666666,5.0,36.0,0.4,0.16136878994021853,0.7549786736396934,0.5699927976507507,2,0.09090909090909091,1,7.5,6,0.06060606060606061,6.039829389117547
32,9,Jason Mraz,Daniella Karagach,Singer/Rapper,United States,46,2,43.0,0.1817547918170095,1.0,2.0,6.0,1.0476189977324286,5.131601439446884,8.133705903041475,3,0.6666666666666666,5.0,37.333333333333336,0.4,0.16136878994021853,0.7549786736396934,0.5699927976507507,2,0.09090909090909091,1,7.5,6,0.06060606060606061,6.794808062757241
32,10,Jason Mraz,Daniella Karagach,Singer/Rapper,United States,46,2,28.5,0.2059185987732004,4.0,3.0,5.0,0.35714284013605524,7.421814692737439,8.133705903041475,3,0.6666666666666666,5.0,34.833333333333336,0.4,0.16136878994021853,0.7549786736396934,0.5699927976507507,2,0.09090909090909091,1,7.5,6,0.06060606060606061,7.549786736396934
32,11,Jason Mraz,Daniella Karagach,Singer/Rapper,United States,46,2,30.0,0.2291282743923341,1.5,1.0,5.0,0.4285714081632663,7.973915809270458,8.133705903041475,3,0.6666666666666666,5.0,33.833333333333336,0.4,0.16136878994021853,0.7549786736396934,0.5699927976507507,2,0.09090909090909091,1,7.5,6,0.06060606060606061,8.304765410036627
32,1,Lele Pons,Brandon Armstrong,Social Media Personality,Venezuela,27,8,19.0,0.0938005103676978,4.0,2.0,14.0,0.0,0.0,8.133705903041475,5,0.0,10.0,19.0,0.125,0.16136878994021853,-0.7211548680949522,0.5200643437770479,2,0.14285714285714285,0,-2.0,10,0.0,-0.7211548680949522
32,2,Lele Pons,Brandon Armstrong,Social Media Personality,Venezuela,27,8,21.0,0.1215080308388378,3.5,1.0,13.0,0.10526315235457093,1.4142135623730951,8.133705903041475,5,0.0,10.0,20.0,0.125,0.16136878994021853,-0.7211548680949522,0.5200643437770479,2,0.14285714285714285,0,-2.0,10,0.0,-1.4423097361899044
32,3,Lele Pons,Brandon Armstrong,Social Media Personality,Venezuela,27,8,27.0,0.0875613322045536,5.0,4.0,12.0,0.4210526094182837,4.163331998932266,8.133705903041475,5,0.0,10.0,22.333333333333332,0.125,0.16136878994021853,-0.7211548680949522,0.5200643437770479,2,0.14285714285714285,0,-2.0,10,0.0,-2.1634646042848567
32,4,Lele Pons,Brandon Armstrong,Social Media Personality,Venezuela,27,8,22.0,0.0816193937924444,5.0,9.0,11.0,0.15789472853185638,3.214550253664319,8.133705903041475,5,0.0,10.0,23.333333333333332,0.125,0.16136878994021853,-0.7211548680949522,0.5200643437770479,2,0.14285714285714285,0,-2.0,10,0.0,-2.884619472379809
32,5,Lele Pons,Brandon Armstrong,Social Media Personality,Venezuela,27,8,24.0,0.1138375459594433,5.5,2.0,10.0,0.26315788088642733,2.5166114784235845,8.133705903041475,5,0.0,10.0,24.333333333333332,0.125,0.16136878994021853,-0.7211548680949522,0.5200643437770479,2,0.14285714285714285,0,-2.0,10,0.0,-3.605774340474761
32,6,Lele Pons,Brandon Armstrong,Social Media Personality,Venezuela,27,8,37.0,0.1008890508465534,5.0,7.0,9.0,0.9473683711911383,8.144527815247077,8.133705903041475,5,0.0,10.0,27.666666666666668,0.125,0.16136878994021853,-0.7211548680949522,0.5200643437770479,2,0.14285714285714285,0,-2.0,10,0.0,-4.326929208569713
32,7,Lele Pons,Brandon Armstrong,Social Media Personality,Venezuela,27,8,36.5,0.1066244887291279,3.0,8.0,8.0,0.9210525831024956,7.365459931328116,8.133705903041475,5,0.0,10.0,32.5,0.125,0.16136878994021853,-0.7211548680949522,0.5200643437770479,2,0.14285714285714285,0,-2.0,10,0.0,-5.048084076664665
32,1,Harry Jowsey,Rylee Arnold,TV Personality,Australia,26,6,12.0,0.0926145453494111,13.0,3.0,14.0,0.0,0.0,8.133705903041475,0,0.0,6.0,12.0,0.3333333333333333,0.16136878994021853,-0.7988461071336178,0.6381551028825356,1,0.02702702702702703,0,-10.0,0,0.0,-0.7988461071336178
32,2,Harry Jowsey,Rylee Arnold,TV Personality,Australia,26,6,15.0,0.0659423188610561,11.0,9.0,13.0,0.2499999791666684,2.1213203435596424,8.133705903041475,0,0.0,6.0,13.5,0.3333333333333333,0.16136878994021853,-0.7988461071336178,0.6381551028825356,1,0.02702702702702703,0,-10.0,0,0.0,-1.5976922142672356
32,3,Harry Jowsey,Rylee Arnold,TV Personality,Australia,26,6,24.0,0.0823518655335805,8.5,8.0,12.0,0.9999999166666736,6.244997998398398,8.133705903041475,0,0.0,6.0,17.0,0.3333333333333333,0.16136878994021853,-0.7988461071336178,0.6381551028825356,1,0.02702702702702703,0,-10.0,0,0.0,-2.3965383214008535
32,4,Harry Jowsey,Rylee Arnold,TV Personality,Australia,26,6,21.0,0.0978071789240777,7.0,4.0,11.0,0.7499999375000053,4.58257569495584,8.133705903041475,0,0.0,6.0,20.0,0.3333333333333333,0.16136878994021853,-0.7988461071336178,0.6381551028825356,1,0.02702702702702703,0,-10.0,0,0.0,-3.1953844285344712
32,5,Harry Jowsey,Rylee Arnold,TV Personality,Australia,26,6,18.0,0.0850738597342471,10.0,8.0,10.0,0.4999999583333368,3.0,8.133705903041475,0,0.0,6.0,21.0,0.3333333333333333,0.16136878994021853,-0.7988461071336178,0.6381551028825356,1,0.02702702702702703,0,-10.0,0,0.0,-3.994230535668089
32,6,Harry Jowsey,Rylee Arnold,TV Personality,Australia,26,6,29.0,0.1216654426932991,9.0,3.0,9.0,1.416666548611121,5.686240703077327,8.133705903041475,0,0.0,6.0,22.666666666666668,0.3333333333333333,0.16136878994021853,-0.7988461071336178,0.6381551028825356,1,0.02702702702702703,0,-10.0,0,0.0,-4.793076642801707
32,7,Harry Jowsey,Rylee Arnold,TV Personality,Australia,26,6,32.0,0.1352700696039927,8.0,3.0,8.0,1.6666665277777895,7.371114795831994,8.133705903041475,0,0.0,6.0,26.333333333333332,0.3333333333333333,0.16136878994021853,-0.7988461071336178,0.6381551028825356,1,0.02702702702702703,0,-10.0,0,0.0,-5.591922749935325
32,8,Harry Jowsey,Rylee Arnold,TV Personality,Australia,26,6,28.0,0.1452560724907375,7.0,3.0,7.0,1.3333332222222316,2.081665999466133,8.133705903041475,0,0.0,6.0,29.666666666666668,0.3333333333333333,0.16136878994021853,-0.7988461071336178,0.6381551028825356,1,0.02702702702702703,0,-10.0,0,0.0,-6.3907688570689425
32,9,Harry Jowsey,Rylee Arnold,TV Personality,Australia,26,6,30.0,0.1434275167295491,6.0,6.0,6.0,1.4999998750000105,2.0,8.133705903041475,0,0.0,6.0,30.0,0.3333333333333333,0.16136878994021853,-0.7988461071336178,0.6381551028825356,1,0.02702702702702703,0,-10.0,0,0.0,-7.18961496420256
32,1,Mauricio Umansky,Emma Slater,TV Personality,Mexico,53,9,15.0,0.0653379554914941,9.5,7.0,14.0,0.0,0.0,8.133705903041475,14,0.07142857142857142,7.714285714285714,15.0,0.125,0.16136878994021853,1.2988173469103523,1.6869265006352465,1,0.02702702702702703,0,-2.5,14,0.0019305019305019305,1.2988173469103523
32,2,Mauricio Umansky,Emma Slater,TV Personality,Mexico,53,9,12.0,0.0872949898974872,13.0,4.0,13.0,-0.19999998666666757,2.1213203435596424,8.133705903041475,14,0.07142857142857142,7.714285714285714,13.5,0.125,0.16136878994021853,1.2988173469103523,1.6869265006352465,1,0.02702702702702703,0,-2.5,14,0.0019305019305019305,2.5976346938207047
32,3,Mauricio Umansky,Emma Slater,TV Personality,Mexico,53,9,23.0,0.0787055239207937,10.0,9.0,12.0,0.5333332977777802,5.686240703077327,8.133705903041475,14,0.07142857142857142,7.714285714285714,16.666666666666668,0.125,0.16136878994021853,1.2988173469103523,1.6869265006352465,1,0.02702702702702703,0,-2.5,14,0.0019305019305019305,3.8964520407310568
32,4,Mauricio Umansky,Emma Slater,TV Personality,Mexico,53,9,19.0,0.0834305078474707,9.0,8.0,11.0,0.2666666488888901,5.5677643628300215,8.133705903041475,14,0.07142857142857142,7.714285714285714,18.0,0.125,0.16136878994021853,1.2988173469103523,1.6869265006352465,1,0.02702702702702703,0,-2.5,14,0.0019305019305019305,5.195269387641409
32,5,Mauricio Umansky,Emma Slater,TV Personality,Mexico,53,9,24.0,0.0846827636468152,5.5,9.0,10.0,0.5999999600000027,2.6457513110645894,8.133705903041475,14,0.07142857142857142,7.714285714285714,22.0,0.125,0.16136878994021853,1.2988173469103523,1.6869265006352465,1,0.02702702702702703,0,-2.5,14,0.0019305019305019305,6.494086734551762
32,6,Mauricio Umansky,Emma Slater,TV Personality,Mexico,53,9,33.0,0.0809869798588239,6.0,9.0,9.0,1.1999999200000053,7.094598884597588,8.133705903041475,14,0.07142857142857142,7.714285714285714,25.333333333333332,0.125,0.16136878994021853,1.2988173469103523,1.6869265006352465,1,0.02702702702702703,0,-2.5,14,0.0019305019305019305,7.7929040814621136
32,1,Charity Lawson,Artem Chigvintsev,TV Personality,United States,27,4,22.0,0.0639162185176347,1.0,9.0,14.0,0.0,0.0,8.133705903041475,11,0.09090909090909091,7.7272727272727275,22.0,0.16666666666666666,0.16136878994021853,-0.7211548680949522,0.5200643437770479,1,0.02702702702702703,1,8.0,11,0.0024570024570024574,-0.7211548680949522
32,2,Charity Lawson,Artem Chigvintsev,TV Personality,United States,27,4,21.0,0.0824749897766874,3.5,6.0,13.0,-0.045454543388429844,0.7071067811865476,8.133705903041475,11,0.09090909090909091,7.7272727272727275,21.5,0.16666666666666666,0.16136878994021853,-0.7211548680949522,0.5200643437770479,1,0.02702702702702703,1,8.0,11,0.0024570024570024574,-1.4423097361899044
32,3,Charity Lawson,Artem Chigvintsev,TV Personality,United States,27,4,32.0,0.0776521827437854,3.5,10.0,12.0,0.4545454338842984,6.082762530298219,8.133705903041475,11,0.09090909090909091,7.7272727272727275,25.0,0.16666666666666666,0.16136878994021853,-0.7211548680949522,0.5200643437770479,1,0.02702702702702703,1,8.0,11,0.0024570024570024574,-2.1634646042848567
32,4,Charity Lawson,Artem Chigvintsev,TV Personality,United States,27,4,24.0,0.1027048616877124,3.5,2.0,11.0,0.09090908677685969,5.686240703077327,8.133705903041475,11,0.09090909090909091,7.7272727272727275,25.666666666666668,0.16666666666666666,0.16136878994021853,-0.7211548680949522,0.5200643437770479,1,0.02702702702702703,1,8.0,11,0.0024570024570024574,-2.884619472379809
32,5,Charity Lawson,Artem Chigvintsev,TV Personality,United States,27,4,28.0,0.1042912826946192,1.5,6.0,10.0,0.27272726033057904,4.0,8.133705903041475,11,0.09090909090909091,7.7272727272727275,28.0,0.16666666666666666,0.16136878994021853,-0.7211548680949522,0.5200643437770479,1,0.02702702702702703,1,8.0,11,0.0024570024570024574,-3.605774340474761
32,6,Charity Lawson,Artem Chigvintsev,TV Personality,United States,27,4,38.0,0.1291453593638185,4.0,2.0,9.0,0.7272726942148775,7.211102550927978,8.133705903041475,11,0.09090909090909091,7.7272727272727275,30.0,0.16666666666666666,0.16136878994021853,-0.7211548680949522,0.5200643437770479,1,0.02702702702702703,1,8.0,11,0.0024570024570024574,-4.326929208569713
32,7,Charity Lawson,Artem Chigvintsev,TV Personality,United States,27,4,36.0,0.139077952034564,4.5,1.0,8.0,0.6363636074380178,5.291502622129181,8.133705903041475,11,0.09090909090909091,7.7272727272727275,34.0,0.16666666666666666,0.16136878994021853,-0.7211548680949522,0.5200643437770479,1,0.02702702702702703,1,8.0,11,0.0024570024570024574,-5.048084076664665
32,8,Charity Lawson,Artem Chigvintsev,TV Personality,United States,27,4,39.0,0.152974695737821,3.0,2.0,7.0,0.7727272376033073,1.5275252316519474,8.133705903041475,11,0.09090909090909091,7.7272727272727275,37.666666666666664,0.16666666666666666,0.16136878994021853,-0.7211548680949522,0.5200643437770479,1,0.02702702702702703,1,8.0,11,0.0024570024570024574,-5.769238944759618
32,9,Charity Lawson,Artem Chigvintsev,TV Personality,United States,27,4,38.0,0.1701484631263385,3.0,3.0,6.0,0.7272726942148775,1.5275252316519474,8.133705903041475,11,0.09090909090909091,7.7272727272727275,37.666666666666664,0.16666666666666666,0.16136878994021853,-0.7211548680949522,0.5200643437770479,1,0.02702702702702703,1,8.0,11,0.0024570024570024574,-6.49039381285457
32,10,Charity Lawson,Artem Chigvintsev,TV Personality,United States,27,4,29.5,0.2020463016417266,2.0,4.0,5.0,0.34090907541322385,5.220153254455275,8.133705903041475,11,0.09090909090909091,7.7272727272727275,35.5,0.16666666666666666,0.16136878994021853,-0.7211548680949522,0.5200643437770479,1,0.02702702702702703,1,8.0,11,0.0024570024570024574,-7.211548680949522
32,11,Charity Lawson,Artem Chigvintsev,TV Personality,United States,27,4,29.5,0.2263806633587391,3.5,2.0,5.0,0.34090907541322385,4.907477288111821,8.133705903041475,11,0.09090909090909091,7.7272727272727275,32.333333333333336,0.16666666666666666,0.16136878994021853,-0.7211548680949522,0.5200643437770479,1,0.02702702702702703,1,8.0,11,0.0024570024570024574,-7.932703549044474
32,1,Ariana Madix,Pasha Pashkov,TV Personality,United States,38,3,21.0,0.0646956646066452,2.5,8.0,14.0,0.0,0.0,8.133705903041475,4,0.0,12.5,21.0,0.5714285714285714,0.16136878994021853,0.1334487613303689,0.017808571900609763,1,0.02702702702702703,1,5.5,4,0.0,0.1334487613303689
32,2,Ariana Madix,Pasha Pashkov,TV Personality,United States,38,3,20.0,0.0774008340499064,5.0,7.0,13.0,-0.04761904535147403,0.7071067811865476,8.133705903041475,4,0.0,12.5,20.5,0.5714285714285714,0.16136878994021853,0.1334487613303689,0.017808571900609763,1,0.02702702702702703,1,5.5,4,0.0,0.2668975226607378
32,3,Ariana Madix,Pasha Pashkov,TV Personality,United States,38,3,34.0,0.0886267897187793,1.5,3.0,12.0,0.6190475895691624,7.810249675906654,8.133705903041475,4,0.0,12.5,25.0,0.5714285714285714,0.16136878994021853,0.1334487613303689,0.017808571900609763,1,0.02702702702702703,1,5.5,4,0.0,0.4003462839911067
32,4,Ariana Madix,Pasha Pashkov,TV Personality,United States,38,3,25.0,0.0966107672117443,2.0,6.0,11.0,0.19047618140589612,7.094598884597588,8.133705903041475,4,0.0,12.5,26.333333333333332,0.5714285714285714,0.16136878994021853,0.1334487613303689,0.017808571900609763,1,0.02702702702702703,1,5.5,4,0.0,0.5337950453214756
32,5,Ariana Madix,Pasha Pashkov,TV Personality,United States,38,3,24.0,0.1043630361480307,5.5,5.0,10.0,0.14285713605442207,5.507570547286102,8.133705903041475,4,0.0,12.5,27.666666666666668,0.5714285714285714,0.16136878994021853,0.1334487613303689,0.017808571900609763,1,0.02702702702702703,1,5.5,4,0.0,0.6672438066518445
32,6,Ariana Madix,Pasha Pashkov,TV Personality,United States,38,3,41.0,0.1361598973768357,2.0,1.0,9.0,0.9523809070294805,9.539392014169456,8.133705903041475,4,0.0,12.5,30.0,0.5714285714285714,0.16136878994021853,0.1334487613303689,0.017808571900609763,1,0.02702702702702703,1,5.5,4,0.0,0.8006925679822134
32,7,Ariana Madix,Pasha Pashkov,TV Personality,United States,38,3,37.0,0.1255175239328334,1.5,5.0,8.0,0.7619047256235845,8.888194417315589,8.133705903041475,4,0.0,12.5,34.0,0.5714285714285714,0.16136878994021853,0.1334487613303689,0.017808571900609763,1,0.02702702702702703,1,5.5,4,0.0,0.9341413293125823
32,8,Ariana Madix,Pasha Pashkov,TV Personality,United States,38,3,42.0,0.1450886600761607,1.0,4.0,7.0,0.9999999523809546,2.6457513110645907,8.133705903041475,4,0.0,12.5,40.0,0.5714285714285714,0.16136878994021853,0.1334487613303689,0.017808571900609763,1,0.02702702702702703,1,5.5,4,0.0,1.0675900906429512
32,9,Ariana Madix,Pasha Pashkov,TV Personality,United States,38,3,37.0,0.2001401296877812,4.0,1.0,6.0,0.7619047256235845,2.886751345948128,8.133705903041475,4,0.0,12.5,38.666666666666664,0.5714285714285714,0.16136878994021853,0.1334487613303689,0.017808571900609763,1,0.02702702702702703,1,5.5,4,0.0,1.2010388519733202
32,10,Ariana Madix,Pasha Pashkov,TV Personality,United States,38,3,29.0,0.2535940816944917,3.0,1.0,5.0,0.38095236281179223,6.557438524302,8.133705903041475,4,0.0,12.5,36.0,0.5714285714285714,0.16136878994021853,0.1334487613303689,0.017808571900609763,1,0.02702702702702703,1,5.5,4,0.0,1.334487613303689
32,11,Ariana Madix,Pasha Pashkov,TV Personality,United States,38,3,29.5,0.2047993155859249,3.5,4.0,5.0,0.4047618854875292,4.481443219916251,8.133705903041475,4,0.0,12.5,31.833333333333332,0.5714285714285714,0.16136878994021853,0.1334487613303689,0.017808571900609763,1,0.02702702702702703,1,5.5,4,0.0,1.467936374634058
33,1,Tori Spelling,Pasha Pashkov,Actor/Actress,United States,51,12,17.0,0.0297051577240315,11.0,9.0,13.0,0.0,0.0,5.430013613877036,5,0.2,10.6,17.0,0.42857142857142855,0.16435935859012782,1.1434348688330211,1.3074432992631884,2,0.058823529411764705,1,-2.0,10,0.011764705882352941,1.1434348688330211
33,2,Tori Spelling,Pasha Pashkov,Actor/Actress,United States,51,12,19.0,0.0423514866692952,9.5,13.0,13.0,0.11764705190311459,0.0,5.430013613877036,5,0.2,10.6,18.0,0.42857142857142855,0.16435935859012782,1.1434348688330211,1.3074432992631884,2,0.058823529411764705,1,-2.0,10,0.011764705882352941,2.2868697376660423
33,1,Eric Roberts,Britt Stewart,Actor/Actress,United States,68,10,15.0,0.0270424397051498,13.0,10.0,13.0,0.0,0.0,5.430013613877036,4,0.0,9.25,15.0,0.5,0.16435935859012782,2.4641859324903357,6.072212309883265,2,0.058823529411764705,1,-3.0,8,0.0,2.4641859324903357
33,2,Eric Roberts,Britt Stewart,Actor/Actress,United States,68,10,15.0,0.0597853126227517,12.5,8.0,13.0,0.0,0.0,5.430013613877036,4,0.0,9.25,15.0,0.5,0.16435935859012782,2.4641859324903357,6.072212309883265,2,0.058823529411764705,1,-3.0,8,0.0,4.928371864980671
33,3,Eric Roberts,Britt Stewart,Actor/Actress,United States,68,10,23.0,0.0605057562165532,10.0,11.0,11.0,0.5333332977777802,4.618802153517006,5.430013613877036,4,0.0,9.25,17.666666666666668,0.5,0.16435935859012782,2.4641859324903357,6.072212309883265,2,0.058823529411764705,1,-3.0,8,0.0,7.392557797471007
33,1,Reginald VelJohnson,Emma Slater,Actor/Actress,United States,74,10,16.0,0.0905786067961433,12.0,5.0,13.0,0.0,0.0,5.430013613877036,15,0.06666666666666667,7.8,16.0,0.3125,0.16435935859012782,2.930333366722329,8.58685364012622,2,0.058823529411764705,1,-7.0,30,0.00392156862745098,2.930333366722329
33,2,Reginald VelJohnson,Emma Slater,Actor/Actress,United States,74,10,15.0,0.0729457039535354,12.5,6.0,13.0,-0.06249999609375024,0.7071067811865476,5.430013613877036,15,0.06666666666666667,7.8,15.5,0.3125,0.16435935859012782,2.930333366722329,8.58685364012622,2,0.058823529411764705,1,-7.0,30,0.00392156862745098,5.860666733444658
33,3,Reginald VelJohnson,Emma Slater,Actor/Actress,United States,74,10,21.0,0.0757303140708537,11.0,10.0,11.0,0.3124999804687512,3.214550253664319,5.430013613877036,15,0.06666666666666667,7.8,17.333333333333332,0.3125,0.16435935859012782,2.930333366722329,8.58685364012622,2,0.058823529411764705,1,-7.0,30,0.00392156862745098,8.791000100166986
33,1,Chandler Kinney,Brandon Armstrong,Actor/Actress,United States,24,3,23.0,0.0236960453050846,1.0,11.0,13.0,0.0,0.0,5.430013613877036,6,0.0,9.666666666666666,23.0,0.125,0.16435935859012782,-0.9542285852109489,0.9105521928336892,2,0.058823529411764705,1,10.0,12,0.0,-0.9542285852109489
33,2,Chandler Kinney,Brandon Armstrong,Actor/Actress,United States,24,3,24.0,0.0583672575662353,1.0,9.0,13.0,0.04347825897920613,0.7071067811865476,5.430013613877036,6,0.0,9.666666666666666,23.5,0.125,0.16435935859012782,-0.9542285852109489,0.9105521928336892,2,0.058823529411764705,1,10.0,12,0.0,-1.9084571704218978
33,3,Chandler Kinney,Brandon Armstrong,Actor/Actress,United States,24,3,34.5,0.0823420876438884,2.0,8.0,11.0,0.4999999782608705,6.370504951205464,5.430013613877036,6,0.0,9.666666666666666,27.166666666666668,0.125,0.16435935859012782,-0.9542285852109489,0.9105521928336892,2,0.058823529411764705,1,10.0,12,0.0,-2.862685755632847
33,4,Chandler Kinney,Brandon Armstrong,Actor/Actress,United States,24,3,32.0,0.117955399456151,6.0,3.0,9.0,0.39130433081285515,5.484827557301444,5.430013613877036,6,0.0,9.666666666666666,30.166666666666668,0.125,0.16435935859012782,-0.9542285852109489,0.9105521928336892,2,0.058823529411764705,1,10.0,12,0.0,-3.8169143408437956
33,5,Chandler Kinney,Brandon Armstrong,Actor/Actress,United States,24,3,27.0,0.1313320483977915,1.0,3.0,8.0,0.17391303591682453,3.8188130791298653,5.430013613877036,6,0.0,9.666666666666666,31.166666666666668,0.125,0.16435935859012782,-0.9542285852109489,0.9105521928336892,2,0.058823529411764705,1,10.0,12,0.0,-4.771142926054744
33,6,Chandler Kinney,Brandon Armstrong,Actor/Actress,United States,24,3,32.0,0.1499724259147219,1.5,1.0,7.0,0.39130433081285515,2.886751345948128,5.430013613877036,6,0.0,9.666666666666666,30.333333333333332,0.125,0.16435935859012782,-0.9542285852109489,0.9105521928336892,2,0.058823529411764705,1,10.0,12,0.0,-5.725371511265694
33,7,Chandler Kinney,Brandon Armstrong,Actor/Actress,United States,24,3,30.0,0.1586412993921986,1.0,4.0,6.0,0.3043478128544429,2.516611478423582,5.430013613877036,6,0.0,9.666666666666666,29.666666666666668,0.125,0.16435935859012782,-0.9542285852109489,0.9105521928336892,2,0.058823529411764705,1,10.0,12,0.0,-6.679600096476642
33,8,Chandler Kinney,Brandon Armstrong,Actor/Actress,United States,24,3,29.0,0.1974268915842578,1.5,4.0,5.0,0.2608695538752368,1.5275252316519434,5.430013613877036,6,0.0,9.666666666666666,30.333333333333332,0.125,0.16435935859012782,-0.9542285852109489,0.9105521928336892,2,0.058823529411764705,1,10.0,12,0.0,-7.633828681687591
33,9,Chandler Kinney,Brandon Armstrong,Actor/Actress,United States,24,3,30.0,0.2216882860689285,1.0,3.0,5.0,0.3043478128544429,0.5773502691896155,5.430013613877036,6,0.0,9.666666666666666,29.666666666666668,0.125,0.16435935859012782,-0.9542285852109489,0.9105521928336892,2,0.058823529411764705,1,10.0,12,0.0,-8.58805726689854
33,1,Dwight Howard ,Daniella Karagach,Athlete,United States,38,6,22.0,0.018772348897757,2.0,13.0,13.0,0.0,0.0,5.430013613877036,4,0.75,4.25,22.0,0.4,0.16435935859012782,0.1334487613303689,0.017808571900609763,3,0.029411764705882353,1,11.0,12,0.022058823529411763,0.1334487613303689
33,2,Dwight Howard ,Daniella Karagach,Athlete,United States,38,6,22.0,0.0665572511423991,3.0,7.0,13.0,0.0,0.0,5.430013613877036,4,0.75,4.25,22.0,0.4,0.16435935859012782,0.1334487613303689,0.017808571900609763,3,0.029411764705882353,1,11.0,12,0.022058823529411763,0.2668975226607378
33,3,Dwight Howard ,Daniella Karagach,Athlete,United States,38,6,26.0,0.0905686861024641,9.0,6.0,11.0,0.18181817355371938,2.3094010767585034,5.430013613877036,4,0.75,4.25,23.333333333333332,0.4,0.16435935859012782,0.1334487613303689,0.017808571900609763,3,0.029411764705882353,1,11.0,12,0.022058823529411763,0.4003462839911067
33,4,Dwight Howard ,Daniella Karagach,Athlete,United States,38,6,29.0,0.1374064669232692,9.0,1.0,9.0,0.3181818037190089,3.5118845842842465,5.430013613877036,4,0.75,4.25,25.666666666666668,0.4,0.16435935859012782,0.1334487613303689,0.017808571900609763,3,0.029411764705882353,1,11.0,12,0.022058823529411763,0.5337950453214756
33,5,Dwight Howard ,Daniella Karagach,Athlete,United States,38,6,24.0,0.147160582985536,7.0,1.0,8.0,0.09090908677685969,2.5166114784235827,5.430013613877036,4,0.75,4.25,26.333333333333332,0.4,0.16435935859012782,0.1334487613303689,0.017808571900609763,3,0.029411764705882353,1,11.0,12,0.022058823529411763,0.6672438066518445
33,6,Dwight Howard ,Daniella Karagach,Athlete,United States,38,6,31.0,0.1459589037166036,3.5,3.0,7.0,0.4090908904958686,3.6055512754639887,5.430013613877036,4,0.75,4.25,28.0,0.4,0.16435935859012782,0.1334487613303689,0.017808571900609763,3,0.029411764705882353,1,11.0,12,0.022058823529411763,0.8006925679822134
33,7,Dwight Howard ,Daniella Karagach,Athlete,United States,38,6,24.0,0.1495101821132795,6.0,6.0,6.0,0.09090908677685969,4.04145188432738,5.430013613877036,4,0.75,4.25,26.333333333333332,0.4,0.16435935859012782,0.1334487613303689,0.017808571900609763,3,0.029411764705882353,1,11.0,12,0.022058823529411763,0.9341413293125823
33,1,Danny Amendola,Witney Carson,Athlete,United States,39,5,20.0,0.0214850539221875,5.0,12.0,13.0,0.0,0.0,5.430013613877036,13,0.38461538461538464,5.538461538461538,20.0,0.2857142857142857,0.16435935859012782,0.21114000036903446,0.04458009975583587,3,0.029411764705882353,1,7.0,39,0.011312217194570135,0.21114000036903446
33,2,Danny Amendola,Witney Carson,Athlete,United States,39,5,21.0,0.0534061037950002,6.0,10.0,13.0,0.04999999750000012,0.7071067811865476,5.430013613877036,13,0.38461538461538464,5.538461538461538,20.5,0.2857142857142857,0.16435935859012782,0.21114000036903446,0.04458009975583587,3,0.029411764705882353,1,7.0,39,0.011312217194570135,0.42228000073806893
33,3,Danny Amendola,Witney Carson,Athlete,United States,39,5,30.0,0.1183074953503008,6.0,1.0,11.0,0.4999999750000012,5.507570547286101,5.430013613877036,13,0.38461538461538464,5.538461538461538,23.666666666666668,0.2857142857142857,0.16435935859012782,0.21114000036903446,0.04458009975583587,3,0.029411764705882353,1,7.0,39,0.011312217194570135,0.6334200011071034
33,4,Danny Amendola,Witney Carson,Athlete,United States,39,5,36.0,0.1262115076885229,1.5,2.0,9.0,0.799999960000002,7.549834435270749,5.430013613877036,13,0.38461538461538464,5.538461538461538,29.0,0.2857142857142857,0.16435935859012782,0.21114000036903446,0.04458009975583587,3,0.029411764705882353,1,7.0,39,0.011312217194570135,0.8445600014761379
33,5,Danny Amendola,Witney Carson,Athlete,United States,39,5,25.5,0.1249611431642181,4.5,4.0,8.0,0.27499998625000066,5.267826876426369,5.430013613877036,13,0.38461538461538464,5.538461538461538,30.5,0.2857142857142857,0.16435935859012782,0.21114000036903446,0.04458009975583587,3,0.029411764705882353,1,7.0,39,0.011312217194570135,1.0557000018451723
33,6,Danny Amendola,Witney Carson,Athlete,United States,39,5,28.0,0.1438664708363709,5.5,4.0,7.0,0.399999980000001,5.484827557301444,5.430013613877036,13,0.38461538461538464,5.538461538461538,29.833333333333332,0.2857142857142857,0.16435935859012782,0.21114000036903446,0.04458009975583587,3,0.029411764705882353,1,7.0,39,0.011312217194570135,1.2668400022142068
33,7,Danny Amendola,Witney Carson,Athlete,United States,39,5,25.5,0.1859167357843964,5.0,1.0,6.0,0.27499998625000066,1.4433756729740592,5.430013613877036,13,0.38461538461538464,5.538461538461538,26.333333333333332,0.2857142857142857,0.16435935859012782,0.21114000036903446,0.04458009975583587,3,0.029411764705882353,1,7.0,39,0.011312217194570135,1.4779800025832412
33,8,Danny Amendola,Witney Carson,Athlete,United States,39,5,27.0,0.2228523274488351,4.0,2.0,5.0,0.34999998250000086,1.258305739211786,5.430013613877036,13,0.38461538461538464,5.538461538461538,26.833333333333332,0.2857142857142857,0.16435935859012782,0.21114000036903446,0.04458009975583587,3,0.029411764705882353,1,7.0,39,0.011312217194570135,1.6891200029522757
33,9,Danny Amendola,Witney Carson,Athlete,United States,39,5,28.0,0.2225971235708501,5.0,2.0,5.0,0.399999980000001,1.258305739211786,5.430013613877036,13,0.38461538461538464,5.538461538461538,26.833333333333332,0.2857142857142857,0.16435935859012782,0.21114000036903446,0.04458009975583587,3,0.029411764705882353,1,7.0,39,0.011312217194570135,1.9002600033213102
33,1,Stephen Nedoroscik,Rylee Arnold,Athlete,United States,26,4,21.0,0.1048664435200482,3.5,4.0,13.0,0.0,0.0,5.430013613877036,1,0.0,6.0,21.0,0.3333333333333333,0.16435935859012782,-0.7988461071336178,0.6381551028825356,3,0.029411764705882353,1,0.5,3,0.0,-0.7988461071336178
33,2,Stephen Nedoroscik,Rylee Arnold,Athlete,United States,26,4,22.0,0.0880800796820864,3.0,3.0,13.0,0.04761904535147403,0.7071067811865476,5.430013613877036,1,0.0,6.0,21.5,0.3333333333333333,0.16435935859012782,-0.7988461071336178,0.6381551028825356,3,0.029411764705882353,1,0.5,3,0.0,-1.5976922142672356
33,3,Stephen Nedoroscik,Rylee Arnold,Athlete,United States,26,4,31.0,0.1147005382687384,3.5,2.0,11.0,0.47619045351474026,5.507570547286101,5.430013613877036,1,0.0,6.0,24.666666666666668,0.3333333333333333,0.16435935859012782,-0.7988461071336178,0.6381551028825356,3,0.029411764705882353,1,0.5,3,0.0,-2.3965383214008535
33,4,Stephen Nedoroscik,Rylee Arnold,Athlete,United States,26,4,33.0,0.1050909736470857,3.0,6.0,9.0,0.5714285442176883,5.859465277082315,5.430013613877036,1,0.0,6.0,28.666666666666668,0.3333333333333333,0.16435935859012782,-0.7988461071336178,0.6381551028825356,3,0.029411764705882353,1,0.5,3,0.0,-3.1953844285344712
33,5,Stephen Nedoroscik,Rylee Arnold,Athlete,United States,26,4,24.0,0.1233930562658829,7.0,5.0,8.0,0.14285713605442207,4.725815626252605,5.430013613877036,1,0.0,6.0,29.333333333333332,0.3333333333333333,0.16435935859012782,-0.7988461071336178,0.6381551028825356,3,0.029411764705882353,1,0.5,3,0.0,-3.994230535668089
33,6,Stephen Nedoroscik,Rylee Arnold,Athlete,United States,26,4,28.0,0.1428875656867191,5.5,5.0,7.0,0.3333333174603182,4.509249752822891,5.430013613877036,1,0.0,6.0,28.333333333333332,0.3333333333333333,0.16435935859012782,-0.7988461071336178,0.6381551028825356,3,0.029411764705882353,1,0.5,3,0.0,-4.793076642801707
33,7,Stephen Nedoroscik,Rylee Arnold,Athlete,United States,26,4,27.0,0.1768645326736256,3.0,3.0,6.0,0.28571427210884415,2.081665999466125,5.430013613877036,1,0.0,6.0,26.333333333333332,0.3333333333333333,0.16435935859012782,-0.7988461071336178,0.6381551028825356,3,0.029411764705882353,1,0.5,3,0.0,-5.591922749935325
33,8,Stephen Nedoroscik,Rylee Arnold,Athlete,United States,26,4,26.5,0.2238352816299076,5.0,1.0,5.0,0.26190474943310715,0.7637626158259545,5.430013613877036,1,0.0,6.0,27.166666666666668,0.3333333333333333,0.16435935859012782,-0.7988461071336178,0.6381551028825356,3,0.029411764705882353,1,0.5,3,0.0,-6.3907688570689425
33,9,Stephen Nedoroscik,Rylee Arnold,Athlete,United States,26,4,29.5,0.1920272915339971,2.5,4.0,5.0,0.4047618854875292,1.60727512683215,5.430013613877036,1,0.0,6.0,27.666666666666668,0.3333333333333333,0.16435935859012782,-0.7988461071336178,0.6381551028825356,3,0.029411764705882353,1,0.5,3,0.0,-7.18961496420256
33,1,Ilona Maher,Alan Bersten,Athlete,United States,28,2,18.0,0.0476268375961065,9.0,8.0,13.0,0.0,0.0,5.430013613877036,8,0.125,6.625,18.0,0.2222222222222222,0.16435935859012782,-0.6434636290562866,0.4140454419182864,3,0.029411764705882353,1,-1.0,24,0.003676470588235294,-0.6434636290562866
33,2,Ilona Maher,Alan Bersten,Athlete,United States,28,2,21.0,0.0499828865730931,6.0,12.0,13.0,0.1666666574074079,2.1213203435596424,5.430013613877036,8,0.125,6.625,19.5,0.2222222222222222,0.16435935859012782,-0.6434636290562866,0.4140454419182864,3,0.029411764705882353,1,-1.0,24,0.003676470588235294,-1.2869272581125732
33,3,Ilona Maher,Alan Bersten,Athlete,United States,28,2,28.0,0.0910262246299249,7.5,5.0,11.0,0.5555555246913597,5.131601439446885,5.430013613877036,8,0.125,6.625,22.333333333333332,0.2222222222222222,0.16435935859012782,-0.6434636290562866,0.4140454419182864,3,0.029411764705882353,1,-1.0,24,0.003676470588235294,-1.9303908871688598
33,4,Ilona Maher,Alan Bersten,Athlete,United States,28,2,32.0,0.1047401431400286,6.0,7.0,9.0,0.7777777345679036,5.567764362830023,5.430013613877036,8,0.125,6.625,27.0,0.2222222222222222,0.16435935859012782,-0.6434636290562866,0.4140454419182864,3,0.029411764705882353,1,-1.0,24,0.003676470588235294,-2.5738545162251465
33,5,Ilona Maher,Alan Bersten,Athlete,United States,28,2,26.0,0.1117116297978013,2.5,7.0,8.0,0.4444444197530878,3.0550504633038953,5.430013613877036,8,0.125,6.625,28.666666666666668,0.2222222222222222,0.16435935859012782,-0.6434636290562866,0.4140454419182864,3,0.029411764705882353,1,-1.0,24,0.003676470588235294,-3.2173181452814332
33,6,Ilona Maher,Alan Bersten,Athlete,United States,28,2,24.0,0.146370211680948,7.0,2.0,7.0,0.3333333148148158,4.163331998932267,5.430013613877036,8,0.125,6.625,27.333333333333332,0.2222222222222222,0.16435935859012782,-0.6434636290562866,0.4140454419182864,3,0.029411764705882353,1,-1.0,24,0.003676470588235294,-3.8607817743377195
33,7,Ilona Maher,Alan Bersten,Athlete,United States,28,2,26.0,0.151023777234077,4.0,5.0,6.0,0.4444444197530878,1.1547005383792548,5.430013613877036,8,0.125,6.625,25.333333333333332,0.2222222222222222,0.16435935859012782,-0.6434636290562866,0.4140454419182864,3,0.029411764705882353,1,-1.0,24,0.003676470588235294,-4.504245403394006
33,8,Ilona Maher,Alan Bersten,Athlete,United States,28,2,28.5,0.1412761063713127,3.0,5.0,5.0,0.5833333009259277,2.2546248764114485,5.430013613877036,8,0.125,6.625,26.166666666666668,0.2222222222222222,0.16435935859012782,-0.6434636290562866,0.4140454419182864,3,0.029411764705882353,1,-1.0,24,0.003676470588235294,-5.147709032450293
33,9,Ilona Maher,Alan Bersten,Athlete,United States,28,2,28.5,0.1231476502941993,4.0,5.0,5.0,0.5833333009259277,1.4433756729740652,5.430013613877036,8,0.125,6.625,27.666666666666668,0.2222222222222222,0.16435935859012782,-0.6434636290562866,0.4140454419182864,3,0.029411764705882353,1,-1.0,24,0.003676470588235294,-5.79117266150658
33,1,Anna Delvey,Ezra Sosa,Con artist,Russia,33,12,18.0,0.1089361241295771,9.0,3.0,13.0,0.0,0.0,5.430013613877036,0,0.0,6.0,18.0,1.0,0.16435935859012782,-0.2550074338629589,0.06502879132537134,2,0.5,0,-6.0,0,0.0,-0.2550074338629589
33,2,Anna Delvey,Ezra Sosa,Con artist,Russia,33,12,17.0,0.0516223256380611,11.0,11.0,13.0,-0.055555552469135974,0.0,5.430013613877036,0,0.0,6.0,17.5,1.0,0.16435935859012782,-0.2550074338629589,0.06502879132537134,2,0.5,0,-6.0,0,0.0,-0.5100148677259178
33,1,Brooks Nader,Gleb Savchenko,Model,United States,27,9,18.0,0.1356222635885154,9.0,2.0,13.0,0.0,0.0,5.430013613877036,11,0.0,8.181818181818182,18.0,0.07692307692307693,0.16435935859012782,-0.7211548680949522,0.5200643437770479,2,0.25,1,-7.0,22,0.0,-0.7211548680949522
33,2,Brooks Nader,Gleb Savchenko,Model,United States,27,9,20.0,0.1123829188890561,8.0,2.0,13.0,0.11111110493827195,1.4142135623730951,5.430013613877036,11,0.0,8.181818181818182,19.0,0.07692307692307693,0.16435935859012782,-0.7211548680949522,0.5200643437770479,2,0.25,1,-7.0,22,0.0,-1.4423097361899044
33,3,Brooks Nader,Gleb Savchenko,Model,United States,27,9,30.5,0.0928065764861353,5.0,4.0,11.0,0.6944444058641996,6.714412359494563,5.430013613877036,11,0.0,8.181818181818182,22.833333333333332,0.07692307692307693,0.16435935859012782,-0.7211548680949522,0.5200643437770479,2,0.25,1,-7.0,22,0.0,-2.1634646042848567
33,4,Brooks Nader,Gleb Savchenko,Model,United States,27,9,32.0,0.087094954415586,6.0,9.0,9.0,0.7777777345679036,6.538348415311011,5.430013613877036,11,0.0,8.181818181818182,27.5,0.07692307692307693,0.16435935859012782,-0.7211548680949522,0.5200643437770479,2,0.25,1,-7.0,22,0.0,-2.884619472379809
33,1,Phaedra Parks,Val Chmerkovskiy,TV Personality,United States,51,8,19.0,0.0700813782468593,6.5,7.0,13.0,0.0,0.0,5.430013613877036,0,0.0,6.0,19.0,1.0,0.16435935859012782,1.1434348688330211,1.3074432992631884,1,0.05,1,0.5,0,0.0,1.1434348688330211
33,2,Phaedra Parks,Val Chmerkovskiy,TV Personality,United States,51,8,21.0,0.0770207135282975,6.0,4.0,13.0,0.10526315235457093,1.4142135623730951,5.430013613877036,0,0.0,6.0,20.0,1.0,0.16435935859012782,1.1434348688330211,1.3074432992631884,1,0.05,1,0.5,0,0.0,2.2868697376660423
33,3,Phaedra Parks,Val Chmerkovskiy,TV Personality,United States,51,8,28.0,0.1062683400592419,7.5,3.0,11.0,0.47368418559556913,4.725815626252608,5.430013613877036,0,0.0,6.0,22.666666666666668,1.0,0.16435935859012782,1.1434348688330211,1.3074432992631884,1,0.05,1,0.5,0,0.0,3.4303046064990634
33,4,Phaedra Parks,Val Chmerkovskiy,TV Personality,United States,51,8,32.0,0.093381573807362,6.0,8.0,9.0,0.684210490304711,5.5677643628300215,5.430013613877036,0,0.0,6.0,27.0,1.0,0.16435935859012782,1.1434348688330211,1.3074432992631884,1,0.05,1,0.5,0,0.0,4.573739475332085
33,5,Phaedra Parks,Val Chmerkovskiy,TV Personality,United States,51,8,24.0,0.1002246428907439,7.0,8.0,8.0,0.26315788088642733,3.999999999999999,5.430013613877036,0,0.0,6.0,28.0,1.0,0.16435935859012782,1.1434348688330211,1.3074432992631884,1,0.05,1,0.5,0,0.0,5.717174344165105
33,1,Jenn Tran,Sasha Farber,TV Personality,United States,26,7,19.0,0.2371406485675994,6.5,1.0,13.0,0.0,0.0,5.430013613877036,11,0.18181818181818182,6.0,19.0,0.25,0.16435935859012782,-0.7988461071336178,0.6381551028825356,1,0.05,1,-5.5,11,0.009090909090909092,-0.7988461071336178
33,2,Jenn Tran,Sasha Farber,TV Personality,United States,26,7,19.0,0.1907615613944744,9.5,1.0,13.0,0.0,0.0,5.430013613877036,11,0.18181818181818182,6.0,19.0,0.25,0.16435935859012782,-0.7988461071336178,0.6381551028825356,1,0.05,1,-5.5,11,0.009090909090909092,-1.5976922142672356
33,3,Jenn Tran,Sasha Farber,TV Personality,United States,26,7,31.0,0.0858402714547148,3.5,7.0,11.0,0.6315789141274255,6.928203230275509,5.430013613877036,11,0.18181818181818182,6.0,23.0,0.25,0.16435935859012782,-0.7988461071336178,0.6381551028825356,1,0.05,1,-5.5,11,0.009090909090909092,-2.3965383214008535
33,4,Jenn Tran,Sasha Farber,TV Personality,United States,26,7,32.0,0.11570599806997,6.0,4.0,9.0,0.684210490304711,7.234178138070235,5.430013613877036,11,0.18181818181818182,6.0,27.333333333333332,0.25,0.16435935859012782,-0.7988461071336178,0.6381551028825356,1,0.05,1,-5.5,11,0.009090909090909092,-3.1953844285344712
33,5,Jenn Tran,Sasha Farber,TV Personality,United States,26,7,25.5,0.1418054244863791,4.5,2.0,8.0,0.3421052451523555,3.500000000000001,5.430013613877036,11,0.18181818181818182,6.0,29.5,0.25,0.16435935859012782,-0.7988461071336178,0.6381551028825356,1,0.05,1,-5.5,11,0.009090909090909092,-3.994230535668089
33,6,Jenn Tran,Sasha Farber,TV Personality,United States,26,7,31.0,0.1320875807198892,3.5,7.0,7.0,0.6315789141274255,3.500000000000001,5.430013613877036,11,0.18181818181818182,6.0,29.5,0.25,0.16435935859012782,-0.7988461071336178,0.6381551028825356,1,0.05,1,-5.5,11,0.009090909090909092,-4.793076642801707
33,1,Joey Graziadei,Jenna Johnson,TV Personality,United States,29,1,21.0,0.0844466520009397,3.5,6.0,13.0,0.0,0.0,5.430013613877036,7,0.42857142857142855,6.285714285714286,21.0,0.3333333333333333,0.16435935859012782,-0.5657723900176211,0.3200983973062512,1,0.05,1,2.5,7,0.02142857142857143,-0.5657723900176211
33,2,Joey Graziadei,Jenna Johnson,TV Personality,United States,29,1,22.0,0.076736398545714,3.0,5.0,13.0,0.04761904535147403,0.7071067811865476,5.430013613877036,7,0.42857142857142855,6.285714285714286,21.5,0.3333333333333333,0.16435935859012782,-0.5657723900176211,0.3200983973062512,1,0.05,1,2.5,7,0.02142857142857143,-1.1315447800352423
33,3,Joey Graziadei,Jenna Johnson,TV Personality,United States,29,1,35.0,0.081903709717184,1.0,9.0,11.0,0.6666666349206364,7.810249675906654,5.430013613877036,7,0.42857142857142855,6.285714285714286,26.0,0.3333333333333333,0.16435935859012782,-0.5657723900176211,0.3200983973062512,1,0.05,1,2.5,7,0.02142857142857143,-1.6973171700528633
33,4,Joey Graziadei,Jenna Johnson,TV Personality,United States,29,1,36.0,0.1124129828520243,1.5,5.0,9.0,0.7142856802721105,7.810249675906654,5.430013613877036,7,0.42857142857142855,6.285714285714286,31.0,0.3333333333333333,0.16435935859012782,-0.5657723900176211,0.3200983973062512,1,0.05,1,2.5,7,0.02142857142857143,-2.2630895600704846
33,5,Joey Graziadei,Jenna Johnson,TV Personality,United States,29,1,26.0,0.119411472011647,2.5,6.0,8.0,0.23809522675737013,5.507570547286103,5.430013613877036,7,0.42857142857142855,6.285714285714286,32.333333333333336,0.3333333333333333,0.16435935859012782,-0.5657723900176211,0.3200983973062512,1,0.05,1,2.5,7,0.02142857142857143,-2.828861950088106
33,6,Joey Graziadei,Jenna Johnson,TV Personality,United States,29,1,32.0,0.1388568414447471,1.5,6.0,7.0,0.5238094988662143,5.033222956847168,5.430013613877036,7,0.42857142857142855,6.285714285714286,31.333333333333332,0.3333333333333333,0.16435935859012782,-0.5657723900176211,0.3200983973062512,1,0.05,1,2.5,7,0.02142857142857143,-3.3946343401057266
33,7,Joey Graziadei,Jenna Johnson,TV Personality,United States,29,1,27.5,0.1780434728024227,2.0,2.0,6.0,0.3095237947845812,3.122498999199205,5.430013613877036,7,0.42857142857142855,6.285714285714286,28.5,0.3333333333333333,0.16435935859012782,-0.5657723900176211,0.3200983973062512,1,0.05,1,2.5,7,0.02142857142857143,-3.960406730123348
33,8,Joey Graziadei,Jenna Johnson,TV Personality,United States,29,1,29.0,0.2146093929656865,1.5,3.0,5.0,0.38095236281179223,2.2912878474779252,5.430013613877036,7,0.42857142857142855,6.285714285714286,29.5,0.3333333333333333,0.16435935859012782,-0.5657723900176211,0.3200983973062512,1,0.05,1,2.5,7,0.02142857142857143,-4.526179120140969
33,9,Joey Graziadei,Jenna Johnson,TV Personality,United States,29,1,29.5,0.2405396485320248,2.5,1.0,5.0,0.4047618854875292,1.0408329997330819,5.430013613877036,7,0.42857142857142855,6.285714285714286,28.666666666666668,0.3333333333333333,0.16435935859012782,-0.5657723900176211,0.3200983973062512,1,0.05,1,2.5,7,0.02142857142857143,-5.09195151015859
34,1,Corey Feldman,Jenna Johnson,Actor/Actress,United States,54,13,9.0,0.0815341779438608,13.5,7.0,14.0,0.0,0.0,9.17978499297979,8,0.5,5.625,9.0,0.2222222222222222,0.0935374149659864,1.3765085859490178,1.8947758871913645,2,0.047619047619047616,1,-6.5,16,0.023809523809523808,1.3765085859490178
34,2,Corey Feldman,Jenna Johnson,Actor/Actress,United States,54,13,15.0,0.0565167670260849,14.0,10.0,14.0,0.6666665925926009,0.0,9.17978499297979,8,0.5,5.625,12.0,0.2222222222222222,0.0935374149659864,1.3765085859490178,1.8947758871913645,2,0.047619047619047616,1,-6.5,16,0.023809523809523808,2.7530171718980356
34,1,Danielle Fishel,Pasha Pashkov,Actor/Actress,United States,44,8,12.0,0.11735278393079,7.0,4.0,14.0,0.0,0.0,9.17978499297979,6,0.16666666666666666,10.833333333333334,12.0,0.42857142857142855,0.0935374149659864,0.5995961955623622,0.3595155977328585,2,0.047619047619047616,1,-3.0,12,0.007936507936507936,0.5995961955623622
34,2,Danielle Fishel,Pasha Pashkov,Actor/Actress,United States,44,8,19.0,0.095404872397227,10.0,3.0,14.0,0.5833332847222263,4.949747468305833,9.17978499297979,6,0.16666666666666666,10.833333333333334,15.5,0.42857142857142855,0.0935374149659864,0.5995961955623622,0.3595155977328585,2,0.047619047619047616,1,-3.0,12,0.007936507936507936,1.1991923911247244
34,3,Danielle Fishel,Pasha Pashkov,Actor/Actress,United States,44,8,21.0,0.1070865327311373,8.5,1.0,12.0,0.7499999375000053,4.725815626252609,9.17978499297979,6,0.16666666666666666,10.833333333333334,17.333333333333332,0.42857142857142855,0.0935374149659864,0.5995961955623622,0.3595155977328585,2,0.047619047619047616,1,-3.0,12,0.007936507936507936,1.7987885866870865
34,4,Danielle Fishel,Pasha Pashkov,Actor/Actress,United States,44,8,21.0,0.1327388806234507,9.5,1.0,11.0,0.7499999375000053,1.1547005383792548,9.17978499297979,6,0.16666666666666666,10.833333333333334,20.333333333333332,0.42857142857142855,0.0935374149659864,0.5995961955623622,0.3595155977328585,2,0.047619047619047616,1,-3.0,12,0.007936507936507936,2.398384782249449
34,5,Danielle Fishel,Pasha Pashkov,Actor/Actress,United States,44,8,29.0,0.1405773298440106,8.5,4.0,10.0,1.416666548611121,4.618802153517007,9.17978499297979,6,0.16666666666666666,10.833333333333334,23.666666666666668,0.42857142857142855,0.0935374149659864,0.5995961955623622,0.3595155977328585,2,0.047619047619047616,1,-3.0,12,0.007936507936507936,2.997980977811811
34,6,Danielle Fishel,Pasha Pashkov,Actor/Actress,United States,44,8,36.0,0.0882116737741774,4.0,6.0,10.0,1.9999998333333473,7.505553499465135,9.17978499297979,6,0.16666666666666666,10.833333333333334,28.666666666666668,0.42857142857142855,0.0935374149659864,0.5995961955623622,0.3595155977328585,2,0.047619047619047616,1,-3.0,12,0.007936507936507936,3.597577173374173
34,7,Danielle Fishel,Pasha Pashkov,Actor/Actress,United States,44,8,35.0,0.0898729921590736,6.0,8.0,9.0,1.916666506944458,3.78593889720018,9.17978499297979,6,0.16666666666666666,10.833333333333334,33.333333333333336,0.42857142857142855,0.0935374149659864,0.5995961955623622,0.3595155977328585,2,0.047619047619047616,1,-3.0,12,0.007936507936507936,4.197173368936536
34,8,Danielle Fishel,Pasha Pashkov,Actor/Actress,United States,44,8,37.0,0.0969985763083057,7.0,8.0,8.0,2.083333159722237,0.9999999999999876,9.17978499297979,6,0.16666666666666666,10.833333333333334,36.0,0.42857142857142855,0.0935374149659864,0.5995961955623622,0.3595155977328585,2,0.047619047619047616,1,-3.0,12,0.007936507936507936,4.796769564498898
34,1,Elaine Hendrix,Alan Bersten (Rashad Jennings week 9),Actor/Actress,United States,55,5,12.0,0.1275486326415849,7.0,2.0,14.0,0.0,0.0,9.17978499297979,0,0.0,6.0,12.0,1.0,0.0935374149659864,1.4541998249876833,2.114697130994209,2,0.047619047619047616,1,-5.0,0,0.0,1.4541998249876833
34,2,Elaine Hendrix,Alan Bersten (Rashad Jennings week 9),Actor/Actress,United States,55,5,21.0,0.0557060342478533,6.5,11.0,14.0,0.7499999375000053,6.363961030678928,9.17978499297979,0,0.0,6.0,16.5,1.0,0.0935374149659864,1.4541998249876833,2.114697130994209,2,0.047619047619047616,1,-5.0,0,0.0,2.9083996499753666
34,3,Elaine Hendrix,Alan Bersten (Rashad Jennings week 9),Actor/Actress,United States,55,5,21.0,0.0835825444216319,8.5,6.0,12.0,0.7499999375000053,5.196152422706632,9.17978499297979,0,0.0,6.0,18.0,1.0,0.0935374149659864,1.4541998249876833,2.114697130994209,2,0.047619047619047616,1,-5.0,0,0.0,4.36259947496305
34,4,Elaine Hendrix,Alan Bersten (Rashad Jennings week 9),Actor/Actress,United States,55,5,24.0,0.1023880093491704,3.0,5.0,11.0,0.9999999166666736,1.7320508075688772,9.17978499297979,0,0.0,6.0,22.0,1.0,0.0935374149659864,1.4541998249876833,2.114697130994209,2,0.047619047619047616,1,-5.0,0,0.0,5.816799299950733
34,5,Elaine Hendrix,Alan Bersten (Rashad Jennings week 9),Actor/Actress,United States,55,5,30.0,0.1602755165098347,6.5,1.0,10.0,1.4999998750000105,4.58257569495584,9.17978499297979,0,0.0,6.0,25.0,1.0,0.0935374149659864,1.4541998249876833,2.114697130994209,2,0.047619047619047616,1,-5.0,0,0.0,7.270999124938417
34,6,Elaine Hendrix,Alan Bersten (Rashad Jennings week 9),Actor/Actress,United States,55,5,36.0,0.145080930851978,4.0,1.0,10.0,1.9999998333333473,6.0,9.17978499297979,0,0.0,6.0,30.0,1.0,0.0935374149659864,1.4541998249876833,2.114697130994209,2,0.047619047619047616,1,-5.0,0,0.0,8.7251989499261
34,7,Elaine Hendrix,Alan Bersten (Rashad Jennings week 9),Actor/Actress,United States,55,5,32.0,0.1425277551898674,8.0,1.0,9.0,1.6666665277777895,3.055050463303893,9.17978499297979,0,0.0,6.0,32.666666666666664,1.0,0.0935374149659864,1.4541998249876833,2.114697130994209,2,0.047619047619047616,1,-5.0,0,0.0,10.179398774913784
34,8,Elaine Hendrix,Alan Bersten (Rashad Jennings week 9),Actor/Actress,United States,55,5,37.5,0.1313488160696472,6.0,4.0,8.0,2.1249998229166818,2.8431203515386647,9.17978499297979,0,0.0,6.0,35.166666666666664,1.0,0.0935374149659864,1.4541998249876833,2.114697130994209,2,0.047619047619047616,1,-5.0,0,0.0,11.633598599901466
34,9,Elaine Hendrix,Alan Bersten (Rashad Jennings week 9),Actor/Actress,United States,55,5,36.0,0.139750526679696,6.0,5.0,7.0,1.9999998333333473,2.8431203515386647,9.17978499297979,0,0.0,6.0,35.166666666666664,1.0,0.0935374149659864,1.4541998249876833,2.114697130994209,2,0.047619047619047616,1,-5.0,0,0.0,13.087798424889149
34,10,Elaine Hendrix,Alan Bersten (Rashad Jennings week 9),Actor/Actress,United States,55,5,28.5,0.1453179132636805,4.5,5.0,6.0,1.3749998854166763,4.821825380496479,9.17978499297979,0,0.0,6.0,34.0,1.0,0.0935374149659864,1.4541998249876833,2.114697130994209,2,0.047619047619047616,1,-5.0,0,0.0,14.541998249876833
34,11,Elaine Hendrix,Alan Bersten (Rashad Jennings week 9),Actor/Actress,United States,55,5,28.9998,0.1352914270318748,5.0,5.0,5.0,1.4166498819458433,4.193300213435715,9.17978499297979,0,0.0,6.0,31.1666,1.0,0.0935374149659864,1.4541998249876833,2.114697130994209,2,0.047619047619047616,1,-5.0,0,0.0,15.996198074864516
34,1,Baron Davis,Britt Stewart,Athlete,United States,46,13,10.0,0.0414206185792259,10.5,10.0,14.0,0.0,0.0,9.17978499297979,5,0.0,9.4,10.0,0.5,0.0935374149659864,0.7549786736396934,0.5699927976507507,3,0.07692307692307693,1,-0.5,15,0.0,0.7549786736396934
34,2,Baron Davis,Britt Stewart,Athlete,United States,46,13,18.0,0.0481927172021282,11.5,13.0,14.0,0.7999999200000081,0.0,9.17978499297979,5,0.0,9.4,14.0,0.5,0.0935374149659864,0.7549786736396934,0.5699927976507507,3,0.07692307692307693,1,-0.5,15,0.0,1.5099573472793868
34,1,Jordan Chiles,Ezra Sosa (Apolo Anton Ohno week 9),Athlete,United States,24,3,10.0,0.119100920353482,10.5,3.0,14.0,0.0,0.0,9.17978499297979,0,0.0,6.0,10.0,1.0,0.0935374149659864,-0.9542285852109489,0.9105521928336892,3,0.07692307692307693,1,-7.5,0,0.0,-0.9542285852109489
34,2,Jordan Chiles,Ezra Sosa (Apolo Anton Ohno week 9),Athlete,United States,24,3,22.0,0.0733265260584963,2.5,6.0,14.0,1.199999880000012,8.48528137423857,9.17978499297979,0,0.0,6.0,16.0,1.0,0.0935374149659864,-0.9542285852109489,0.9105521928336892,3,0.07692307692307693,1,-7.5,0,0.0,-1.9084571704218978
34,3,Jordan Chiles,Ezra Sosa (Apolo Anton Ohno week 9),Athlete,United States,24,3,24.0,0.0887665074767923,1.5,4.0,12.0,1.399999860000014,7.571877794400365,9.17978499297979,0,0.0,6.0,18.666666666666668,1.0,0.0935374149659864,-0.9542285852109489,0.9105521928336892,3,0.07692307692307693,1,-7.5,0,0.0,-2.862685755632847
34,4,Jordan Chiles,Ezra Sosa (Apolo Anton Ohno week 9),Athlete,United States,24,3,24.0,0.0719351601580449,3.0,7.0,11.0,1.399999860000014,1.1547005383792457,9.17978499297979,0,0.0,6.0,23.333333333333332,1.0,0.0935374149659864,-0.9542285852109489,0.9105521928336892,3,0.07692307692307693,1,-7.5,0,0.0,-3.8169143408437956
34,5,Jordan Chiles,Ezra Sosa (Apolo Anton Ohno week 9),Athlete,United States,24,3,32.0,0.0567257669399943,5.0,8.0,10.0,2.199999780000022,4.618802153517004,9.17978499297979,0,0.0,6.0,26.666666666666668,1.0,0.0935374149659864,-0.9542285852109489,0.9105521928336892,3,0.07692307692307693,1,-7.5,0,0.0,-4.771142926054744
34,6,Jordan Chiles,Ezra Sosa (Apolo Anton Ohno week 9),Athlete,United States,24,3,39.0,0.0875711356134632,1.5,7.0,10.0,2.899999710000029,7.505553499465133,9.17978499297979,0,0.0,6.0,31.666666666666668,1.0,0.0935374149659864,-0.9542285852109489,0.9105521928336892,3,0.07692307692307693,1,-7.5,0,0.0,-5.725371511265694
34,7,Jordan Chiles,Ezra Sosa (Apolo Anton Ohno week 9),Athlete,United States,24,3,38.0,0.1239379621066327,4.5,3.0,9.0,2.799999720000028,3.7859388972001775,9.17978499297979,0,0.0,6.0,36.333333333333336,1.0,0.0935374149659864,-0.9542285852109489,0.9105521928336892,3,0.07692307692307693,1,-7.5,0,0.0,-6.679600096476642
34,8,Jordan Chiles,Ezra Sosa (Apolo Anton Ohno week 9),Athlete,United States,24,3,39.0,0.1331583453932432,2.0,3.0,8.0,2.899999710000029,0.5773502691895863,9.17978499297979,0,0.0,6.0,38.666666666666664,1.0,0.0935374149659864,-0.9542285852109489,0.9105521928336892,3,0.07692307692307693,1,-7.5,0,0.0,-7.633828681687591
34,9,Jordan Chiles,Ezra Sosa (Apolo Anton Ohno week 9),Athlete,United States,24,3,39.0,0.1495435073744036,5.0,3.0,7.0,2.899999710000029,0.5773502691895863,9.17978499297979,0,0.0,6.0,38.666666666666664,1.0,0.0935374149659864,-0.9542285852109489,0.9105521928336892,3,0.07692307692307693,1,-7.5,0,0.0,-8.58805726689854
34,10,Jordan Chiles,Ezra Sosa (Apolo Anton Ohno week 9),Athlete,United States,24,3,28.5,0.1735293260856729,4.5,4.0,6.0,1.8499998150000185,6.062177826491067,9.17978499297979,0,0.0,6.0,35.5,1.0,0.0935374149659864,-0.9542285852109489,0.9105521928336892,3,0.07692307692307693,1,-7.5,0,0.0,-9.542285852109488
34,11,Jordan Chiles,Ezra Sosa (Apolo Anton Ohno week 9),Athlete,United States,24,3,29.666600000000003,0.2172028937528534,2.5,2.0,5.0,1.9666598033340201,5.755045773348226,9.17978499297979,0,0.0,6.0,32.388866666666665,1.0,0.0935374149659864,-0.9542285852109489,0.9105521928336892,3,0.07692307692307693,1,-7.5,0,0.0,-10.496514437320437
34,1,Andy Richter,Emma Slater/Kaitlyn Bristowe (week 9),Comedian,United States,59,7,9.0,0.0035526391184281,13.5,13.0,14.0,0.0,0.0,9.17978499297979,0,0.0,6.0,9.0,1.0,0.0935374149659864,1.7649647811423457,3.115100678672848,1,0.1111111111111111,1,-0.5,0,0.0,1.7649647811423457
34,2,Andy Richter,Emma Slater/Kaitlyn Bristowe (week 9),Comedian,United States,59,7,16.0,0.0618842121159618,13.0,8.0,14.0,0.7777776913580343,4.949747468305833,9.17978499297979,0,0.0,6.0,12.5,1.0,0.0935374149659864,1.7649647811423457,3.115100678672848,1,0.1111111111111111,1,-0.5,0,0.0,3.5299295622846913
34,3,Andy Richter,Emma Slater/Kaitlyn Bristowe (week 9),Comedian,United States,59,7,18.0,0.0735243779038106,11.5,9.0,12.0,0.9999998888889013,4.725815626252608,9.17978499297979,0,0.0,6.0,14.333333333333334,1.0,0.0935374149659864,1.7649647811423457,3.115100678672848,1,0.1111111111111111,1,-0.5,0,0.0,5.294894343427037
34,4,Andy Richter,Emma Slater/Kaitlyn Bristowe (week 9),Comedian,United States,59,7,18.0,0.1050304667966007,11.0,4.0,11.0,0.9999998888889013,1.1547005383792504,9.17978499297979,0,0.0,6.0,17.333333333333332,1.0,0.0935374149659864,1.7649647811423457,3.115100678672848,1,0.1111111111111111,1,-0.5,0,0.0,7.059859124569383
34,5,Andy Richter,Emma Slater/Kaitlyn Bristowe (week 9),Comedian,United States,59,7,24.0,0.152138882685186,10.0,3.0,10.0,1.6666664814815022,3.4641016151377544,9.17978499297979,0,0.0,6.0,20.0,1.0,0.0935374149659864,1.7649647811423457,3.115100678672848,1,0.1111111111111111,1,-0.5,0,0.0,8.824823905711728
34,6,Andy Richter,Emma Slater/Kaitlyn Bristowe (week 9),Comedian,United States,59,7,27.0,0.1126881139454398,10.0,2.0,10.0,1.9999997777778027,4.58257569495584,9.17978499297979,0,0.0,6.0,23.0,1.0,0.0935374149659864,1.7649647811423457,3.115100678672848,1,0.1111111111111111,1,-0.5,0,0.0,10.589788686854074
34,7,Andy Richter,Emma Slater/Kaitlyn Bristowe (week 9),Comedian,United States,59,7,29.0,0.1025115256087591,9.0,5.0,9.0,2.2222219753086696,2.5166114784235827,9.17978499297979,0,0.0,6.0,26.666666666666668,1.0,0.0935374149659864,1.7649647811423457,3.115100678672848,1,0.1111111111111111,1,-0.5,0,0.0,12.354753467996419
34,8,Andy Richter,Emma Slater/Kaitlyn Bristowe (week 9),Comedian,United States,59,7,34.0,0.1093344191133681,8.0,6.0,8.0,2.777777469135837,3.6055512754639887,9.17978499297979,0,0.0,6.0,30.0,1.0,0.0935374149659864,1.7649647811423457,3.115100678672848,1,0.1111111111111111,1,-0.5,0,0.0,14.119718249138765
34,9,Andy Richter,Emma Slater/Kaitlyn Bristowe (week 9),Comedian,United States,59,7,29.0,0.113638739137456,7.0,7.0,7.0,2.2222219753086696,2.8867513459481287,9.17978499297979,0,0.0,6.0,30.666666666666668,1.0,0.0935374149659864,1.7649647811423457,3.115100678672848,1,0.1111111111111111,1,-0.5,0,0.0,15.884683030281112
34,1,Robert Irwin,Witney Carson (Xoshitl Gomez week 9),Conservationist,Australia,22,1,15.0,0.0638766151468249,1.5,8.0,14.0,0.0,0.0,9.17978499297979,0,0.0,6.0,15.0,1.0,0.0935374149659864,-1.10961106328828,1.2312367117717475,2,0.09090909090909091,0,6.5,0,0.0,-1.10961106328828
34,2,Robert Irwin,Witney Carson (Xoshitl Gomez week 9),Conservationist,Australia,22,1,22.0,0.0731949528320591,2.5,7.0,14.0,0.46666663555555765,4.949747468305833,9.17978499297979,0,0.0,6.0,18.5,1.0,0.0935374149659864,-1.10961106328828,1.2312367117717475,2,0.09090909090909091,0,6.5,0,0.0,-2.21922212657656
34,3,Robert Irwin,Witney Carson (Xoshitl Gomez week 9),Conservationist,Australia,22,1,22.0,0.082730438592843,6.0,8.0,12.0,0.46666663555555765,4.041451884327381,9.17978499297979,0,0.0,6.0,19.666666666666668,1.0,0.0935374149659864,-1.10961106328828,1.2312367117717475,2,0.09090909090909091,0,6.5,0,0.0,-3.3288331898648402
34,4,Robert Irwin,Witney Carson (Xoshitl Gomez week 9),Conservationist,Australia,22,1,22.0,0.1165172994612474,8.0,3.0,11.0,0.46666663555555765,0.0,9.17978499297979,0,0.0,6.0,22.0,1.0,0.0935374149659864,-1.10961106328828,1.2312367117717475,2,0.09090909090909091,0,6.5,0,0.0,-4.43844425315312
34,5,Robert Irwin,Witney Carson (Xoshitl Gomez week 9),Conservationist,Australia,22,1,35.0,0.1551607228708919,2.5,2.0,10.0,1.3333332444444503,7.505553499465136,9.17978499297979,0,0.0,6.0,26.333333333333332,1.0,0.0935374149659864,-1.10961106328828,1.2312367117717475,2,0.09090909090909091,0,6.5,0,0.0,-5.548055316441401
34,6,Robert Irwin,Witney Carson (Xoshitl Gomez week 9),Conservationist,Australia,22,1,36.0,0.1094611297643807,4.0,3.0,10.0,1.399999906666673,7.810249675906655,9.17978499297979,0,0.0,6.0,31.0,1.0,0.0935374149659864,-1.10961106328828,1.2312367117717475,2,0.09090909090909091,0,6.5,0,0.0,-6.6576663797296805
34,7,Robert Irwin,Witney Carson (Xoshitl Gomez week 9),Conservationist,Australia,22,1,41.0,0.1009584438382765,3.0,6.0,9.0,1.7333332177777856,3.2145502536643193,9.17978499297979,0,0.0,6.0,37.333333333333336,1.0,0.0935374149659864,-1.10961106328828,1.2312367117717475,2,0.09090909090909091,0,6.5,0,0.0,-7.76727744301796
34,8,Robert Irwin,Witney Carson (Xoshitl Gomez week 9),Conservationist,Australia,22,1,38.0,0.1491341066646442,4.5,1.0,8.0,1.533333231111118,2.516611478423584,9.17978499297979,0,0.0,6.0,38.333333333333336,1.0,0.0935374149659864,-1.10961106328828,1.2312367117717475,2,0.09090909090909091,0,6.5,0,0.0,-8.87688850630624
34,9,Robert Irwin,Witney Carson (Xoshitl Gomez week 9),Conservationist,Australia,22,1,42.0,0.1551220378316983,2.0,2.0,7.0,1.799999880000008,2.081665999466132,9.17978499297979,0,0.0,6.0,40.333333333333336,1.0,0.0935374149659864,-1.10961106328828,1.2312367117717475,2,0.09090909090909091,0,6.5,0,0.0,-9.986499569594521
34,10,Robert Irwin,Witney Carson (Xoshitl Gomez week 9),Conservationist,Australia,22,1,29.5,0.1844504172020013,1.0,2.0,6.0,0.9666666022222266,6.383572667401852,9.17978499297979,0,0.0,6.0,36.5,1.0,0.0935374149659864,-1.10961106328828,1.2312367117717475,2,0.09090909090909091,0,6.5,0,0.0,-11.096110632882802
34,11,Robert Irwin,Witney Carson (Xoshitl Gomez week 9),Conservationist,Australia,22,1,29.666600000000003,0.22833902295861,2.5,1.0,5.0,0.977773268148449,7.169269036659176,9.17978499297979,0,0.0,6.0,33.7222,1.0,0.0935374149659864,-1.10961106328828,1.2312367117717475,2,0.09090909090909091,0,6.5,0,0.0,-12.20572169617108
34,1,Hilaria Baldwin,Gleb Savchenko,Entrepreneur,United States,41,11,14.0,0.1501078004487374,3.0,1.0,14.0,0.0,0.0,9.17978499297979,12,0.0,8.25,14.0,0.07692307692307693,0.0935374149659864,0.3665224784463656,0.13433872720646653,1,0.25,1,-2.0,12,0.0,0.3665224784463656
34,2,Hilaria Baldwin,Gleb Savchenko,Entrepreneur,United States,41,11,21.0,0.0894193011481013,6.5,4.0,14.0,0.49999996428571686,4.949747468305833,9.17978499297979,12,0.0,8.25,17.5,0.07692307692307693,0.0935374149659864,0.3665224784463656,0.13433872720646653,1,0.25,1,-2.0,12,0.0,0.7330449568927312
34,3,Hilaria Baldwin,Gleb Savchenko,Entrepreneur,United States,41,11,22.0,0.0728002993058853,6.0,10.0,12.0,0.5714285306122479,4.358898943540674,9.17978499297979,12,0.0,8.25,19.0,0.07692307692307693,0.0935374149659864,0.3665224784463656,0.13433872720646653,1,0.25,1,-2.0,12,0.0,1.0995674353390967
34,4,Hilaria Baldwin,Gleb Savchenko,Entrepreneur,United States,41,11,23.0,0.0609365376703977,6.0,11.0,11.0,0.6428570969387788,1.0,9.17978499297979,12,0.0,8.25,22.0,0.07692307692307693,0.0935374149659864,0.3665224784463656,0.13433872720646653,1,0.25,1,-2.0,12,0.0,1.4660899137854624
34,1,Lauren Jauregui,Brandon Armstrong,Singer/Rapper,United States,29,12,13.0,0.0546203191360232,4.5,9.0,14.0,0.0,0.0,9.17978499297979,7,0.14285714285714285,8.714285714285714,13.0,0.5,0.0935374149659864,-0.5657723900176211,0.3200983973062512,2,0.1111111111111111,1,4.5,14,0.015873015873015872,-0.5657723900176211
34,2,Lauren Jauregui,Brandon Armstrong,Singer/Rapper,United States,29,12,21.0,0.0339007406698107,6.5,14.0,14.0,0.615384568047341,5.656854249492381,9.17978499297979,7,0.14285714285714285,8.714285714285714,17.0,0.5,0.0935374149659864,-0.5657723900176211,0.3200983973062512,2,0.1111111111111111,1,4.5,14,0.015873015873015872,-1.1315447800352423
34,3,Lauren Jauregui,Brandon Armstrong,Singer/Rapper,United States,29,12,18.0,0.0685706242415365,11.5,11.0,12.0,0.3846153550295881,4.041451884327381,9.17978499297979,7,0.14285714285714285,8.714285714285714,17.333333333333332,0.5,0.0935374149659864,-0.5657723900176211,0.3200983973062512,2,0.1111111111111111,1,4.5,14,0.015873015873015872,-1.6973171700528633
34,1,Scott Hoying,Rylee Arnold,Singer/Rapper,United States,34,10,10.0,0.0089455889184395,10.5,12.0,14.0,0.0,0.0,9.17978499297979,2,0.0,5.0,10.0,0.3333333333333333,0.0935374149659864,-0.1773161948242933,0.03144103294696674,2,0.1111111111111111,1,1.5,4,0.0,-0.1773161948242933
34,2,Scott Hoying,Rylee Arnold,Singer/Rapper,United States,34,10,18.0,0.1138849204835255,11.5,1.0,14.0,0.7999999200000081,5.656854249492381,9.17978499297979,2,0.0,5.0,14.0,0.3333333333333333,0.0935374149659864,-0.1773161948242933,0.03144103294696674,2,0.1111111111111111,1,1.5,4,0.0,-0.3546323896485866
34,3,Scott Hoying,Rylee Arnold,Singer/Rapper,United States,34,10,22.0,0.0971289889694096,6.0,2.0,12.0,1.199999880000012,6.110100926607786,9.17978499297979,2,0.0,5.0,16.666666666666668,0.3333333333333333,0.0935374149659864,-0.1773161948242933,0.03144103294696674,2,0.1111111111111111,1,1.5,4,0.0,-0.53194858447288
34,4,Scott Hoying,Rylee Arnold,Singer/Rapper,United States,34,10,21.0,0.0841715631513592,9.5,6.0,11.0,1.099999890000011,2.0816659994661295,9.17978499297979,2,0.0,5.0,20.333333333333332,0.3333333333333333,0.0935374149659864,-0.1773161948242933,0.03144103294696674,2,0.1111111111111111,1,1.5,4,0.0,-0.7092647792971732
34,5,Scott Hoying,Rylee Arnold,Singer/Rapper,United States,34,10,30.0,0.0579290355804119,6.5,7.0,10.0,1.99999980000002,4.932882862316247,9.17978499297979,2,0.0,5.0,24.333333333333332,0.3333333333333333,0.0935374149659864,-0.1773161948242933,0.03144103294696674,2,0.1111111111111111,1,1.5,4,0.0,-0.8865809741214665
34,6,Scott Hoying,Rylee Arnold,Singer/Rapper,United States,34,10,28.0,0.0855651963828276,9.0,9.0,10.0,1.7999998200000182,4.725815626252608,9.17978499297979,2,0.0,5.0,26.333333333333332,0.3333333333333333,0.0935374149659864,-0.1773161948242933,0.03144103294696674,2,0.1111111111111111,1,1.5,4,0.0,-1.06389716894576
34,1,Alix Earle,Val Chmerkovskiy (Joey Graziadei week 9),Social media personality,United States,24,2,13.0,0.0356752790407106,4.5,11.0,14.0,0.0,0.0,9.17978499297979,0,0.0,6.0,13.0,1.0,0.0935374149659864,-0.9542285852109489,0.9105521928336892,2,0.09090909090909091,1,6.5,0,0.0,-0.9542285852109489
34,2,Alix Earle,Val Chmerkovskiy (Joey Graziadei week 9),Social media personality,United States,24,2,21.0,0.0541769601325028,6.5,12.0,14.0,0.615384568047341,5.656854249492381,9.17978499297979,0,0.0,6.0,17.0,1.0,0.0935374149659864,-0.9542285852109489,0.9105521928336892,2,0.09090909090909091,1,6.5,0,0.0,-1.9084571704218978
34,3,Alix Earle,Val Chmerkovskiy (Joey Graziadei week 9),Social media personality,United States,24,2,23.0,0.0831988354277626,3.5,7.0,12.0,0.7692307100591762,5.291502622129181,9.17978499297979,0,0.0,6.0,19.0,1.0,0.0935374149659864,-0.9542285852109489,0.9105521928336892,2,0.09090909090909091,1,6.5,0,0.0,-2.862685755632847
34,4,Alix Earle,Val Chmerkovskiy (Joey Graziadei week 9),Social media personality,United States,24,2,24.0,0.0647622772575291,3.0,9.0,11.0,0.8461537810650938,1.5275252316519463,9.17978499297979,0,0.0,6.0,22.666666666666668,1.0,0.0935374149659864,-0.9542285852109489,0.9105521928336892,2,0.09090909090909091,1,6.5,0,0.0,-3.8169143408437956
34,5,Alix Earle,Val Chmerkovskiy (Joey Graziadei week 9),Social media personality,United States,24,2,35.0,0.0860986971538614,2.5,6.0,10.0,1.6923075621301875,6.658328118479393,9.17978499297979,0,0.0,6.0,27.333333333333332,1.0,0.0935374149659864,-0.9542285852109489,0.9105521928336892,2,0.09090909090909091,1,6.5,0,0.0,-4.771142926054744
34,6,Alix Earle,Val Chmerkovskiy (Joey Graziadei week 9),Social media personality,United States,24,2,35.0,0.1013841574141962,6.0,4.0,10.0,1.6923075621301875,6.350852961085884,9.17978499297979,0,0.0,6.0,31.333333333333332,1.0,0.0935374149659864,-0.9542285852109489,0.9105521928336892,2,0.09090909090909091,1,6.5,0,0.0,-5.725371511265694
34,7,Alix Earle,Val Chmerkovskiy (Joey Graziadei week 9),Social media personality,United States,24,2,43.0,0.132748619348572,1.0,2.0,9.0,2.3076921301775286,4.618802153517009,9.17978499297979,0,0.0,6.0,37.666666666666664,1.0,0.0935374149659864,-0.9542285852109489,0.9105521928336892,2,0.09090909090909091,1,6.5,0,0.0,-6.679600096476642
34,8,Alix Earle,Val Chmerkovskiy (Joey Graziadei week 9),Social media personality,United States,24,2,38.5,0.1489047786209029,3.0,2.0,8.0,1.9615383106508992,4.0104031385053265,9.17978499297979,0,0.0,6.0,38.833333333333336,1.0,0.0935374149659864,-0.9542285852109489,0.9105521928336892,2,0.09090909090909091,1,6.5,0,0.0,-7.633828681687591
34,9,Alix Earle,Val Chmerkovskiy (Joey Graziadei week 9),Social media personality,United States,24,2,40.0,0.1725337692714272,4.0,1.0,7.0,2.076922917159776,2.291287847477927,9.17978499297979,0,0.0,6.0,40.5,1.0,0.0935374149659864,-0.9542285852109489,0.9105521928336892,2,0.09090909090909091,1,6.5,0,0.0,-8.58805726689854
34,10,Alix Earle,Val Chmerkovskiy (Joey Graziadei week 9),Social media personality,United States,24,2,29.0,0.1932544431179902,2.5,1.0,6.0,1.230769136094682,5.96517672272443,9.17978499297979,0,0.0,6.0,35.833333333333336,1.0,0.0935374149659864,-0.9542285852109489,0.9105521928336892,2,0.09090909090909091,1,6.5,0,0.0,-9.542285852109488
34,11,Alix Earle,Val Chmerkovskiy (Joey Graziadei week 9),Social media personality,United States,24,2,30.0,0.2070664897445101,1.0,4.0,5.0,1.3076922071005996,6.082762530298223,9.17978499297979,0,0.0,6.0,33.0,1.0,0.0935374149659864,-0.9542285852109489,0.9105521928336892,2,0.09090909090909091,1,6.5,0,0.0,-10.496514437320437
34,1,Jen Affleck,Jan Ravnik,TV Personality,United States,26,9,12.0,0.0026669521622414,7.0,14.0,14.0,0.0,0.0,9.17978499297979,0,0.0,6.0,12.0,1.0,0.0935374149659864,-0.7988461071336178,0.6381551028825356,1,0.03571428571428571,1,7.0,0,0.0,-0.7988461071336178
34,2,Jen Affleck,Jan Ravnik,TV Personality,United States,26,9,22.0,0.0611317020101108,2.5,9.0,14.0,0.8333332638888947,7.0710678118654755,9.17978499297979,0,0.0,6.0,17.0,1.0,0.0935374149659864,-0.7988461071336178,0.6381551028825356,1,0.03571428571428571,1,7.0,0,0.0,-1.5976922142672356
34,3,Jen Affleck,Jan Ravnik,TV Personality,United States,26,9,19.0,0.0651003290948461,10.0,12.0,12.0,0.5833332847222263,5.131601439446884,9.17978499297979,0,0.0,6.0,17.666666666666668,1.0,0.0935374149659864,-0.7988461071336178,0.6381551028825356,1,0.03571428571428571,1,7.0,0,0.0,-2.3965383214008535
34,4,Jen Affleck,Jan Ravnik,TV Personality,United States,26,9,23.0,0.0704032602512839,6.0,8.0,11.0,0.9166665902777842,2.0816659994661313,9.17978499297979,0,0.0,6.0,21.333333333333332,1.0,0.0935374149659864,-0.7988461071336178,0.6381551028825356,1,0.03571428571428571,1,7.0,0,0.0,-3.1953844285344712
34,5,Jen Affleck,Jan Ravnik,TV Personality,United States,26,9,29.0,0.0155646055874375,8.5,10.0,10.0,1.416666548611121,5.033222956847165,9.17978499297979,0,0.0,6.0,23.666666666666668,1.0,0.0935374149659864,-0.7988461071336178,0.6381551028825356,1,0.03571428571428571,1,7.0,0,0.0,-3.994230535668089
34,6,Jen Affleck,Jan Ravnik,TV Personality,United States,26,9,32.0,0.0981286775367613,7.5,5.0,10.0,1.6666665277777895,4.582575694955838,9.17978499297979,0,0.0,6.0,28.0,1.0,0.0935374149659864,-0.7988461071336178,0.6381551028825356,1,0.03571428571428571,1,7.0,0,0.0,-4.793076642801707
34,7,Jen Affleck,Jan Ravnik,TV Personality,United States,26,9,34.0,0.0873190815367252,7.0,9.0,9.0,1.8333331805555684,2.51661147842358,9.17978499297979,0,0.0,6.0,31.666666666666668,1.0,0.0935374149659864,-0.7988461071336178,0.6381551028825356,1,0.03571428571428571,1,7.0,0,0.0,-5.591922749935325
34,1,Whitney Leavitt,Mark Ballas,TV Personality,United States,32,6,15.0,0.1005597976288942,1.5,5.0,14.0,0.0,0.0,9.17978499297979,20,0.5,5.15,15.0,0.2857142857142857,0.0935374149659864,-0.3326986729016244,0.11068840695050207,1,0.03571428571428571,1,3.5,20,0.017857142857142856,-0.3326986729016244
34,2,Whitney Leavitt,Mark Ballas,TV Personality,United States,32,6,22.0,0.1038553710608438,2.5,2.0,14.0,0.46666663555555765,4.949747468305833,9.17978499297979,20,0.5,5.15,18.5,0.2857142857142857,0.0935374149659864,-0.3326986729016244,0.11068840695050207,1,0.03571428571428571,1,3.5,20,0.017857142857142856,-0.6653973458032488
34,3,Whitney Leavitt,Mark Ballas,TV Personality,United States,32,6,24.0,0.0875221504914065,1.5,5.0,12.0,0.5999999600000027,4.725815626252609,9.17978499297979,20,0.5,5.15,20.333333333333332,0.2857142857142857,0.0935374149659864,-0.3326986729016244,0.11068840695050207,1,0.03571428571428571,1,3.5,20,0.017857142857142856,-0.9980960187048733
34,4,Whitney Leavitt,Mark Ballas,TV Personality,United States,32,6,25.0,0.0642365636102115,1.0,10.0,11.0,0.6666666222222252,1.5275252316519485,9.17978499297979,20,0.5,5.15,23.666666666666668,0.2857142857142857,0.0935374149659864,-0.3326986729016244,0.11068840695050207,1,0.03571428571428571,1,3.5,20,0.017857142857142856,-1.3307946916064977
34,5,Whitney Leavitt,Mark Ballas,TV Personality,United States,32,6,33.0,0.0538424984300709,4.0,9.0,10.0,1.1999999200000053,4.932882862316248,9.17978499297979,20,0.5,5.15,27.333333333333332,0.2857142857142857,0.0935374149659864,-0.3326986729016244,0.11068840695050207,1,0.03571428571428571,1,3.5,20,0.017857142857142856,-1.663493364508122
34,6,Whitney Leavitt,Mark Ballas,TV Personality,United States,32,6,39.0,0.084449633411679,1.5,10.0,10.0,1.5999998933333406,7.023769168568493,9.17978499297979,20,0.5,5.15,32.333333333333336,0.2857142857142857,0.0935374149659864,-0.3326986729016244,0.11068840695050207,1,0.03571428571428571,1,3.5,20,0.017857142857142856,-1.9961920374097466
34,7,Whitney Leavitt,Mark Ballas,TV Personality,United States,32,6,42.0,0.1220701107150593,2.0,4.0,9.0,1.799999880000008,4.582575694955839,9.17978499297979,20,0.5,5.15,38.0,0.2857142857142857,0.0935374149659864,-0.3326986729016244,0.11068840695050207,1,0.03571428571428571,1,3.5,20,0.017857142857142856,-2.328890710311371
34,8,Whitney Leavitt,Mark Ballas,TV Personality,United States,32,6,39.5,0.1248585541021792,1.0,5.0,8.0,1.6333332244444518,1.6072751268321566,9.17978499297979,20,0.5,5.15,40.166666666666664,0.2857142857142857,0.0935374149659864,-0.3326986729016244,0.11068840695050207,1,0.03571428571428571,1,3.5,20,0.017857142857142856,-2.6615893832129953
34,9,Whitney Leavitt,Mark Ballas,TV Personality,United States,32,6,42.0,0.1286763765224424,2.0,6.0,7.0,1.799999880000008,1.4433756729740628,9.17978499297979,20,0.5,5.15,41.166666666666664,0.2857142857142857,0.0935374149659864,-0.3326986729016244,0.11068840695050207,1,0.03571428571428571,1,3.5,20,0.017857142857142856,-2.9942880561146197
34,10,Whitney Leavitt,Mark Ballas,TV Personality,United States,32,6,29.0,0.1293224463854955,2.5,6.0,6.0,0.9333332711111153,6.898067362191626,9.17978499297979,20,0.5,5.15,36.833333333333336,0.2857142857142857,0.0935374149659864,-0.3326986729016244,0.11068840695050207,1,0.03571428571428571,1,3.5,20,0.017857142857142856,-3.326986729016244
34,1,Dylan Efron,Daniella Karagach (Rumer Willis week 9),TV Personality,United States,33,4,10.0,0.0930378749507566,10.5,6.0,14.0,0.0,0.0,9.17978499297979,0,0.0,6.0,10.0,1.0,0.0935374149659864,-0.2550074338629589,0.06502879132537134,1,0.03571428571428571,1,-4.5,0,0.0,-0.2550074338629589
34,2,Dylan Efron,Daniella Karagach (Rumer Willis week 9),TV Personality,United States,33,4,20.0,0.0794049226152936,9.0,5.0,14.0,0.99999990000001,7.0710678118654755,9.17978499297979,0,0.0,6.0,15.0,1.0,0.0935374149659864,-0.2550074338629589,0.06502879132537134,1,0.03571428571428571,1,-4.5,0,0.0,-0.5100148677259178
34,3,Dylan Efron,Daniella Karagach (Rumer Willis week 9),TV Personality,United States,33,4,23.0,0.089988371342938,3.5,3.0,12.0,1.299999870000013,6.8068592855540455,9.17978499297979,0,0.0,6.0,17.666666666666668,1.0,0.0935374149659864,-0.2550074338629589,0.06502879132537134,1,0.03571428571428571,1,-4.5,0,0.0,-0.7650223015888766
34,4,Dylan Efron,Daniella Karagach (Rumer Willis week 9),TV Personality,United States,33,4,23.0,0.1268799816707039,6.0,2.0,11.0,1.299999870000013,1.7320508075688732,9.17978499297979,0,0.0,6.0,22.0,1.0,0.0935374149659864,-0.2550074338629589,0.06502879132537134,1,0.03571428571428571,1,-4.5,0,0.0,-1.0200297354518355
34,5,Dylan Efron,Daniella Karagach (Rumer Willis week 9),TV Personality,United States,33,4,36.0,0.1216869443983002,1.0,5.0,10.0,2.599999740000026,7.505553499465135,9.17978499297979,0,0.0,6.0,27.333333333333332,1.0,0.0935374149659864,-0.2550074338629589,0.06502879132537134,1,0.03571428571428571,1,-4.5,0,0.0,-1.2750371693147944
34,6,Dylan Efron,Daniella Karagach (Rumer Willis week 9),TV Personality,United States,33,4,32.0,0.0874593513050964,7.5,8.0,10.0,2.199999780000022,6.658328118479393,9.17978499297979,0,0.0,6.0,30.333333333333332,1.0,0.0935374149659864,-0.2550074338629589,0.06502879132537134,1,0.03571428571428571,1,-4.5,0,0.0,-1.5300446031777533
34,7,Dylan Efron,Daniella Karagach (Rumer Willis week 9),TV Personality,United States,33,4,38.0,0.098053509497034,4.5,7.0,9.0,2.799999720000028,3.0550504633038935,9.17978499297979,0,0.0,6.0,35.333333333333336,1.0,0.0935374149659864,-0.2550074338629589,0.06502879132537134,1,0.03571428571428571,1,-4.5,0,0.0,-1.7850520370407121
34,8,Dylan Efron,Daniella Karagach (Rumer Willis week 9),TV Personality,United States,33,4,38.0,0.1062624037277091,4.5,7.0,8.0,2.799999720000028,3.4641016151377553,9.17978499297979,0,0.0,6.0,36.0,1.0,0.0935374149659864,-0.2550074338629589,0.06502879132537134,1,0.03571428571428571,1,-4.5,0,0.0,-2.040059470903671
34,9,Dylan Efron,Daniella Karagach (Rumer Willis week 9),TV Personality,United States,33,4,42.0,0.1407350431828762,2.0,4.0,7.0,3.1999996800000323,2.309401076758503,9.17978499297979,0,0.0,6.0,39.333333333333336,1.0,0.0935374149659864,-0.2550074338629589,0.06502879132537134,1,0.03571428571428571,1,-4.5,0,0.0,-2.29506690476663
34,10,Dylan Efron,Daniella Karagach (Rumer Willis week 9),TV Personality,United States,33,4,27.5,0.1741254539451593,6.0,3.0,6.0,1.7499998250000177,7.488880646220324,9.17978499297979,0,0.0,6.0,35.833333333333336,1.0,0.0935374149659864,-0.2550074338629589,0.06502879132537134,1,0.03571428571428571,1,-4.5,0,0.0,-2.5500743386295888
34,11,Dylan Efron,Daniella Karagach (Rumer Willis week 9),TV Personality,United States,33,4,29.3332,0.2121001665121515,4.0,3.0,5.0,1.9333198066680197,7.895763046089973,9.17978499297979,0,0.0,6.0,32.9444,1.0,0.0935374149659864,-0.2550074338629589,0.06502879132537134,1,0.03571428571428571,1,-4.5,0,0.0,-2.8050817724925476
